DEPTH_FT,ROP_FTHR,WOB_KLBS,RPM,TORQUE,PUMP_PSI,FLOW_IN_GPM,FLOW_OUT_PCT,HOOKLOAD_KLBS,PIT_TOTAL_BBL,TEMP_IN_F,TEMP_OUT_F,WH_PRESSURE_PSI
85.18,56.8,0.0,151.09,8.93,463.72,1109.58,101.61,31.77,274.83,90.87,93.49,-1230.69
86.18,61.14,0.0,151.09,8.93,459.53,1108.36,101.7,31.01,274.83,90.83,93.52,-1230.69
87.23,18.58,0.0,61.54,9.01,454.57,1102.87,96.81,31.01,273.8,90.91,94.25,-1230.69
88.26,38.29,0.0,60.23,8.97,451.14,1101.04,96.67,31.16,273.79,91.14,94.44,-1230.69
89.36,394.38,0.0,61.75,8.97,456.09,1102.46,96.63,31.54,273.8,91.18,94.48,-1230.69
90.39,413.16,0.0,61.99,8.97,452.28,1101.85,96.58,30.24,273.79,91.18,94.52,-1230.69
91.39,450.72,0.76,62.07,8.97,454.19,1102.06,96.72,29.33,273.8,91.21,94.52,-1230.69
92.39,600.96,0.0,61.95,9.01,452.66,1102.26,96.81,31.01,273.79,91.21,94.52,-1230.69
93.49,399.5,0.0,61.42,8.97,448.85,1099.21,96.44,30.93,273.8,91.25,94.55,-1230.69
94.59,563.4,0.0,59.57,9.01,452.66,1102.87,95.93,30.78,273.79,91.29,94.55,-1230.69
95.65,638.52,0.0,59.33,9.01,452.28,1103.48,95.74,31.08,273.79,91.29,94.55,-1230.69
96.68,743.69,0.0,58.67,8.97,448.47,1100.43,95.53,31.46,273.79,91.29,94.55,-1230.69
97.75,348.28,2.13,56.05,8.97,452.28,1103.28,96.07,27.96,273.79,91.37,94.55,-1230.69
99.5,100.0,0.0,0.0,8.74,19.94,0.0,25.11,40.61,279.64,93.24,90.89,-1231.45
101.35,147.35,0.0,0.0,8.74,139.28,469.14,38.44,37.95,278.58,93.27,90.89,-1231.45
102.51,54.86,0.0,53.92,8.82,383.66,1068.03,81.34,37.56,275.49,93.16,90.78,-1231.45
103.51,180.29,0.0,0.0,8.82,385.18,1068.02,83.65,35.81,275.44,93.16,90.78,-1231.45
104.57,106.42,0.0,0.0,8.78,384.8,1065.78,83.32,36.12,275.42,93.16,90.67,-1231.45
105.67,147.35,0.0,61.38,8.82,386.33,1062.73,80.92,36.19,275.81,93.04,86.81,-1231.07
106.76,492.98,0.0,61.42,8.82,384.8,1066.8,82.6,36.8,275.81,93.08,86.93,-1231.07
107.92,694.86,0.0,69.53,8.82,387.47,1067.21,82.83,36.27,275.99,93.04,86.89,-1231.07
109.11,611.7,0.0,75.19,8.82,387.09,1063.95,80.15,36.95,275.86,93.08,86.62,-1231.07
110.27,833.83,0.0,82.32,8.82,384.42,1066.39,80.15,35.43,275.84,93.08,86.47,-1231.07
111.33,766.22,0.0,85.11,8.82,384.04,1064.77,79.8,35.89,275.61,93.08,86.4,-1231.07
112.37,694.86,0.0,88.43,8.78,389.76,1067.21,78.12,35.51,275.62,93.08,86.24,-1231.07
113.37,515.1,0.0,82.28,8.82,388.23,1067.61,78.64,31.92,275.81,93.08,85.94,-1231.45
114.5,368.77,2.82,97.45,8.82,386.33,1066.39,79.22,27.27,275.81,93.08,85.86,-1231.07
115.53,247.9,0.0,99.25,8.82,387.47,1069.44,80.17,34.36,275.82,93.08,85.25,-1231.45
116.56,492.97,0.0,92.49,8.82,385.56,1069.65,80.17,33.22,275.81,93.08,84.91,-1231.45
117.63,348.28,0.61,89.82,8.82,390.9,1073.92,79.64,29.48,275.81,93.12,84.76,-1231.07
118.69,294.7,0.0,83.27,8.82,387.47,1073.92,81.27,33.14,275.54,93.08,84.41,-1231.07
119.69,450.72,0.0,83.1,8.82,390.14,1074.73,81.13,34.36,275.54,93.12,84.22,-1231.07
120.72,619.74,0.0,79.54,8.82,384.8,1072.9,83.37,34.82,275.54,93.12,84.07,-1231.07
121.73,25.75,0.0,34.03,8.78,356.97,1013.96,99.84,38.4,269.32,93.31,91.89,-1231.45
122.73,171.71,0.0,45.18,8.82,341.34,986.74,98.33,37.56,267.78,93.35,92.42,-1231.07
123.82,187.8,0.0,122.0,8.82,304.74,932.62,93.39,36.73,266.57,93.39,92.88,-1231.45
124.86,371.84,0.0,132.42,8.78,299.78,927.32,92.08,35.28,265.97,93.35,92.99,-1231.45
125.86,200.32,0.0,106.34,8.82,297.88,924.67,93.48,37.26,265.66,93.39,92.95,-1231.07
126.89,127.71,0.0,47.27,8.93,296.35,924.88,88.59,37.41,263.81,93.58,93.18,-1231.45
127.99,197.19,0.0,46.17,8.93,298.64,918.17,85.28,38.56,263.79,93.62,93.11,-1231.45
129.05,147.35,0.0,33.17,8.97,321.13,977.91,87.54,31.46,263.42,93.62,92.99,-1231.07
130.11,212.84,0.0,58.92,8.97,321.89,977.28,84.28,34.44,262.8,93.65,93.14,-1231.07
132.05,676.09,0.0,116.76,8.67,419.49,1068.07,89.73,38.17,279.86,93.16,89.25,-1231.45
133.3,751.2,0.0,121.59,8.63,422.16,1069.08,90.17,38.4,279.87,93.16,89.41,-1231.07
134.33,137.72,0.0,127.66,8.63,420.26,1072.54,90.47,36.8,279.87,93.16,89.71,-1231.45
135.34,348.28,0.0,124.26,8.67,423.31,1071.32,90.89,34.67,279.86,93.16,89.79,-1231.45
136.34,492.98,0.0,122.66,8.67,426.74,1076.2,89.15,30.55,279.87,93.2,89.83,-1231.45
137.34,450.71,0.0,124.22,8.67,423.31,1073.36,89.47,37.11,279.87,93.16,89.9,-1231.45
138.43,563.39,0.0,129.09,8.67,423.31,1073.16,89.85,36.95,279.88,93.16,89.98,-1231.07
139.56,676.08,0.0,129.71,8.67,426.74,1079.86,88.84,32.76,279.87,93.16,90.05,-1231.45
140.56,721.15,0.0,125.57,8.67,426.36,1078.64,89.15,36.27,279.86,93.16,90.02,-1231.45
141.69,676.08,0.0,122.21,8.67,426.74,1079.46,88.47,40.77,279.88,93.16,90.02,-1231.45
142.85,833.85,0.0,124.63,8.67,426.36,1083.73,89.33,42.29,279.86,93.16,90.05,-1231.45
144.13,513.32,0.0,130.69,8.67,430.55,1084.95,90.08,38.86,279.17,93.16,90.28,-1231.45
145.32,713.64,0.0,129.83,8.67,427.5,1085.36,89.87,37.41,278.89,93.12,90.28,-1231.45
146.35,619.74,0.0,124.75,8.7,430.93,1086.98,91.83,39.32,278.58,93.12,90.09,-1231.07
147.42,478.89,0.0,120.49,8.67,429.03,1087.19,91.38,41.38,278.34,93.12,89.94,-1231.07
148.64,732.42,0.0,116.88,8.67,429.41,1086.99,90.73,40.92,278.18,93.12,89.75,-1231.45
149.77,507.06,0.0,110.61,8.67,433.98,1088.82,91.43,38.78,278.04,93.12,89.45,-1231.45
150.95,713.64,0.0,110.28,8.7,428.26,1087.59,91.45,37.64,277.98,93.12,89.25,-1231.45
151.96,515.11,0.0,117.49,8.7,430.17,1087.6,90.85,42.6,277.94,93.12,88.99,-1231.45
153.05,788.75,0.0,117.95,8.67,431.69,1087.19,90.75,40.92,277.94,93.12,88.84,-1231.07
154.12,547.3,0.0,111.02,8.7,426.74,1086.17,91.29,41.76,277.92,93.12,88.72,-1231.45
155.37,901.44,0.0,120.49,8.7,426.36,1084.95,91.73,38.1,277.92,93.12,88.68,-1231.45
156.37,721.14,0.0,120.36,8.7,426.74,1081.7,91.78,32.15,277.9,93.08,88.68,-1231.45
157.62,375.6,0.0,121.59,8.7,427.88,1085.36,92.36,31.24,277.91,93.08,88.68,-1231.45
158.75,187.8,0.0,116.59,8.51,385.94,1007.82,85.18,47.93,257.92,94.87,89.29,-1231.45
159.75,360.58,0.0,122.95,8.51,381.37,1005.99,83.3,48.77,257.89,94.87,89.41,-1231.45
160.81,191.56,0.0,107.08,8.55,383.66,1005.79,84.88,49.84,257.58,94.87,89.71,-1231.45
161.84,119.95,0.0,94.33,8.51,380.23,1003.55,86.16,47.4,257.06,94.84,90.05,-1231.83
162.88,97.85,0.0,69.0,8.55,382.89,1001.11,84.81,41.07,256.74,94.84,91.43,-1231.83
163.91,82.63,0.0,101.06,8.55,375.65,995.21,81.97,45.49,256.53,94.87,92.19,-1231.83
164.91,124.33,0.0,108.03,8.59,379.46,996.43,83.79,48.7,256.17,94.87,92.23,-1231.45
165.94,103.29,0.0,124.95,8.63,376.79,995.01,82.88,49.15,256.18,94.91,93.11,-1231.83
166.95,138.68,0.0,128.73,8.59,376.79,993.99,82.78,47.1,255.57,94.95,94.55,-1231.83
167.98,80.83,0.0,126.02,8.59,375.65,992.77,85.98,45.72,254.32,95.03,95.89,-1231.83
169.01,61.97,0.0,110.61,8.63,376.79,993.18,88.49,47.4,253.19,95.14,96.96,-1231.45
170.01,119.72,0.0,116.59,8.63,378.32,995.62,89.73,43.28,252.84,95.18,97.15,-1231.83
171.05,109.37,0.0,123.81,8.63,379.08,993.99,89.78,44.2,252.47,95.22,97.18,-1231.45
172.05,106.59,0.0,113.19,8.63,376.03,992.16,90.12,44.96,251.09,95.26,97.11,-1231.45
173.05,63.26,0.0,116.18,8.67,376.03,992.97,93.57,48.01,249.97,95.33,97.15,-1231.45
174.05,116.31,0.0,108.76,8.7,374.51,991.14,95.25,47.1,249.52,95.41,97.15,-1231.83
175.05,185.92,0.0,109.91,8.7,373.36,990.53,95.27,46.71,249.14,95.41,97.11,-1231.83
176.09,84.51,0.0,113.56,8.7,372.6,987.49,96.37,48.32,248.47,95.45,97.03,-1231.45
177.09,133.55,0.0,116.96,8.74,376.03,988.1,95.48,48.7,247.34,95.52,97.03,-1231.83
178.09,150.24,0.0,113.93,8.74,376.03,987.49,92.66,48.54,247.26,95.52,97.03,-1231.45
179.15,112.68,0.0,113.89,8.78,373.36,987.28,94.97,48.7,246.31,95.56,96.96,-1231.45
180.15,112.68,0.0,100.73,8.78,376.03,989.31,95.86,47.48,246.16,95.6,97.03,-1231.45
181.16,97.45,0.0,85.6,8.78,372.98,990.53,96.7,45.95,245.16,95.67,97.26,-1231.45
182.19,132.8,0.0,89.7,8.82,371.46,988.7,96.65,47.93,244.29,95.71,97.34,-1231.83
183.19,133.54,0.0,108.15,8.82,374.51,989.72,97.42,48.62,243.38,95.71,97.41,-1231.83
184.22,143.02,0.0,81.91,8.82,377.18,990.33,96.74,48.54,243.28,95.75,97.3,-1231.83
185.26,153.25,0.0,87.65,8.78,371.08,987.07,96.3,48.01,242.71,95.79,97.3,-1231.45
186.26,212.1,0.0,82.73,8.78,370.69,986.87,98.75,47.32,242.14,95.79,97.26,-1231.83
187.26,80.13,0.0,117.7,8.78,374.13,988.29,98.77,41.53,241.48,95.87,97.11,-1231.83
188.26,68.41,0.0,113.72,8.74,374.51,987.48,97.86,48.47,240.08,95.87,97.07,-1231.83
189.29,185.92,0.0,101.75,8.7,372.6,987.68,100.21,46.56,239.67,95.87,97.11,-1231.83
190.33,66.4,0.0,154.14,8.67,374.51,987.68,96.32,48.77,238.46,95.94,97.11,-1231.45
191.33,200.33,0.0,93.6,8.63,374.89,990.12,98.26,41.99,237.94,95.94,97.15,-1231.45
192.39,87.07,0.0,47.23,8.63,376.41,991.13,99.66,49.31,236.34,95.98,97.34,-1231.45
193.39,91.21,0.0,98.23,8.63,375.27,993.17,96.72,49.46,235.49,96.06,97.45,-1231.83
194.4,240.39,0.0,83.22,8.67,375.27,993.58,96.0,50.22,235.22,96.06,97.45,-1231.83
195.43,95.34,0.0,87.37,8.67,371.46,988.29,94.53,49.69,236.45,96.09,97.41,-1231.83
196.54,450.72,0.0,0.0,8.25,394.33,1018.42,95.41,37.11,222.97,96.48,91.62,-1231.83
197.73,611.7,0.0,0.0,8.21,393.57,1018.83,94.97,33.68,222.89,96.44,91.62,-1231.45
198.77,619.74,0.0,15.22,8.25,392.43,1017.81,94.09,44.5,222.85,96.44,91.66,-1231.83
199.8,676.08,0.0,0.0,8.09,422.93,1031.26,97.23,58.69,218.56,96.63,88.91,-1231.45
200.92,507.06,0.0,17.51,8.09,424.07,1035.33,97.6,56.7,218.17,96.63,88.91,-1231.83
201.99,383.1,0.0,16.74,8.09,423.69,1034.11,98.56,54.49,217.82,96.63,88.87,-1231.45
202.99,360.58,0.0,52.93,8.06,427.88,1036.35,97.86,56.4,217.59,96.63,88.87,-1231.45
204.05,79.81,0.0,0.0,8.06,435.51,1052.0,98.7,57.54,217.08,96.48,88.95,-1231.45
205.06,212.1,0.0,49.9,8.06,433.98,1055.86,98.72,59.14,216.83,96.44,89.33,-1231.45
206.09,179.26,0.0,68.88,8.06,437.79,1054.64,97.91,56.93,216.22,96.36,90.59,-1231.45
207.12,195.71,0.0,6.49,8.06,438.94,1052.61,97.05,58.0,216.12,96.32,91.62,-1231.45
208.15,185.92,0.0,0.0,8.06,432.46,1052.61,97.4,57.24,215.31,96.25,91.47,-1231.45
209.16,240.38,0.0,0.0,8.09,436.65,1053.02,97.16,58.23,215.36,96.21,91.35,-1231.83
210.16,144.23,0.0,0.0,8.06,438.56,1058.1,98.42,57.92,215.11,96.17,90.97,-1231.83
211.16,154.94,0.0,0.0,8.06,439.32,1056.27,98.33,57.85,215.09,96.13,90.59,-1231.45
212.16,200.32,0.0,0.0,8.09,438.94,1057.9,97.35,56.47,214.52,96.09,90.28,-1231.45
213.22,166.57,0.0,0.0,8.06,437.41,1055.05,97.37,56.17,214.17,96.06,90.05,-1231.45
214.29,182.44,0.0,0.0,8.09,441.23,1056.07,97.28,56.17,213.88,96.06,89.9,-1231.83
215.38,127.22,0.0,0.0,8.06,438.94,1053.22,95.72,57.31,213.09,96.02,89.56,-1231.45
216.39,139.72,0.0,0.0,8.09,440.46,1055.86,96.14,57.47,212.46,95.98,89.22,-1231.45
217.39,133.54,0.0,0.0,8.13,447.71,1063.18,97.65,57.77,212.41,95.94,89.52,-1231.83
218.42,232.4,0.0,0.0,8.13,449.61,1067.05,97.07,48.77,211.89,95.98,89.86,-1231.45
219.45,123.58,0.0,0.0,8.13,447.33,1067.86,97.95,53.65,210.59,96.02,94.02,-1231.83
220.52,166.56,0.0,0.0,8.13,447.71,1066.64,97.56,48.7,209.34,96.02,95.39,-1231.45
221.52,225.35,0.0,0.0,8.13,444.66,1064.81,98.42,55.71,208.91,96.02,97.41,-1231.83
222.52,112.68,0.0,0.0,8.13,442.75,1056.48,97.81,53.73,208.69,96.09,97.45,-1231.83
223.52,100.82,0.0,0.0,8.13,443.89,1058.92,96.21,56.78,207.54,96.13,98.33,-1231.83
224.52,171.7,0.0,0.0,8.13,441.61,1054.65,97.88,57.16,206.99,96.17,98.18,-1231.45
225.56,212.84,0.0,0.0,8.17,436.27,1052.0,98.42,52.36,206.29,96.21,98.18,-1231.83
226.56,120.19,0.0,0.0,8.17,440.84,1052.61,97.4,53.81,205.17,96.29,98.4,-1231.83
227.59,98.94,0.0,0.0,8.17,436.65,1048.55,96.09,54.72,204.9,96.29,98.14,-1231.83
228.62,177.07,0.0,0.0,8.13,435.89,1053.02,96.46,55.56,204.17,96.36,98.18,-1231.83
229.63,300.49,0.0,0.0,8.13,438.56,1050.99,95.58,55.94,203.61,96.36,98.21,-1231.83
230.66,265.6,0.0,0.0,8.17,437.03,1051.6,95.37,56.32,203.32,96.4,98.14,-1231.83
231.66,225.36,0.0,0.0,8.13,435.51,1051.39,95.6,56.86,203.2,96.4,98.14,-1231.83
232.66,90.69,0.0,0.0,8.06,433.6,1049.16,95.9,55.94,201.68,96.48,98.06,-1231.83
233.66,262.92,0.0,0.0,8.06,440.46,1053.83,95.39,57.01,203.04,96.48,98.14,-1231.83
234.7,309.87,0.0,0.0,8.02,436.27,1050.78,95.62,56.09,203.08,96.51,98.1,-1231.45
235.7,180.29,0.0,0.0,7.98,439.32,1054.04,95.86,56.7,202.37,96.51,97.99,-1231.45
236.7,109.27,0.0,0.0,7.98,438.94,1048.95,96.04,56.09,201.36,96.63,97.91,-1231.83
237.7,225.36,0.0,0.0,7.94,440.08,1052.41,95.95,55.33,201.28,96.63,98.18,-1231.45
238.73,206.59,0.0,0.0,7.98,438.18,1050.99,96.02,56.47,200.99,96.63,98.29,-1231.83
239.74,106.42,0.0,0.0,7.98,438.56,1050.78,96.98,56.25,200.52,96.7,98.4,-1231.83
240.8,425.68,0.0,0.0,7.98,436.27,1047.12,96.25,57.24,200.24,96.7,98.56,-1231.83
241.8,360.58,0.0,0.0,7.98,439.32,1050.17,97.23,57.92,200.1,96.74,98.67,-1231.83
242.83,97.86,0.0,0.0,7.98,440.46,1048.54,97.26,48.39,199.07,96.82,98.56,-1231.83
243.87,95.35,0.0,0.0,7.98,441.23,1047.53,98.44,43.28,199.01,96.86,98.56,-1231.83
244.87,200.32,0.0,0.0,7.98,440.08,1044.68,97.35,48.77,199.02,96.93,98.4,-1231.83
245.9,109.32,0.0,0.0,7.94,441.61,1047.93,98.63,48.7,198.8,96.97,98.79,-1231.83
246.9,83.86,0.0,0.0,7.98,438.18,1045.09,98.61,53.88,197.36,97.05,98.75,-1231.83
247.94,218.74,0.0,0.0,7.94,441.61,1047.73,97.95,51.14,196.94,97.05,98.75,-1231.83
248.94,133.55,0.0,0.0,7.98,442.37,1045.69,97.77,53.2,196.52,97.09,98.9,-1231.83
249.94,148.74,0.0,0.0,7.98,443.13,1048.13,98.37,54.8,196.51,97.09,98.9,-1231.45
250.97,148.74,0.0,0.0,8.02,441.61,1046.1,98.7,50.37,196.34,97.12,98.82,-1231.83
251.97,94.89,0.0,0.0,7.98,437.79,1042.65,98.26,52.59,196.15,97.12,99.05,-1231.83
253.01,177.08,0.0,0.0,8.02,436.27,1043.46,96.65,50.91,195.91,97.16,99.09,-1231.45
254.01,161.67,0.0,0.0,8.02,437.41,1040.2,96.7,43.21,195.7,97.16,99.01,-1231.45
255.15,136.15,0.0,0.0,8.89,424.83,1020.85,88.0,55.18,186.15,98.46,100.58,-1231.83
256.22,91.22,0.0,0.0,8.93,423.31,1022.47,85.14,61.81,185.45,98.53,100.77,-1231.45
258.1,0.0,0.0,0.0,9.7,19.94,0.0,34.46,63.18,186.12,98.8,100.23,-1231.83
259.12,521.14,0.0,0.0,9.58,438.56,1036.92,102.03,68.83,182.53,98.53,98.82,-1231.83
260.12,428.18,0.0,0.0,9.58,437.41,1036.92,102.94,69.28,182.51,98.57,98.86,-1231.83
261.31,475.77,0.0,0.0,9.62,439.32,1034.68,102.64,70.43,182.48,98.61,98.86,-1231.45
262.32,277.37,0.0,0.0,9.58,439.7,1034.89,100.87,67.0,182.46,98.73,98.9,-1231.83
263.51,67.0,0.0,0.0,9.62,434.74,1035.09,99.26,68.45,181.73,99.07,99.09,-1231.83
264.54,70.16,0.0,0.0,9.62,443.89,1042.4,97.88,49.08,181.7,99.3,99.09,-1231.83
265.7,86.86,0.0,0.0,9.62,440.84,1043.62,97.02,46.26,181.43,99.45,99.32,-1231.83
266.76,256.67,0.0,0.0,9.62,446.18,1044.84,95.83,51.75,181.41,99.45,99.36,-1231.45
267.86,303.37,0.0,0.0,9.62,441.99,1046.06,94.83,63.03,181.4,99.53,98.86,-1231.83
269.01,379.02,0.0,0.0,9.62,446.94,1046.46,94.39,46.79,181.44,99.53,98.98,-1231.45
270.05,247.9,0.0,0.0,9.62,443.89,1048.29,94.58,62.8,181.33,99.56,99.62,-1231.83
271.08,131.85,0.0,0.0,9.66,449.23,1050.33,93.99,61.13,181.4,99.56,100.65,-1231.83
272.08,163.9,0.0,0.0,9.62,444.66,1049.51,92.76,59.37,181.37,99.6,100.65,-1231.45
273.15,59.76,0.0,0.0,9.7,446.18,1044.43,90.8,56.02,181.41,99.64,100.69,-1231.45
274.18,148.75,0.0,0.0,9.7,441.99,1044.23,89.99,51.06,181.44,99.64,100.77,-1231.83
275.21,120.46,0.0,0.0,9.73,443.51,1044.03,86.05,55.48,181.53,99.64,100.96,-1231.45
276.24,87.65,0.0,0.0,9.85,435.51,1036.9,84.49,61.96,178.87,99.87,102.18,-1231.45
277.28,137.73,0.0,0.0,9.85,439.7,1040.56,86.09,67.45,178.65,99.94,102.1,-1231.45
278.28,151.69,0.0,0.0,9.85,440.08,1036.5,85.42,43.82,178.55,100.02,102.14,-1231.83
279.37,74.42,0.0,0.0,9.89,434.36,1031.42,82.44,65.01,178.52,100.1,101.95,-1231.83
280.38,133.55,0.0,0.0,9.89,433.98,1031.01,82.27,66.46,178.82,100.14,102.03,-1231.45
281.44,159.64,0.0,0.0,9.92,436.27,1034.47,82.6,67.0,178.23,100.14,102.1,-1231.45
282.57,253.53,0.0,0.0,9.92,435.13,1025.93,78.78,68.52,178.2,100.1,102.1,-1231.45
283.63,239.46,0.0,0.0,9.92,430.55,1023.08,80.71,72.56,177.83,99.98,102.18,-1231.45
284.63,124.35,0.0,0.0,10.0,427.12,1021.45,80.48,67.68,177.74,100.25,102.22,-1231.83
285.7,166.58,0.0,0.0,10.0,427.12,1017.38,79.71,65.85,177.44,100.25,102.26,-1231.45
286.71,58.22,6.08,0.0,11.22,452.66,1037.12,94.6,74.32,186.4,100.06,102.33,-1231.45
287.72,231.99,3.64,0.0,11.26,454.57,1039.55,95.02,76.76,186.4,100.14,102.26,-1231.45
288.75,128.23,4.25,0.0,11.26,450.38,1041.18,96.56,76.15,186.29,100.29,102.18,-1231.07
289.81,112.68,7.3,0.0,11.3,451.9,1042.4,95.65,73.1,186.01,100.4,101.99,-1231.07
290.94,312.05,8.6,0.0,11.34,454.19,1041.59,95.18,71.8,185.97,100.48,101.95,-1231.07
291.97,116.21,32.39,0.0,11.34,455.33,1042.4,93.41,48.01,185.56,100.59,101.76,-1231.07
292.97,144.23,9.13,0.0,11.37,456.09,1045.04,92.5,71.27,185.39,100.67,101.72,-1231.45
293.98,200.33,8.98,0.0,11.41,454.95,1043.42,90.64,71.42,185.23,100.67,101.65,-1231.07
295.07,260.58,12.56,0.0,11.41,454.57,1044.43,90.59,67.84,185.05,100.67,101.65,-1231.45
296.23,132.23,37.35,0.0,11.41,461.81,1050.12,89.96,43.05,185.11,100.75,101.57,-1231.45
297.23,81.95,15.0,0.0,11.45,460.67,1049.11,85.05,65.4,184.97,100.82,101.57,-1231.07
298.36,139.87,27.28,0.0,11.41,457.24,1048.9,82.39,53.12,184.87,100.82,101.57,-1231.07
299.42,255.42,17.6,0.0,11.41,456.86,1045.45,82.11,62.8,184.86,100.82,101.61,-1231.07
300.58,143.77,31.63,0.0,11.41,459.53,1047.28,83.79,48.77,184.53,100.82,101.68,-1230.69
301.61,100.5,6.69,0.0,11.45,457.24,1044.23,81.88,73.71,184.53,100.82,101.76,-1231.07
302.62,75.13,8.14,0.0,11.45,453.81,1046.26,81.43,72.26,184.2,100.82,101.91,-1231.07
303.65,90.63,31.25,0.0,11.53,453.04,1044.43,81.5,49.15,183.77,100.78,102.03,-1231.07
304.65,92.46,13.18,0.0,11.56,450.76,1043.62,82.85,67.23,182.87,100.82,102.18,-1231.07
305.75,93.91,23.39,0.0,11.68,453.04,1046.67,84.09,57.01,182.74,100.82,102.37,-1231.45
306.75,116.31,27.28,0.0,11.75,452.28,1044.23,85.58,53.12,182.19,100.86,102.48,-1231.07
307.84,133.81,35.74,0.0,11.75,456.86,1048.3,84.81,44.66,181.48,100.86,102.64,-1231.07
308.91,109.47,23.54,0.0,11.75,451.52,1047.07,83.67,56.86,180.88,100.9,102.83,-1231.07
309.94,115.9,10.35,0.0,11.72,451.14,1044.23,86.54,70.05,180.6,100.97,102.9,-1231.07
311.07,256.66,9.21,0.0,11.72,451.14,1046.26,88.38,71.19,180.52,100.94,102.94,-1231.07
312.1,109.37,5.93,0.0,11.75,452.28,1045.86,87.52,74.47,179.85,101.01,103.02,-1231.07
313.13,309.87,6.92,0.0,11.72,445.42,1040.36,86.79,73.48,179.22,101.05,103.09,-1231.07
314.2,201.65,4.02,0.0,11.72,451.14,1042.4,86.7,76.38,179.08,101.09,103.17,-1231.07
315.2,400.65,20.88,0.0,11.75,449.99,1042.2,86.12,59.52,179.03,101.09,103.21,-1230.69
316.29,262.93,10.58,0.0,11.75,450.76,1043.01,87.17,69.82,178.67,101.13,103.21,-1231.07
317.45,208.45,13.63,0.0,11.79,452.66,1045.04,85.58,66.77,178.32,101.17,103.25,-1230.69
318.45,106.06,15.84,0.0,11.83,453.04,1044.43,85.28,64.56,177.3,101.24,103.32,-1231.07
319.49,81.23,11.8,0.0,11.98,448.09,1044.64,84.81,68.6,176.86,101.43,103.44,-1231.07
322.14,0.0,17.83,0.0,12.06,452.28,1042.4,86.23,62.57,176.72,101.47,103.48,-1231.07
323.36,93.82,23.01,0.0,12.14,451.9,1040.57,87.33,57.39,175.96,101.55,103.51,-1231.07
324.36,111.89,32.85,0.0,12.21,449.99,1038.74,89.03,47.55,175.43,101.7,103.55,-1231.07
325.39,52.71,24.54,0.0,12.25,447.33,1039.14,88.17,55.86,174.53,101.85,103.59,-1231.45
326.44,78.11,22.32,0.0,12.36,447.33,1038.73,87.33,58.08,173.84,101.93,103.59,-1230.69
327.51,124.84,19.12,0.0,12.36,453.43,1044.03,87.0,61.28,173.81,102.04,103.59,-1231.07
327.92,125.99,13.02,0.0,14.39,445.04,1010.67,67.38,67.38,176.46,104.18,104.35,-1230.69
329.0,69.09,8.68,0.0,14.69,448.09,1013.11,67.91,71.72,176.79,104.1,104.5,-1230.31
330.07,258.0,2.5,0.0,14.84,443.89,1011.68,67.41,77.9,176.73,104.06,104.66,-1230.31
331.1,205.0,19.81,0.0,14.99,446.94,1015.75,68.43,60.59,176.89,104.06,104.77,-1230.31
332.1,70.36,2.58,0.0,15.26,446.94,1016.77,68.99,77.82,177.2,103.95,105.11,-1230.69
333.1,73.45,4.02,0.0,15.57,448.09,1014.53,68.96,76.38,177.18,103.87,105.31,-1230.31
334.12,246.01,11.65,0.0,15.53,445.04,1010.26,66.76,68.75,177.38,103.87,105.38,-1230.31
335.15,147.59,4.18,0.0,15.61,446.18,1010.47,69.55,76.22,177.42,103.87,105.46,-1230.31
336.27,159.23,11.57,0.0,15.53,448.09,1009.45,72.09,68.83,177.44,103.91,105.57,-1230.31
337.4,150.0,11.8,0.0,15.45,442.75,1009.24,69.69,68.6,177.49,103.87,105.65,-1230.31
338.45,114.53,5.55,0.0,15.3,441.61,1004.97,70.95,74.85,177.71,103.87,105.72,-1230.31
339.47,230.63,26.9,0.0,15.22,437.41,1003.14,70.22,53.5,177.69,103.91,105.76,-1230.69
340.47,34.62,4.63,0.0,15.41,434.36,1008.64,69.93,75.77,177.81,104.02,105.95,-1230.31
341.52,297.68,11.5,0.0,15.34,439.32,1008.03,68.64,68.9,177.9,104.02,105.99,-1230.69
342.65,219.99,13.48,0.0,15.26,435.89,1000.91,69.34,66.92,177.9,104.52,106.11,-1230.31
343.7,87.9,7.0,0.0,15.26,437.79,1000.3,67.14,73.4,177.47,104.56,106.07,-1230.31
344.77,120.94,9.9,0.0,15.15,446.94,1020.41,72.15,70.5,177.29,104.6,106.03,-1230.31
345.8,514.29,0.9,0.0,14.65,403.1,948.09,66.85,79.5,172.18,105.36,106.26,-1229.93
346.75,361.31,8.42,207.23,6.91,464.48,1045.8,60.35,51.98,253.99,104.63,103.48,0.64
347.85,496.77,9.11,218.25,6.91,459.14,1045.39,60.38,51.29,254.24,104.63,103.51,0.64
348.88,309.6,0.0,263.26,6.87,464.1,1043.34,60.27,61.81,254.53,104.6,103.63,0.64
349.94,518.39,4.38,263.84,6.91,464.86,1048.26,60.59,56.02,254.83,104.6,103.7,0.64
350.95,604.82,4.46,264.94,6.87,463.34,1048.25,60.38,55.94,255.0,104.56,103.74,0.64
352.05,794.88,0.0,100.58,6.87,460.67,1048.46,60.35,61.35,255.03,104.48,103.82,0.64
353.08,863.99,10.56,109.68,6.87,466.01,1044.77,60.18,49.84,255.18,104.52,103.82,0.64
354.19,794.88,6.29,271.58,6.87,462.19,1043.14,57.57,54.11,255.41,104.52,103.86,0.64
355.22,719.99,24.97,92.26,6.87,461.05,1042.73,58.68,35.43,255.57,104.52,103.89,0.64
356.23,499.18,26.42,89.18,6.87,467.91,1044.77,58.92,33.98,255.71,104.52,103.93,0.64
357.31,530.2,10.33,97.19,6.84,466.39,1045.59,57.16,50.07,255.77,104.52,103.97,0.64
358.41,124.19,1.1,87.95,6.8,461.43,1043.34,65.86,59.3,256.11,104.41,104.12,0.64
359.54,451.2,16.89,71.04,6.8,464.48,1043.55,66.27,43.51,256.13,104.48,104.16,0.64
360.74,431.98,28.56,74.19,6.84,469.06,1046.61,66.21,31.85,256.13,104.44,104.2,0.64
361.85,2977.91,0.0,62.71,6.8,461.43,1044.57,59.62,75.31,266.01,105.05,106.03,-0.51
362.89,310.21,0.0,68.02,6.76,453.81,1046.0,59.04,60.44,266.01,105.02,105.99,-0.51
363.9,133.82,3.62,98.08,6.8,460.29,1042.11,60.09,56.78,266.74,105.05,106.22,-0.51
364.93,374.41,23.45,80.28,6.84,466.39,1045.58,59.83,36.95,266.95,105.05,106.26,-0.51
365.98,75.84,27.38,41.31,4.66,225.06,737.26,51.26,57.62,277.63,104.33,101.3,3.31
366.99,50.61,26.77,70.26,4.7,220.48,739.1,53.05,58.23,277.64,104.33,101.72,3.31
368.0,106.36,3.13,49.12,4.74,319.99,845.36,59.69,81.87,275.66,104.18,102.29,3.69
369.04,97.97,12.67,46.87,4.74,326.85,852.73,58.49,72.33,275.56,104.14,102.71,3.31
370.05,34.62,4.96,72.99,4.78,325.71,860.52,61.95,80.04,275.55,104.18,103.48,3.69
371.08,127.55,20.29,93.46,4.74,324.56,858.27,62.53,64.71,275.55,104.22,103.4,3.69
372.12,128.38,20.6,88.0,4.74,326.09,860.11,62.59,64.4,275.57,104.22,103.48,3.69
373.13,98.48,27.31,84.25,4.74,327.23,862.77,59.99,57.69,275.21,104.22,103.55,3.31
374.14,82.81,18.99,81.56,4.78,326.85,860.92,58.79,66.01,275.2,104.22,103.93,3.69
375.2,111.83,13.89,73.9,4.78,327.99,861.34,59.05,71.11,275.2,104.25,104.05,3.69
381.0,100.0,6.34,79.27,4.74,327.61,864.4,59.02,78.66,275.2,104.22,104.05,3.69
382.24,87.0,0.0,76.1,4.7,316.56,828.1,53.66,82.55,272.18,104.67,104.28,4.07
383.26,42.94,7.32,114.54,4.7,336.76,852.3,57.41,75.23,272.46,104.63,104.39,4.07
384.3,77.91,13.27,84.64,4.66,337.91,853.73,57.76,69.28,272.46,104.63,104.77,4.07
385.36,112.24,12.96,111.16,4.7,338.67,855.16,57.97,69.59,272.45,104.63,104.73,4.07
386.4,133.56,16.7,102.8,4.7,337.91,851.48,57.32,65.85,272.45,104.63,104.73,4.07
387.41,165.57,17.23,88.36,4.7,336.38,851.27,57.76,65.32,272.46,104.67,104.73,4.07
388.43,169.22,2.52,122.9,4.7,341.72,852.3,57.53,80.04,272.19,104.67,104.66,4.07
389.47,249.3,13.73,111.95,4.74,336.38,848.82,58.73,68.83,272.18,104.67,104.73,4.07
390.49,140.9,18.38,109.6,4.7,340.58,853.93,59.08,64.18,272.17,104.67,104.73,4.07
391.53,186.98,18.15,115.34,4.7,337.91,848.0,60.01,64.4,272.17,104.71,104.81,4.07
392.54,169.23,13.57,100.11,4.7,339.81,851.07,60.51,68.98,271.9,104.71,104.85,4.07
393.56,126.32,7.47,89.28,4.7,338.29,852.91,60.01,75.08,271.89,104.75,104.81,4.45
394.62,95.4,15.02,72.96,4.74,339.81,852.91,60.48,67.53,271.91,104.86,104.89,4.07
395.64,96.41,6.48,78.88,4.7,341.72,853.32,59.17,76.07,271.9,104.83,104.85,4.07
396.66,95.89,16.7,72.74,4.7,339.05,852.91,59.52,65.85,271.72,104.9,104.81,4.07
397.7,124.66,8.39,75.52,4.74,336.76,853.54,59.52,74.16,270.5,104.94,104.81,4.07
398.71,101.75,13.73,77.11,4.74,360.02,884.3,61.8,68.83,270.09,104.94,104.81,4.45
399.77,93.07,9.0,80.98,4.74,338.29,849.43,59.11,73.55,269.92,104.98,104.81,4.07
400.81,65.61,5.72,99.2,4.74,324.56,839.58,58.11,76.83,270.2,105.02,104.96,4.07
401.83,91.58,8.77,90.47,4.74,328.76,839.79,58.02,73.78,269.87,105.09,104.92,4.07
402.87,93.49,4.27,93.64,4.74,326.47,837.13,57.85,78.28,268.96,105.09,105.0,4.07
403.91,143.82,4.8,89.98,4.74,326.85,837.94,57.91,77.75,268.83,105.09,105.0,4.07
404.97,190.78,3.13,91.02,4.7,331.04,841.42,57.09,79.43,268.81,105.13,105.08,4.07
406.01,149.58,10.98,73.78,4.74,329.9,844.5,57.56,71.57,268.81,105.13,105.11,4.07
407.02,77.91,15.55,94.41,4.7,338.67,854.96,58.32,67.0,268.81,105.17,105.11,4.07
408.04,126.32,13.5,76.04,4.7,336.0,857.21,56.91,69.06,268.54,105.21,105.19,4.07
409.06,143.82,15.48,79.64,4.7,337.91,856.6,56.41,67.07,268.51,105.21,105.5,4.07
410.08,106.0,10.75,78.75,4.74,337.91,859.26,56.09,71.8,268.51,105.28,105.31,4.07
411.12,128.95,16.17,81.93,4.74,342.48,866.24,56.27,66.39,268.5,105.32,105.15,4.45
412.14,90.96,2.75,52.0,4.7,367.64,908.94,55.56,79.81,270.53,105.47,105.15,4.83
413.18,12.75,11.82,70.52,4.66,393.95,939.07,58.61,70.73,268.09,105.59,106.07,4.45
414.2,66.76,13.65,82.99,4.7,391.28,938.05,58.23,68.9,267.79,105.66,106.3,4.45
415.24,81.39,16.7,80.83,4.7,373.74,904.74,56.88,65.85,267.79,105.74,106.45,4.45
416.26,88.74,4.04,77.08,4.55,364.98,889.78,58.81,55.64,265.33,107.8,105.72,4.83
417.3,129.1,12.75,76.4,4.51,364.21,886.92,60.01,46.93,265.95,107.84,106.03,4.83
418.34,155.52,13.27,78.14,4.55,366.88,892.64,58.67,46.41,265.99,107.84,106.33,4.83
419.4,131.58,17.68,73.17,4.51,365.74,888.97,58.23,42.0,266.0,107.88,106.83,4.83
420.44,149.76,10.12,82.96,4.51,366.12,888.15,59.37,49.56,266.0,107.88,107.1,4.83
421.48,170.18,10.54,78.78,4.55,368.41,892.45,61.16,49.14,266.0,107.88,107.21,5.21
422.52,55.87,10.75,76.74,4.55,371.46,894.29,60.01,48.93,265.99,107.91,107.48,5.21
423.54,65.79,4.72,81.99,4.59,371.46,894.49,61.04,54.96,265.38,107.95,107.33,4.83
424.6,146.76,2.2,81.93,4.55,371.84,893.07,60.28,57.48,265.23,107.91,107.36,4.83
425.62,141.23,6.3,80.86,4.55,371.46,894.29,59.6,53.39,265.2,107.91,107.4,5.21
426.64,136.0,4.3,82.51,4.55,372.6,894.09,57.64,55.38,264.84,107.95,107.36,5.21
427.66,70.61,5.25,83.79,4.59,370.31,891.43,56.3,54.43,265.22,107.91,107.67,4.83
428.68,136.01,5.14,80.43,4.55,371.84,891.02,59.4,54.54,264.93,107.91,107.71,5.21
429.7,68.0,5.35,86.05,4.59,371.84,893.27,58.4,54.33,264.85,107.88,107.71,5.21
430.72,44.77,3.88,84.92,4.59,372.98,897.78,59.02,55.8,263.69,107.91,107.63,5.21
431.74,156.0,11.59,79.36,4.59,368.41,891.64,58.32,48.09,263.28,107.95,107.75,5.21
432.78,267.42,9.34,83.45,4.59,369.93,894.3,58.87,50.34,263.23,107.99,107.86,5.21
433.8,141.14,16.89,80.25,4.59,366.12,891.84,58.73,42.79,263.13,107.99,107.82,5.21
434.82,122.4,9.02,84.98,4.62,367.26,894.3,59.05,50.66,262.91,107.99,107.86,5.21
435.86,176.72,14.06,84.89,4.62,367.64,895.94,58.7,45.62,262.91,108.03,107.86,5.21
436.88,108.0,14.32,84.4,4.62,366.12,897.99,59.6,45.36,262.7,107.99,107.86,4.83
437.9,114.75,10.86,85.44,4.62,367.64,899.01,58.43,48.82,262.61,108.03,107.86,5.21
438.92,174.86,2.68,93.64,4.62,369.17,894.71,58.35,57.01,262.33,107.99,107.94,5.21
439.96,178.29,10.81,90.99,4.62,368.79,892.25,59.17,48.87,262.27,108.03,107.97,5.21
441.0,178.14,9.5,88.18,4.62,369.55,891.23,58.46,50.19,261.71,108.07,107.9,5.21
442.02,126.55,8.76,83.57,4.62,367.26,885.91,58.02,50.92,261.5,108.1,107.9,5.21
443.06,176.72,13.59,86.23,4.62,370.31,887.75,57.67,46.09,261.48,108.18,107.82,5.21
444.08,159.65,6.71,86.02,4.62,367.26,882.63,57.73,52.97,261.2,108.26,107.78,5.21
445.15,118.16,7.14,73.2,4.55,395.09,894.69,59.84,52.26,268.9,108.22,109.19,5.59
446.17,159.25,4.42,76.25,4.59,395.09,896.12,60.22,54.98,268.57,108.26,109.19,5.21
447.22,105.54,2.44,77.96,4.59,396.24,893.46,61.95,56.96,268.53,108.29,109.19,5.21
448.28,152.03,6.61,74.88,4.59,392.81,891.62,61.74,52.79,267.71,108.29,109.31,5.21
449.29,166.49,2.4,65.21,4.59,397.0,894.48,61.19,57.0,268.38,108.33,109.35,5.59
450.33,100.86,4.33,71.65,4.59,397.76,895.71,60.66,55.07,267.65,108.37,109.42,5.59
451.37,162.25,4.15,67.22,4.59,396.24,892.85,56.27,55.25,267.6,108.41,109.5,5.59
452.39,193.52,6.88,69.23,4.59,395.48,893.87,57.03,52.52,267.27,108.45,109.5,5.59
453.48,187.62,9.6,65.76,4.59,396.24,893.47,57.41,49.8,267.03,108.45,109.46,5.59
454.52,93.3,6.08,69.94,4.59,396.24,890.8,58.23,53.32,265.97,108.52,109.46,5.21
455.53,140.87,5.51,69.72,4.59,392.81,888.55,56.27,53.89,265.84,108.52,109.46,5.21
456.61,148.85,12.19,68.14,4.59,399.67,895.92,58.02,47.21,265.54,108.56,109.54,5.21
457.67,140.78,6.17,66.89,4.62,397.76,894.9,56.62,53.23,265.19,108.6,109.61,5.59
458.72,271.55,16.32,65.09,4.59,397.0,895.3,56.88,43.08,265.17,108.64,109.61,5.21
459.78,131.01,9.29,67.59,4.59,397.76,893.46,60.31,50.11,265.15,108.64,109.69,5.21
460.87,207.35,8.24,70.42,4.59,395.09,891.42,59.84,51.16,264.97,108.64,109.65,5.21
461.89,228.96,17.59,65.63,4.59,396.24,894.89,59.05,41.81,264.64,108.68,109.69,5.21
462.94,190.08,11.57,64.32,4.59,394.33,890.6,58.29,47.83,264.0,108.71,109.77,5.59
463.98,138.24,10.17,68.62,4.59,392.43,890.18,58.52,49.23,263.31,108.71,109.77,5.59
465.02,95.69,4.68,69.36,4.59,394.71,891.0,58.49,54.72,263.28,108.75,109.77,5.21
466.05,50.43,11.31,79.73,4.59,395.86,892.03,61.36,48.09,261.9,108.83,109.73,5.59
467.09,65.47,13.29,78.33,4.59,398.14,894.49,59.52,46.11,261.3,108.87,109.73,5.59
468.11,53.08,13.02,84.34,4.59,394.33,889.99,60.07,46.38,259.69,108.98,109.92,5.59
469.16,46.07,10.52,84.15,4.62,397.38,891.22,56.0,48.88,259.6,109.1,110.3,5.59
470.18,126.31,11.4,81.35,4.62,397.0,890.2,57.23,48.0,259.11,109.17,110.22,5.59
471.22,70.38,16.58,81.56,4.59,397.76,891.83,55.94,42.82,257.86,109.25,110.41,5.59
472.24,56.35,10.43,87.11,4.59,394.71,889.99,55.24,48.97,257.82,109.32,110.57,5.97
473.25,40.24,4.59,135.9,4.59,398.91,877.63,59.46,54.81,254.52,109.67,110.22,5.97
474.27,61.04,10.39,82.99,4.55,395.86,878.25,59.14,49.01,254.53,109.71,110.68,5.97
475.31,71.72,10.56,103.56,4.55,401.19,882.75,59.11,48.84,254.52,109.71,110.91,5.97
476.33,60.04,12.89,91.17,4.55,400.43,882.95,59.11,46.51,254.52,109.74,110.83,5.59
477.34,59.07,2.13,109.9,4.59,399.29,879.06,58.84,57.27,254.52,109.82,110.99,5.59
478.38,98.2,8.9,91.9,4.59,405.39,882.54,60.31,50.5,254.52,109.82,110.83,5.59
479.4,83.18,6.7,54.19,4.62,417.21,885.65,62.65,52.7,254.52,109.86,110.91,5.59
480.41,54.84,11.66,78.78,4.59,419.88,896.51,63.41,47.74,254.47,109.97,110.8,5.97
481.45,67.85,13.16,85.56,4.62,417.97,898.14,60.95,46.24,254.16,110.01,110.83,5.59
482.47,79.62,15.66,81.44,4.62,418.35,898.76,63.65,43.74,253.81,110.05,110.8,5.59
483.49,60.04,12.28,81.99,4.66,421.4,899.58,62.06,47.12,253.52,110.09,110.8,5.59
484.5,61.04,17.11,75.46,4.66,418.35,897.12,62.53,42.29,253.29,110.12,110.91,5.59
485.52,50.17,14.96,76.44,4.7,417.59,898.14,63.65,44.44,252.58,110.16,111.21,5.59
486.54,58.14,10.17,77.14,4.7,419.88,897.73,64.17,49.23,252.58,110.2,111.33,5.59
487.55,39.81,12.63,76.47,4.7,417.21,890.57,61.95,46.77,252.28,110.32,111.52,5.97
488.57,47.76,15.44,83.94,4.7,417.21,896.51,62.04,43.96,252.28,110.32,111.71,5.59
489.59,45.78,15.26,80.62,4.74,419.49,897.12,62.09,44.14,252.1,110.39,111.75,5.59
490.61,65.4,13.81,77.9,4.78,413.01,894.87,62.62,45.59,251.89,110.43,111.86,5.21
491.62,55.08,15.26,85.98,4.78,412.63,891.38,59.31,44.14,251.36,110.51,111.86,5.21
492.66,124.4,10.78,85.89,4.82,414.16,887.28,58.93,48.62,251.21,110.54,111.9,5.59
493.68,135.66,3.63,88.21,4.82,410.73,884.21,58.38,55.77,251.2,110.58,111.98,5.97
494.73,190.07,9.95,87.6,4.82,409.96,891.58,59.14,49.45,251.21,110.58,111.94,5.59
495.75,241.92,10.21,93.58,4.82,410.73,886.05,58.17,49.19,251.19,110.58,111.94,5.59
496.77,244.23,5.73,89.52,4.82,411.49,891.17,58.84,53.67,251.2,110.58,111.9,5.59
497.86,262.66,9.64,95.11,4.82,407.29,885.44,59.69,49.76,251.2,110.62,111.9,5.59
498.96,231.77,6.66,93.37,4.82,410.73,829.53,59.63,52.74,251.19,110.66,111.86,5.97
499.96,231.77,6.66,93.37,4.82,410.73,829.53,59.63,52.74,251.19,110.66,111.86,5.97
500.01,237.59,8.06,94.04,4.82,413.39,883.8,60.04,51.34,250.99,110.66,111.9,5.59
501.03,215.04,10.04,101.3,4.82,414.54,803.94,58.14,49.36,250.87,110.66,111.94,5.59
502.07,219.56,11.14,100.08,4.82,412.63,881.35,58.43,48.26,250.86,110.66,111.94,5.59
503.09,152.62,11.4,89.1,4.82,414.16,846.12,58.76,48.0,250.52,110.7,111.94,5.59
504.14,93.3,14.61,76.74,4.78,406.15,851.91,57.97,44.79,247.52,110.58,111.21,5.59
505.16,61.03,15.4,72.71,4.78,401.19,851.09,58.46,44.0,247.52,110.58,111.41,5.21
506.18,76.3,19.3,65.76,4.78,402.34,850.47,57.73,40.1,247.29,110.58,111.44,5.21
507.21,38.78,16.14,90.77,4.74,404.24,851.7,58.46,43.26,246.47,110.62,111.6,5.59
508.23,91.07,11.88,84.0,4.74,405.01,852.52,58.26,47.52,246.46,110.62,111.63,5.59
509.25,81.39,16.85,85.19,4.74,404.63,851.09,59.55,42.55,246.48,110.66,111.67,5.59
510.28,64.41,10.65,84.25,4.74,400.81,846.38,60.72,48.75,246.47,110.7,111.71,5.21
511.3,83.24,9.6,82.38,4.74,400.43,845.96,59.37,49.8,246.46,110.73,111.79,5.59
512.32,69.11,9.95,60.48,4.78,406.15,853.74,60.19,49.45,246.44,110.77,111.86,5.21
513.38,95.06,16.93,86.87,4.74,404.24,849.85,59.9,42.47,246.05,110.77,111.9,5.21
514.39,64.29,8.9,65.45,4.78,405.39,852.72,60.42,50.5,246.17,110.81,111.9,5.59
515.43,70.44,12.06,95.63,4.78,405.01,851.69,60.07,47.34,245.69,110.85,111.98,5.59
516.47,91.07,6.83,90.62,4.78,405.01,853.94,58.64,52.57,245.32,110.85,112.02,5.59
517.5,113.12,8.37,94.19,4.78,405.01,850.26,58.08,51.03,244.96,110.89,112.02,5.21
518.52,71.75,12.1,94.99,4.78,401.96,823.03,55.86,47.3,244.65,110.93,112.02,5.59
519.58,71.74,13.68,85.34,4.78,406.15,850.67,56.68,45.72,244.66,110.96,112.05,5.59
520.6,130.76,10.48,95.11,4.78,400.81,847.18,57.09,48.92,244.65,111.0,112.05,5.59
521.61,76.32,11.75,76.19,4.82,403.86,848.0,56.91,47.65,244.66,111.0,112.13,5.21
522.63,108.63,16.58,87.88,4.78,403.1,850.86,56.94,42.82,244.64,111.04,112.09,5.21
523.69,146.22,15.0,87.57,4.78,401.19,847.18,55.94,44.4,244.64,111.04,112.09,5.59
524.72,25.03,5.25,97.7,4.85,398.53,845.75,58.43,54.15,246.58,111.12,112.24,5.59
525.74,111.03,8.54,92.54,4.82,399.67,845.75,58.32,50.86,246.13,111.15,112.21,5.21
526.78,77.81,10.08,92.06,4.85,399.67,849.43,60.34,49.32,246.14,111.12,112.24,5.59
527.8,81.46,7.97,91.29,4.85,400.81,845.95,62.04,51.43,246.88,111.15,112.32,5.21
528.84,120.4,7.67,94.34,4.85,398.91,845.74,61.48,51.73,246.79,111.19,112.32,5.59
529.85,61.1,10.52,91.14,4.85,401.19,845.54,57.56,48.88,246.8,111.19,112.36,5.59
530.87,58.19,9.55,89.01,4.89,400.05,845.95,58.35,49.85,246.8,111.15,112.36,5.59
531.89,70.46,6.57,95.47,4.85,403.1,848.4,58.32,52.83,246.8,111.19,112.4,5.21
532.93,120.41,0.7,74.36,4.7,453.43,890.57,58.67,59.07,258.45,109.02,111.79,5.59
533.96,116.65,3.25,64.75,4.66,457.24,894.68,58.61,56.52,259.09,109.02,111.37,5.59
535.0,120.35,4.7,67.98,4.7,462.19,898.37,58.99,55.07,259.26,109.02,111.21,5.21
536.02,118.18,8.43,59.32,4.66,467.15,901.23,59.43,51.34,258.79,109.02,111.25,5.21
537.06,120.4,7.29,79.76,4.7,467.53,903.89,59.28,52.48,259.26,109.06,111.29,5.21
538.09,120.4,9.27,72.99,4.66,468.29,904.3,60.83,50.5,258.68,108.9,111.25,5.21
539.11,122.64,5.93,76.07,4.66,471.34,901.85,61.86,53.84,258.95,109.06,111.25,5.59
540.13,118.18,9.27,74.79,4.7,467.91,901.43,59.66,50.5,258.68,109.06,111.21,5.59
541.14,121.98,10.94,67.92,4.66,467.53,901.63,60.25,48.84,258.67,108.94,111.21,5.59
542.18,59.25,6.72,50.56,4.66,472.11,903.89,59.6,53.05,258.58,109.13,111.18,5.59
543.22,120.4,6.98,86.96,4.66,472.49,905.33,58.55,52.79,258.58,109.17,111.14,5.59
544.24,122.13,7.73,85.92,4.7,475.92,906.97,56.47,52.04,258.59,109.21,111.18,5.59
545.25,118.18,7.6,88.06,4.7,475.16,907.59,58.43,52.17,258.55,109.25,111.18,5.59
546.29,120.4,7.42,78.2,4.7,476.68,902.67,57.91,52.35,257.91,109.25,111.18,5.59
547.31,122.12,5.09,73.78,4.7,478.21,906.97,59.31,54.68,257.84,109.29,111.18,5.59
548.35,103.69,10.89,55.17,4.7,476.68,909.43,59.08,48.88,257.82,109.32,111.14,5.21
549.36,99.03,6.41,90.5,4.7,474.78,914.55,60.78,53.36,257.47,109.36,111.14,5.59
550.38,122.11,6.63,82.23,4.7,477.44,917.21,60.4,53.14,257.26,109.36,111.1,5.21
551.42,120.41,11.77,79.3,4.7,475.16,917.21,59.52,48.0,256.33,109.36,111.18,5.59
552.44,93.95,8.87,80.86,4.7,474.01,920.69,60.34,50.9,256.25,109.4,111.25,5.59
553.45,77.97,5.4,90.1,4.7,470.96,917.83,59.99,54.37,255.95,109.44,111.29,5.59
554.49,120.4,7.42,83.76,4.7,472.87,912.71,60.75,52.35,255.95,109.48,111.33,5.59
555.53,120.41,5.05,88.76,4.7,478.21,914.15,58.96,54.72,255.95,109.51,111.33,5.97
556.54,122.11,3.86,88.06,4.7,471.73,923.77,61.33,55.91,255.95,109.51,111.33,5.59
557.56,120.41,7.55,87.51,4.7,472.49,922.74,60.04,52.22,255.96,109.55,111.37,5.59
558.6,120.42,4.08,90.81,4.74,470.96,761.19,60.95,55.69,256.22,109.59,111.37,5.59
559.62,122.14,3.78,94.5,4.7,474.39,913.74,61.63,55.99,256.25,109.55,111.41,5.97
560.65,120.42,6.76,82.54,4.74,478.21,927.04,61.57,53.01,256.24,109.55,111.41,5.59
561.67,118.18,10.94,81.8,4.74,478.21,870.53,62.24,48.84,256.25,109.59,111.48,5.21
562.69,120.41,11.86,83.06,4.74,475.92,834.9,62.71,47.91,256.25,109.63,111.52,5.21
563.71,109.79,12.96,24.57,4.55,390.52,801.95,55.92,46.82,265.81,108.75,110.22,5.59
564.72,101.79,11.07,75.18,4.55,388.99,806.25,53.9,48.7,266.65,108.75,110.03,5.59
565.74,118.18,5.45,85.89,4.55,406.53,840.84,55.04,54.33,266.95,108.75,109.84,5.59
566.76,116.59,8.43,80.34,4.55,397.0,832.24,56.97,51.34,266.7,108.79,109.84,5.59
567.78,114.49,10.76,77.56,4.55,389.38,823.21,54.6,49.01,266.69,108.79,109.84,5.59
568.81,113.12,12.82,69.66,4.55,386.71,821.16,54.19,46.95,267.6,108.75,109.88,5.59
569.87,97.5,2.15,87.85,4.55,390.14,826.07,53.92,57.62,268.17,108.75,110.07,5.59
570.89,118.2,5.49,85.34,4.55,411.87,813.4,55.59,54.28,267.94,108.68,110.15,5.59
571.93,116.65,6.32,81.68,4.51,429.03,863.19,56.62,53.45,268.5,108.68,110.19,5.59
572.94,122.12,5.8,87.02,4.51,428.64,861.14,56.33,53.97,268.49,108.6,110.22,5.97
573.96,118.18,10.85,78.36,4.55,428.26,863.81,57.58,48.92,268.49,108.56,110.3,5.59
575.0,109.79,10.1,74.76,4.55,425.59,861.76,56.88,49.67,268.75,108.52,110.38,5.59
576.02,122.64,7.82,67.53,4.51,435.13,871.34,56.53,51.95,268.51,108.52,110.41,5.59
577.05,113.11,6.85,80.4,4.55,437.03,863.76,56.15,52.92,268.52,108.49,110.41,5.97
578.09,124.42,6.59,79.55,4.55,433.22,870.1,56.38,53.18,268.66,108.45,110.41,5.97
579.11,122.12,4.48,71.28,4.55,433.98,869.49,56.53,55.29,269.17,108.45,110.45,5.59
580.14,120.4,2.37,88.55,4.55,433.22,870.3,57.29,57.4,269.57,108.41,110.49,5.97
581.18,120.4,6.59,78.27,4.55,432.08,865.8,56.59,53.18,270.32,108.41,110.57,5.59
582.2,118.18,7.03,78.78,4.55,433.22,868.47,56.76,52.74,270.25,108.37,110.57,5.59
583.23,120.4,9.4,72.8,4.55,433.98,869.08,57.53,50.37,270.03,108.37,110.6,5.97
584.25,118.18,9.71,72.29,4.55,435.89,869.49,57.2,50.07,270.29,108.37,110.64,5.97
585.27,114.49,9.31,72.53,4.55,434.36,869.7,56.03,50.46,270.24,108.33,110.64,5.97
586.29,116.65,10.23,75.28,4.55,432.84,866.63,57.5,49.54,270.3,108.33,110.68,5.97
587.31,118.18,11.46,74.97,4.59,431.31,802.13,56.03,48.31,270.36,108.33,110.64,5.97
588.32,71.86,4.83,70.12,4.59,434.74,870.1,56.41,54.94,270.36,108.33,110.68,5.97
589.38,99.28,8.39,87.85,4.59,431.69,868.87,55.97,51.38,270.37,108.33,110.68,5.97
590.42,128.71,7.82,82.42,4.59,435.51,872.55,56.33,51.95,270.36,108.29,110.64,5.59
591.45,138.27,11.59,84.15,4.59,432.84,868.26,56.3,48.18,270.36,108.29,110.64,5.97
592.47,107.77,6.46,85.68,4.59,434.36,868.87,55.94,53.32,271.22,108.29,110.68,5.97
593.51,120.41,9.27,82.48,4.59,432.84,867.23,57.0,50.5,271.05,108.29,110.64,5.97
594.56,143.58,3.52,70.0,86.86,456.09,865.37,53.57,56.78,274.94,107.72,109.0,7.88
595.58,122.15,2.02,96.27,74.93,477.44,884.45,54.39,58.28,274.84,107.76,108.28,8.26
596.6,118.19,8.7,63.19,87.78,479.73,886.09,55.15,51.6,275.2,107.84,108.09,8.26
597.62,120.41,7.03,90.32,81.87,479.73,883.84,56.82,53.27,275.19,107.88,108.36,8.26
598.64,126.32,0.0,113.2,64.4,481.64,886.92,57.7,60.96,275.18,107.88,108.66,7.88
599.67,116.65,4.83,85.13,78.28,486.21,887.94,57.82,55.47,275.19,107.8,108.81,7.88
600.71,119.51,0.4,96.14,71.69,488.5,889.78,57.99,59.9,274.88,107.88,109.0,7.88
601.73,118.18,10.1,77.17,83.7,488.88,889.58,58.96,50.2,274.85,107.91,109.04,7.88
602.74,118.18,4.88,92.85,71.65,485.45,885.68,59.17,55.42,274.8,107.91,109.04,7.5
603.76,122.11,1.19,97.52,76.64,485.45,883.43,57.79,59.11,274.83,107.88,108.97,7.88
604.78,65.44,11.6,64.81,90.48,486.98,884.66,56.91,48.7,274.84,107.88,108.74,8.26
605.8,116.64,9.93,71.49,82.67,487.36,882.82,56.85,50.37,274.03,107.91,108.55,8.26
606.85,108.63,0.0,90.38,72.83,489.64,883.22,54.45,60.78,274.28,107.95,108.36,7.88
607.87,107.75,5.01,84.98,78.7,483.54,881.58,55.71,55.29,273.34,107.99,108.16,7.5
608.91,120.4,4.0,93.83,74.01,474.39,868.67,55.77,56.3,273.25,107.99,108.01,8.26
609.95,120.4,2.68,99.13,66.39,476.3,869.27,56.41,57.62,273.33,108.03,107.9,7.5
610.96,122.12,4.26,85.53,71.5,475.16,869.48,57.06,56.04,272.94,108.07,107.75,7.88
611.98,113.12,8.17,73.66,78.78,473.25,869.89,57.41,52.13,272.5,108.1,107.63,8.26
613.02,120.4,8.83,77.93,76.15,475.54,870.09,57.61,51.47,272.32,108.1,107.48,8.26
614.05,77.79,7.07,81.01,75.31,476.3,866.41,58.11,53.23,272.19,108.18,107.29,7.88
615.07,101.78,6.72,76.4,78.36,474.39,865.38,58.67,53.58,272.18,108.22,107.21,8.26
616.11,113.12,5.93,87.75,74.39,473.25,864.97,58.29,54.37,271.65,108.26,107.25,7.88
617.15,103.69,10.02,80.1,77.83,474.01,866.41,58.61,50.28,271.56,108.26,107.44,7.88
618.16,76.36,8.57,86.96,77.22,475.16,864.16,58.73,51.73,271.17,108.41,107.59,7.88
619.2,91.06,7.73,75.73,82.4,472.49,860.88,58.4,52.57,270.88,108.49,107.82,7.88
620.24,34.9,4.79,104.57,57.73,467.91,859.04,59.22,55.51,270.37,108.64,108.36,7.5
623.0,34.0,0.0,59.35,60.29,440.84,826.33,58.23,61.31,267.51,108.87,106.6,7.88
624.02,21.31,8.91,87.63,80.8,483.16,852.92,58.93,51.69,267.22,109.13,107.82,7.88
625.04,98.25,9.52,89.58,76.41,489.26,870.75,58.9,51.08,267.17,109.17,108.13,7.88
626.05,99.04,8.12,84.55,79.58,486.59,867.27,59.4,52.48,266.93,109.17,108.13,7.88
627.09,116.65,4.56,97.82,70.28,488.5,870.14,59.34,56.04,266.07,109.17,108.09,7.88
628.11,114.48,8.38,88.73,78.82,488.5,868.3,59.46,52.22,265.99,109.17,108.05,8.26
629.13,121.74,7.02,96.97,70.92,490.03,870.14,59.37,53.58,265.69,109.25,107.97,7.88
630.14,101.79,10.36,69.27,79.12,487.36,868.29,59.11,50.24,265.61,109.29,108.01,7.88
631.16,76.34,6.1,78.94,75.8,492.31,872.59,58.76,54.5,265.59,109.29,108.09,7.88
632.2,93.35,8.69,75.89,80.87,494.22,872.18,58.73,51.91,265.59,109.32,108.28,7.88
633.22,91.61,7.55,77.17,80.15,495.74,874.64,58.87,53.05,265.59,109.4,108.47,7.88
634.25,98.26,10.18,77.78,77.33,495.36,873.62,59.78,50.42,265.6,109.44,108.62,7.88
635.29,63.31,8.91,79.97,77.41,494.6,873.42,59.14,51.69,265.61,109.51,108.93,8.26
636.31,101.79,7.55,76.16,80.11,498.03,875.67,59.05,53.05,265.61,109.55,108.93,7.88
637.35,113.12,4.43,80.34,76.38,497.65,874.44,58.64,56.17,265.61,109.59,108.93,7.88
638.36,118.18,8.29,78.94,76.95,496.13,874.44,59.46,52.31,265.6,109.63,108.93,7.88
639.38,118.19,0.0,110.3,61.39,498.41,873.83,59.17,61.75,265.61,109.67,108.97,7.88
640.4,118.18,2.72,59.72,75.65,496.89,875.67,58.43,57.88,265.08,109.71,109.0,8.26
641.42,120.41,7.33,68.59,76.68,496.89,875.06,59.55,53.27,264.48,109.74,108.97,7.88
642.43,114.48,9.88,76.34,76.61,498.03,875.88,59.58,50.72,264.23,109.82,109.12,7.88
643.45,82.97,8.56,77.14,76.99,496.89,872.81,59.81,52.04,264.18,109.86,109.16,7.88
644.49,120.4,5.88,85.71,70.85,498.03,875.67,59.58,54.72,264.18,109.9,109.16,7.5
645.53,120.4,4.08,85.89,68.75,497.65,874.86,59.87,56.52,263.94,109.93,109.19,7.88
646.56,120.4,7.5,34.73,114.65,501.84,879.16,59.37,53.1,263.83,109.97,109.23,8.64
647.6,120.4,4.96,109.66,69.44,504.89,880.59,59.72,55.64,263.83,110.05,109.31,7.88
648.64,120.4,5.22,85.37,69.55,503.75,881.21,59.22,55.38,263.84,110.09,109.35,7.88
649.65,122.12,5.13,86.26,69.86,505.28,881.21,59.6,55.47,263.83,110.12,109.42,7.88
650.67,122.11,6.76,81.93,71.38,506.04,883.05,60.04,53.84,263.82,110.2,109.61,7.5
651.71,120.4,8.91,79.97,74.55,503.37,879.57,59.4,51.69,263.83,110.24,109.58,7.88
652.73,118.18,7.5,80.07,72.87,506.8,880.8,59.4,53.1,263.83,110.28,109.54,7.5
653.74,101.78,7.99,79.39,74.24,505.28,882.23,59.46,52.61,263.56,110.32,109.58,7.88
654.76,101.79,7.24,76.19,77.9,505.28,882.64,59.84,53.36,263.54,110.35,109.58,7.88
655.8,106.66,8.56,80.37,75.16,504.89,880.8,59.17,52.04,263.25,110.43,109.5,7.88
656.82,67.88,7.19,75.64,66.04,486.98,864.36,59.02,54.11,259.85,110.62,108.77,7.88
657.83,117.47,8.29,95.72,74.66,488.5,860.06,59.22,53.01,259.86,110.66,108.97,7.88
658.85,114.48,10.14,93.43,76.03,540.35,906.6,61.45,51.16,259.85,110.7,109.08,7.5
659.87,110.91,8.69,91.78,76.19,540.73,902.32,61.86,52.61,259.85,110.73,109.27,7.88
660.89,122.11,3.42,90.44,64.75,542.26,903.14,61.92,57.88,259.87,110.77,109.31,7.88
661.92,120.41,9.39,78.36,73.78,515.19,876.49,61.39,51.91,259.86,110.81,109.42,7.88
662.96,120.4,5.48,79.24,70.66,523.96,885.68,61.16,55.82,259.85,110.85,109.5,7.5
663.98,107.76,9.7,64.87,76.03,526.63,818.09,60.54,51.6,259.85,110.85,109.58,7.88
665.0,104.68,9.3,72.38,79.24,537.3,890.57,60.98,52.0,259.85,110.89,109.92,7.88
666.01,120.41,5.88,92.0,68.26,554.46,912.33,62.5,55.42,260.1,110.89,110.41,7.88
667.03,118.18,8.2,86.78,73.67,556.36,911.51,63.15,53.1,259.89,110.93,110.76,7.88
668.07,98.25,5.66,82.96,76.41,555.22,915.81,63.35,55.64,259.51,110.96,111.06,7.88
669.09,114.49,8.07,83.48,77.98,541.88,906.59,63.76,53.23,259.5,111.0,111.18,7.88
670.12,116.65,8.6,91.78,73.97,531.2,815.61,62.09,52.7,259.54,111.0,111.44,7.88
671.16,120.41,5.79,97.27,64.4,532.73,902.01,61.33,55.51,259.83,110.89,111.75,7.88
672.18,122.12,8.64,77.66,76.19,530.06,902.21,60.95,52.66,259.85,110.96,111.94,8.26
673.2,114.48,9.65,75.0,74.81,535.39,905.28,60.72,51.65,259.85,111.08,111.71,7.88
674.21,109.8,7.63,76.34,76.83,552.93,881.94,60.19,53.67,259.85,111.15,111.63,7.88
675.25,124.42,4.87,84.0,68.22,560.18,921.72,60.34,56.43,259.58,111.15,111.52,7.88
676.29,120.41,5.35,79.18,71.53,559.79,921.73,60.28,55.95,259.56,111.23,111.41,7.88
677.32,120.4,6.1,76.25,76.15,560.94,922.96,60.22,55.2,259.55,111.19,111.33,7.88
678.36,124.42,4.08,81.1,70.31,560.56,924.8,60.78,57.22,259.55,111.27,111.25,7.88
679.4,120.42,6.97,78.11,73.21,562.08,925.0,61.98,54.33,259.27,111.27,111.18,7.88
680.43,120.4,6.49,77.32,73.94,560.56,927.87,61.6,54.81,258.96,111.27,111.18,7.88
681.47,124.41,6.23,78.42,70.16,560.56,927.25,61.48,55.07,258.86,111.31,111.21,7.88
682.49,118.17,7.63,72.59,76.87,559.41,884.25,61.3,53.67,258.85,111.31,111.18,7.88
683.51,114.49,7.98,88.18,79.69,562.46,924.39,60.69,53.32,258.85,111.38,111.18,7.88
684.54,116.64,6.36,100.9,73.67,564.75,842.89,60.78,54.94,258.26,111.42,111.18,7.88
685.56,122.12,0.0,105.48,64.1,565.13,917.42,59.9,61.53,257.73,111.46,111.14,7.5
686.58,114.48,7.63,82.9,76.76,560.94,930.94,58.87,53.67,257.63,111.5,111.1,7.88
687.6,120.41,4.56,81.53,73.97,562.84,855.99,59.81,56.74,256.97,111.57,111.21,7.88
688.61,107.76,5.88,79.58,75.5,557.13,842.48,60.78,55.42,256.96,111.57,111.14,7.88
689.63,119.82,11.84,84.61,72.03,493.46,862.11,59.22,49.46,254.61,112.07,110.76,7.5
690.69,122.64,12.74,82.81,71.19,494.98,884.64,58.14,48.56,254.61,112.11,110.64,7.88
691.74,122.66,11.65,85.95,70.28,497.65,884.85,59.14,49.65,254.61,112.11,110.6,7.5
692.76,118.2,12.96,51.63,98.41,498.03,888.12,59.05,48.34,254.61,112.11,110.57,7.88
693.78,120.42,11.16,82.23,97.99,499.18,889.96,58.87,50.14,254.6,112.11,110.53,7.88
694.8,122.11,12.17,74.73,104.09,502.23,891.19,57.17,49.13,254.59,112.07,110.45,7.88
695.81,120.37,11.8,71.07,107.37,503.37,893.03,57.88,49.5,254.59,112.11,110.45,8.26
696.89,122.28,11.72,74.12,113.51,502.61,810.91,57.76,49.58,254.48,112.07,110.49,8.26
697.93,124.42,11.46,71.34,118.05,499.94,895.27,57.88,49.84,254.27,112.07,110.49,8.26
698.94,122.12,9.89,68.47,121.06,501.46,810.49,58.46,51.41,254.43,112.03,110.45,8.26
699.96,120.44,8.39,97.27,105.89,502.23,850.02,58.76,52.91,253.77,112.03,110.49,7.88
701.0,120.42,12.36,77.59,122.81,502.23,831.8,59.52,48.94,253.52,111.99,110.45,8.26
702.02,116.82,12.02,82.9,117.21,503.37,800.88,59.6,49.28,253.14,112.03,110.49,7.88
703.05,122.64,11.05,96.85,106.8,514.81,872.77,61.27,50.25,253.1,112.03,110.57,8.26
704.07,118.18,16.45,77.35,119.65,513.66,893.47,61.57,44.85,252.87,111.84,110.68,8.26
705.09,111.03,15.29,81.93,114.5,514.81,895.52,62.59,46.01,252.77,112.03,110.68,7.88
706.11,91.06,15.96,82.66,110.42,513.66,893.47,62.09,45.34,252.79,111.99,111.02,7.88
707.12,91.61,15.85,64.99,128.38,512.52,890.2,62.91,45.45,252.72,112.03,111.41,8.26
708.16,106.66,16.3,71.71,122.13,509.85,886.71,60.01,45.0,252.02,112.15,111.75,8.26
709.18,79.69,15.36,64.48,128.38,507.56,887.33,60.04,45.94,251.27,111.76,111.98,8.26
710.2,96.44,15.81,74.42,132.23,510.99,887.74,61.3,45.49,251.28,112.07,111.98,8.64
711.22,83.29,15.55,80.58,128.42,510.61,886.31,60.63,45.75,251.27,112.22,112.13,8.26
712.23,104.69,17.24,77.59,128.99,510.99,884.88,62.71,44.06,250.7,112.26,112.13,8.26
713.25,60.11,16.3,83.45,124.3,513.28,885.7,61.8,45.0,250.13,112.37,111.98,8.26
714.27,64.41,14.91,69.75,134.78,509.47,882.01,62.3,46.39,249.84,112.26,112.13,8.26
715.29,85.24,16.22,75.25,133.41,514.04,886.31,63.53,45.08,249.81,112.49,113.04,8.26
716.31,81.18,16.6,80.0,126.36,514.43,883.86,63.0,44.7,249.1,112.56,113.27,7.88
717.32,87.25,13.45,79.33,131.09,511.76,881.61,63.59,47.85,249.1,112.68,113.54,8.26
718.34,122.12,11.57,87.27,122.89,510.23,881.0,63.82,49.73,249.1,112.72,113.46,8.26
719.36,96.42,16.86,89.98,116.56,512.14,880.39,63.62,44.44,248.97,112.79,113.58,7.5
720.38,30.54,5.27,89.65,63.53,521.67,890.79,63.35,54.23,247.63,113.17,114.11,7.12
721.42,73.23,10.96,77.05,77.18,524.72,894.9,63.38,48.54,248.18,113.17,114.26,7.5
722.43,99.03,8.64,81.29,73.33,530.44,900.83,63.56,50.86,248.3,113.17,114.34,7.5
723.45,89.39,5.84,104.72,70.77,529.68,884.86,63.18,53.66,249.11,113.17,114.3,7.12
724.47,122.05,6.16,85.28,67.49,531.2,818.52,62.94,53.34,249.52,113.17,114.11,7.5
725.54,77.44,9.94,72.65,79.39,523.96,875.02,62.27,49.56,250.63,113.14,114.23,7.12
726.56,81.42,10.71,78.36,86.82,529.29,905.93,61.42,48.79,251.73,113.1,114.42,7.12
727.6,107.54,13.15,86.56,82.59,531.58,906.55,59.93,46.35,251.86,113.06,114.57,7.5
728.62,107.76,13.07,77.47,84.8,534.25,909.41,60.66,46.43,252.42,113.06,114.68,7.12
729.67,96.78,10.06,75.49,85.76,539.59,909.4,58.55,49.44,252.75,113.02,114.76,7.5
730.69,91.61,11.28,81.04,84.31,539.21,916.77,58.61,48.22,253.39,112.98,114.87,7.5
731.75,97.5,11.85,80.0,87.39,539.59,914.72,59.63,47.65,253.93,112.98,114.91,7.88
732.76,101.78,11.36,75.76,91.4,539.59,867.02,60.34,48.14,254.29,112.95,114.95,7.88
733.78,96.43,10.67,80.95,85.11,535.01,889.95,60.07,48.83,255.35,112.95,115.03,7.88
734.8,101.77,12.95,82.78,83.66,534.25,853.3,60.31,46.55,255.53,112.95,115.07,7.12
735.82,98.25,11.2,82.66,82.44,537.68,867.84,60.48,48.3,255.76,112.95,114.99,7.5
736.87,111.82,12.09,83.7,83.16,533.49,813.16,60.28,47.41,256.13,112.95,114.95,7.5
737.89,107.76,10.22,83.67,82.67,534.63,873.98,60.16,49.28,256.36,112.91,114.8,7.5
738.93,122.63,3.64,109.39,65.7,536.16,902.24,59.81,55.86,256.47,112.95,114.57,7.5
739.95,118.18,5.76,88.18,71.88,535.01,729.63,59.75,53.74,257.04,112.91,114.26,7.5
740.98,124.86,9.98,59.17,117.86,531.58,877.05,61.65,49.52,257.88,112.87,114.04,7.88
742.0,122.11,4.86,71.25,113.62,536.54,912.48,63.53,54.64,258.13,112.87,113.92,7.88
743.04,120.4,4.66,72.16,109.24,535.01,913.91,64.76,54.84,258.26,112.87,113.81,7.5
744.06,122.11,4.98,71.92,112.06,535.01,897.73,64.49,54.52,258.96,112.91,113.73,7.88
745.07,121.23,9.49,65.88,116.26,535.78,854.12,64.52,50.01,258.88,112.91,113.69,7.88
746.09,122.12,5.06,79.79,115.95,535.78,800.88,64.58,54.44,259.45,112.87,113.62,7.88
747.13,124.42,5.35,82.96,111.3,534.63,850.85,64.52,54.15,259.7,112.87,113.54,7.5
748.14,122.11,3.32,78.78,121.02,535.39,906.34,64.99,56.18,259.81,112.87,113.46,7.88
749.18,120.42,7.99,84.76,119.15,534.25,783.07,64.06,51.51,259.81,112.83,113.43,7.5
750.2,122.12,7.1,76.53,129.71,535.01,757.47,64.17,52.4,259.8,112.83,113.46,8.26
751.22,122.12,7.71,87.57,119.5,535.78,903.05,63.03,51.79,260.08,112.83,113.5,7.88
752.25,124.43,8.76,85.62,118.5,535.01,915.75,63.09,50.74,260.12,112.83,113.39,7.88
753.27,119.8,2.61,91.69,98.49,532.34,900.82,63.12,55.69,263.8,112.87,114.07,7.5
754.3,119.8,3.74,63.59,115.42,546.83,913.97,62.39,54.56,263.78,112.91,113.92,8.26
755.33,119.8,5.16,71.37,130.29,546.83,915.21,62.27,53.14,263.5,112.98,113.85,8.26
756.34,121.5,8.33,70.55,136.12,514.04,889.58,58.35,49.97,262.64,113.02,113.81,7.88
757.36,121.5,6.51,81.53,137.45,509.85,892.83,57.91,51.79,263.46,113.06,113.69,7.88
758.37,121.5,5.25,82.32,136.35,511.76,893.03,58.76,53.05,262.9,113.14,113.54,7.88
759.38,119.8,4.27,85.01,133.64,511.76,890.78,59.25,54.03,262.93,113.17,113.39,7.88
760.39,121.5,5.73,89.22,129.14,509.09,892.21,58.49,52.57,263.11,113.21,113.39,7.88
761.42,122.64,3.42,85.44,132.0,510.23,891.8,58.73,54.88,262.85,113.25,113.31,8.26
762.46,119.8,6.06,86.26,130.9,512.52,875.42,58.52,52.24,262.85,113.29,113.31,7.88
763.47,120.75,6.3,77.2,136.96,510.23,884.22,58.84,52.0,262.84,113.25,113.31,7.88
764.48,121.5,6.38,80.83,135.85,517.09,897.52,58.05,51.92,262.85,113.29,113.43,8.26
765.51,119.8,6.87,64.14,154.53,512.9,898.94,57.94,51.43,262.84,113.33,113.5,8.26
766.53,121.5,7.52,78.17,152.4,518.24,902.42,58.43,50.78,262.84,113.33,113.54,8.26
767.56,119.8,6.46,80.19,145.54,516.71,903.04,59.08,51.84,262.85,113.37,113.54,8.26
768.59,123.79,9.88,80.55,147.4,515.95,833.62,58.38,48.42,262.85,113.37,113.65,8.26
769.62,119.8,6.67,85.1,143.36,512.14,900.17,59.87,51.63,261.76,113.4,113.81,7.88
770.63,121.5,4.72,87.91,139.97,512.14,899.14,61.27,53.58,261.88,113.4,113.81,8.26
771.66,123.79,5.04,87.69,136.77,513.28,900.37,61.24,53.26,261.44,113.44,113.92,7.88
772.7,119.8,8.33,75.83,151.37,511.76,895.66,60.6,49.97,261.17,113.48,114.07,8.26
773.71,121.5,7.89,70.76,156.06,510.61,897.1,59.46,50.41,261.11,113.52,114.15,8.26
774.72,121.5,8.25,77.69,147.44,510.61,897.71,60.28,50.05,260.81,113.52,114.15,7.88
775.73,117.58,8.01,82.05,144.81,510.23,896.48,60.37,50.29,260.82,113.59,114.15,8.26
776.76,119.8,10.57,85.74,140.96,509.09,894.64,60.69,47.73,260.81,113.63,114.15,7.88
777.8,123.79,9.47,76.4,149.31,509.47,893.62,60.81,48.83,260.07,113.63,114.34,7.88
778.81,121.5,7.44,90.16,139.28,509.09,894.85,59.02,50.86,259.98,113.67,114.38,7.88
779.84,119.8,6.1,88.55,139.55,505.28,832.8,58.46,52.2,259.89,113.71,114.38,8.26
780.87,123.79,7.28,85.13,145.15,513.28,896.07,59.49,51.02,259.52,113.78,114.46,8.26
781.88,121.5,7.2,84.37,142.68,509.47,895.05,59.69,51.1,259.32,113.78,114.46,8.26
782.92,119.8,9.76,87.14,139.78,510.23,893.2,59.17,48.54,258.9,113.82,114.57,8.26
783.95,117.46,12.47,77.23,135.74,460.29,833.89,55.71,47.83,255.53,114.05,115.37,8.26
784.98,119.2,9.67,80.28,139.44,490.03,859.51,59.2,50.63,255.52,114.05,115.26,8.64
786.0,121.5,11.52,84.7,136.42,493.46,861.36,57.53,48.78,255.51,114.05,115.18,8.26
787.03,119.8,6.41,83.64,135.17,502.23,868.74,57.58,53.89,255.38,114.09,115.26,8.26
788.04,121.5,9.42,77.23,141.88,501.46,865.05,56.79,50.88,255.2,114.09,115.1,8.64
789.05,121.5,10.0,84.49,135.28,499.56,863.01,55.94,50.3,255.12,114.09,115.07,8.26
790.07,121.5,10.16,80.28,136.58,502.61,864.03,55.39,50.14,255.23,114.13,114.95,8.26
791.1,116.06,14.37,77.72,141.53,499.56,865.06,56.3,45.93,254.98,114.17,114.91,8.64
792.11,113.91,11.44,79.76,139.55,500.7,864.24,56.33,48.86,255.07,114.13,114.84,8.64
793.12,121.5,10.41,76.28,141.23,499.94,865.67,55.07,49.89,255.12,114.17,114.84,8.64
794.13,121.5,10.61,77.81,141.04,500.7,864.86,54.63,49.69,255.62,114.13,114.84,8.64
795.15,121.5,8.59,74.39,143.55,503.75,865.68,55.71,51.71,255.83,114.13,114.99,8.64
796.2,118.21,10.24,83.18,140.69,504.89,864.65,56.15,50.06,255.62,114.17,115.14,8.64
797.23,119.8,4.96,82.32,144.28,499.56,864.86,57.2,55.34,255.42,114.09,115.29,8.64
798.24,121.5,8.22,83.36,142.98,515.95,887.13,58.2,52.08,254.96,114.09,115.41,8.64
799.27,123.79,4.1,99.47,125.33,515.95,874.02,60.81,56.2,254.76,114.13,115.52,8.26
800.29,121.5,5.71,85.71,145.57,522.43,888.15,61.1,54.59,254.73,114.09,115.6,9.41
801.32,119.8,5.58,87.05,136.5,521.29,888.56,60.75,54.72,254.74,114.13,115.71,8.64
802.33,121.5,2.41,89.71,132.76,523.58,892.86,60.57,57.89,254.45,114.09,115.79,8.64
803.36,123.79,5.87,81.68,131.73,527.01,893.68,60.54,54.43,254.45,114.09,115.79,9.03
804.37,120.74,5.21,76.04,131.58,523.58,891.02,59.28,55.09,254.22,114.13,115.87,8.64
805.39,121.5,5.46,80.4,132.99,522.43,888.35,57.7,54.84,254.02,114.13,115.94,9.03
806.42,123.79,5.42,81.35,132.46,523.58,888.76,57.82,54.88,253.78,114.17,116.02,9.03
807.43,121.5,6.37,83.03,130.44,524.72,891.22,59.66,53.93,252.98,114.2,116.09,9.03
808.46,119.8,7.85,78.66,136.23,528.53,893.68,59.84,52.45,252.9,114.2,116.13,9.03
809.49,123.79,9.25,77.96,133.41,529.29,892.45,59.96,51.05,252.9,114.24,116.17,8.64
810.53,119.8,10.0,78.81,133.26,525.48,890.81,60.22,50.3,252.56,114.28,116.25,8.64
811.54,121.5,5.71,78.88,130.44,523.19,873.61,59.43,54.59,252.37,114.32,116.29,8.64
812.55,121.5,4.72,85.04,129.48,520.53,886.92,61.07,55.58,252.03,114.36,116.36,9.03
813.56,121.5,8.35,83.73,130.25,518.24,663.11,59.63,51.95,251.3,114.39,116.4,8.64
814.58,119.8,10.86,74.82,135.7,515.19,835.93,60.16,49.44,251.08,114.36,116.44,8.64
815.63,121.38,6.53,91.2,74.93,608.59,965.68,63.7,53.77,245.57,114.81,116.63,8.26
816.65,120.99,8.51,72.96,78.02,587.24,941.53,62.59,51.79,244.98,114.78,116.7,8.26
817.67,122.11,10.78,85.89,76.76,575.04,922.14,61.77,49.52,245.37,114.85,116.7,7.88
818.68,121.04,8.47,88.3,75.31,576.57,921.74,61.24,51.83,245.15,114.89,116.78,7.88
819.72,124.42,5.38,98.95,68.33,573.14,921.73,60.57,54.92,244.8,114.93,116.86,8.26
820.74,117.65,7.77,77.75,73.36,522.43,865.35,58.2,52.53,245.1,115.0,116.7,8.26
821.76,122.12,9.09,73.45,80.07,519.0,889.28,58.76,51.21,245.55,115.0,116.48,8.26
822.77,122.11,8.51,74.48,76.3,543.4,902.6,59.52,51.79,245.86,114.93,116.4,8.26
823.81,120.36,8.92,78.54,74.51,541.49,864.12,60.19,51.38,245.9,114.85,116.55,8.26
824.83,122.12,8.76,70.15,78.55,538.83,897.9,60.78,51.54,245.85,114.85,116.7,8.26
825.85,122.11,8.55,90.1,79.54,536.92,897.7,60.63,51.75,245.67,114.97,116.78,8.26
826.88,120.43,11.6,90.1,80.65,536.92,898.92,61.07,48.7,245.59,115.04,116.86,7.88
827.92,120.4,11.23,87.88,82.86,536.92,893.8,61.01,49.07,245.58,115.08,116.93,8.64
828.96,124.41,7.56,92.45,75.16,538.83,893.02,60.81,52.74,245.58,115.12,117.05,8.26
829.98,122.12,2.0,117.17,63.45,543.78,892.03,61.51,58.3,245.28,115.16,117.09,7.88
831.01,120.41,8.02,78.48,81.9,546.83,894.9,61.95,52.28,244.68,115.16,117.05,7.88
832.03,122.11,4.22,98.92,68.37,548.74,894.29,61.86,56.08,244.5,115.23,116.97,8.26
833.05,122.12,7.77,79.39,73.48,544.16,892.86,62.3,52.53,244.47,115.23,116.9,7.88
834.06,122.64,8.39,77.26,75.08,544.93,891.42,61.77,51.91,244.12,115.27,116.74,8.26
835.1,120.41,6.41,81.35,73.1,544.54,893.68,61.83,53.89,244.13,115.31,116.74,8.26
836.12,122.14,6.37,93.89,67.8,549.12,895.72,62.21,53.93,244.12,115.31,116.7,8.26
837.16,120.4,10.74,75.12,79.05,547.98,894.91,62.3,49.56,243.91,115.35,116.67,8.26
838.17,122.11,5.21,95.44,75.5,549.5,895.53,62.53,55.09,243.45,115.31,116.51,8.26
839.21,124.43,4.1,99.04,71.73,548.36,894.71,62.68,56.2,243.42,115.39,116.4,8.26
840.25,120.42,3.03,102.95,62.96,549.12,893.89,62.62,57.27,243.43,115.42,116.25,8.26
841.27,122.11,6.12,76.01,66.73,545.69,890.82,62.3,54.18,243.42,115.39,116.32,8.26
842.3,120.4,8.76,62.77,74.89,548.74,891.23,62.33,51.54,243.42,115.39,116.48,8.26
843.32,122.12,7.97,82.75,78.93,546.45,891.64,62.24,52.33,243.43,115.42,116.63,7.88
844.34,122.12,5.91,102.67,73.86,546.07,891.23,62.12,54.39,243.42,115.39,116.63,7.88
845.36,122.14,7.07,105.91,71.31,553.31,894.71,62.09,53.23,243.75,115.39,116.59,8.26
846.39,73.2,1.6,96.91,125.9,573.14,926.42,62.74,58.8,251.44,114.01,114.84,8.64
847.43,116.65,8.4,73.9,131.47,551.03,915.3,62.8,52.0,251.74,114.09,114.91,8.64
848.45,122.11,2.76,88.79,128.23,547.98,903.84,63.32,57.64,252.22,114.09,114.91,9.03
849.46,122.12,9.19,80.0,137.64,545.69,839.75,61.51,51.21,252.24,114.09,114.91,9.03
850.5,116.65,10.01,77.26,146.79,557.89,903.13,63.29,50.39,252.24,114.13,114.8,9.03
851.54,120.4,11.17,85.04,140.58,554.46,896.8,62.74,49.23,252.6,114.13,114.76,9.03
852.58,120.4,9.93,82.57,142.18,554.46,897.82,62.04,50.47,252.6,114.13,114.65,9.03
853.61,120.4,11.37,79.3,145.08,505.28,858.05,60.83,49.03,253.11,114.13,114.53,8.64
854.65,120.4,10.43,82.14,143.63,506.8,850.46,60.48,49.97,253.73,114.13,114.49,9.03
855.67,122.11,7.42,89.58,135.66,504.13,859.46,60.01,52.98,254.12,114.17,114.49,9.03
856.68,118.18,10.01,88.43,136.96,505.28,863.35,60.19,50.39,254.13,114.17,114.61,8.64
857.7,122.12,8.4,93.15,133.3,504.51,861.92,59.72,52.0,254.13,114.17,114.68,8.64
858.74,109.81,10.88,86.41,138.71,505.28,861.1,58.58,49.52,254.58,114.13,114.91,9.03
859.78,116.65,7.66,77.47,145.42,507.56,856.81,58.49,52.74,254.75,114.09,115.37,9.03
860.81,109.79,11.29,79.79,148.47,509.85,868.47,58.61,49.11,254.76,114.09,115.56,9.03
861.83,122.11,10.67,78.27,146.83,507.56,848.0,57.79,49.73,254.76,114.09,115.64,9.03
862.85,114.49,9.81,81.84,146.26,507.18,865.81,57.91,50.59,255.12,114.09,115.71,9.03
863.87,122.11,10.43,88.18,138.79,502.61,827.52,58.02,49.97,255.13,114.09,115.83,8.64
864.88,122.12,11.29,85.28,140.46,498.79,860.89,58.4,49.11,255.13,114.09,115.83,8.64
865.9,118.18,9.06,88.88,138.25,501.46,860.48,57.73,51.34,255.12,114.09,115.83,9.03
866.92,122.11,7.37,86.72,140.66,502.61,862.32,58.26,53.03,254.78,114.09,115.87,8.64
867.94,122.11,7.95,83.42,141.15,502.61,841.24,57.88,52.45,254.76,114.09,115.98,8.64
868.95,120.4,10.96,83.06,139.97,505.28,835.71,58.46,49.44,254.76,114.13,116.06,8.64
869.97,122.11,9.97,82.35,146.45,507.18,863.76,59.96,50.43,254.76,114.17,115.94,9.03
870.99,122.11,8.45,89.62,140.46,503.37,859.46,59.52,51.95,254.76,114.2,116.02,9.03
872.01,122.11,10.18,93.09,136.65,500.7,859.25,60.37,50.22,254.76,114.24,116.09,9.03
873.02,120.41,8.73,88.88,144.35,495.36,857.2,60.75,51.67,254.76,114.28,116.21,8.64
874.04,114.5,10.14,86.56,141.99,498.41,855.15,59.63,50.26,254.47,114.32,116.25,8.64
875.08,124.42,6.92,88.21,140.73,499.56,857.81,59.22,53.48,253.61,114.39,116.25,8.64
876.12,116.65,10.96,90.9,140.2,501.08,858.02,59.72,49.44,253.54,114.43,116.29,9.03
877.13,122.15,8.98,83.94,146.76,502.61,859.04,59.81,51.42,253.55,114.47,116.32,9.03
878.15,124.89,9.48,87.66,142.07,503.37,858.43,60.4,50.92,253.26,114.51,116.36,9.03
879.15,121.55,7.17,85.92,131.51,538.83,877.33,61.71,53.23,248.44,114.93,116.21,9.03
880.17,122.11,4.03,87.85,127.5,532.34,875.08,61.24,56.37,248.46,114.97,116.21,8.64
881.19,122.12,8.2,84.76,132.61,530.44,872.0,58.2,52.2,248.46,115.0,116.21,8.64
882.21,122.04,7.42,87.69,130.44,528.53,873.44,58.67,52.98,248.45,115.04,116.09,8.64
883.24,120.42,6.8,83.03,134.75,529.68,873.64,61.24,53.6,248.44,115.04,115.94,9.03
884.26,122.11,7.17,87.08,132.57,531.2,874.87,61.3,53.23,249.43,115.04,115.94,8.64
885.28,120.4,5.11,82.02,134.63,529.29,872.41,59.43,55.29,249.83,115.0,116.06,8.64
886.33,122.64,6.55,89.31,132.95,530.44,873.23,59.93,53.85,249.84,114.97,116.02,9.03
887.37,119.68,7.46,81.19,136.84,527.39,871.59,59.9,52.94,249.84,114.89,116.13,9.03
888.39,122.11,7.7,85.68,135.66,474.78,837.93,57.61,52.7,250.6,114.85,116.17,8.64
889.41,122.12,6.01,89.98,131.39,472.49,823.24,56.12,54.39,251.07,114.81,116.29,8.64
890.42,126.25,2.76,94.92,128.76,470.96,824.26,55.94,57.64,251.35,114.78,116.36,8.64
891.44,118.18,5.15,88.52,134.21,468.29,822.83,56.15,55.25,251.25,114.74,116.48,8.64
892.46,120.91,7.37,90.38,130.13,470.96,825.29,56.09,53.03,252.09,114.74,116.59,8.64
893.48,122.11,8.53,79.18,140.96,471.73,826.31,56.41,51.87,252.12,114.66,116.63,8.64
894.49,122.11,7.0,86.41,133.91,472.11,824.68,56.12,53.4,252.41,114.62,116.7,8.64
895.53,119.93,7.0,86.69,132.53,470.58,823.44,55.89,53.4,252.37,114.62,116.7,9.03
896.55,122.12,7.95,77.72,139.66,471.34,825.7,56.18,52.45,252.67,114.62,116.74,8.64
897.57,120.4,11.74,82.02,140.46,471.73,825.49,56.71,48.66,252.79,114.59,116.78,8.64
898.6,120.4,10.14,81.16,138.56,468.29,820.99,57.53,50.26,253.24,114.55,116.78,8.64
899.62,122.12,11.09,80.0,135.32,469.82,823.85,58.38,49.31,253.26,114.51,116.74,8.64
900.64,122.11,9.93,84.83,133.6,471.34,824.67,58.7,50.47,253.27,114.51,116.82,8.64
901.67,120.42,12.16,81.93,134.29,492.69,842.5,59.87,48.24,253.26,114.47,116.86,8.64
902.69,122.12,8.36,86.81,129.1,491.93,838.62,59.99,52.04,253.26,114.47,116.86,8.64
903.71,120.4,9.15,84.92,131.43,490.41,840.06,60.31,51.25,253.27,114.47,116.86,9.03
904.75,120.4,13.06,74.7,143.1,492.69,841.08,60.69,47.34,253.3,114.43,116.9,9.03
905.78,124.41,11.42,77.66,140.16,492.69,841.49,60.37,48.98,253.3,114.43,116.86,9.03
906.8,114.49,14.67,72.87,146.37,486.98,837.8,60.63,45.73,253.56,114.43,116.86,9.03
907.84,113.12,9.77,77.2,137.45,492.31,839.03,60.66,50.63,254.2,114.43,116.82,9.03
908.86,122.11,10.55,61.03,151.1,492.31,840.46,60.28,49.85,254.04,114.43,116.82,9.03
909.86,106.64,9.39,72.87,201.01,502.99,870.29,59.63,51.01,251.38,114.09,114.49,8.64
910.89,109.81,13.19,73.08,229.64,510.99,856.65,60.22,47.21,251.38,114.09,114.61,9.03
911.93,113.12,13.81,69.33,228.76,500.7,870.45,59.08,46.59,251.37,114.05,114.76,9.03
912.95,99.0,12.94,69.39,221.71,503.75,873.09,59.75,47.46,251.38,114.05,114.84,8.64
913.98,112.63,11.46,76.1,241.72,507.56,858.24,61.57,48.94,251.37,114.09,114.91,9.03
915.0,104.69,12.98,84.12,235.97,508.71,859.69,61.33,47.42,251.36,114.05,114.99,9.03
916.04,116.65,9.06,68.32,178.09,506.8,859.28,61.36,51.34,251.38,114.09,115.1,7.88
917.06,96.4,14.47,63.53,187.28,509.85,860.92,59.17,45.93,251.38,114.13,115.1,8.26
918.08,96.43,11.91,81.35,185.19,508.33,859.69,59.11,48.49,251.73,114.13,114.8,8.26
919.09,120.4,12.86,87.51,183.32,510.61,860.3,59.22,47.54,251.73,114.13,114.53,7.88
920.13,113.11,12.57,77.01,192.12,512.14,862.76,60.42,47.83,252.04,114.13,114.46,7.88
921.15,89.4,12.2,62.0,205.16,510.99,861.74,58.52,48.2,252.08,114.09,114.68,8.26
922.17,87.26,14.8,63.04,206.23,512.14,860.1,59.37,45.6,252.09,114.05,114.99,8.26
923.2,95.73,16.07,83.67,183.89,504.51,857.43,59.84,44.33,252.1,114.01,115.26,7.88
924.22,107.12,16.49,95.38,176.99,504.13,856.2,61.89,43.91,251.77,114.01,115.41,7.88
925.24,114.48,14.96,102.58,170.01,504.13,855.39,62.12,45.44,251.73,114.01,115.48,7.5
926.28,109.8,12.03,90.87,164.67,507.18,856.82,61.71,48.37,251.38,114.01,115.56,7.5
927.29,121.79,14.22,89.71,171.99,505.28,854.98,61.65,46.18,251.37,114.01,115.6,7.88
928.31,118.18,13.19,97.36,167.46,507.94,857.02,61.45,47.21,251.26,114.01,115.68,7.88
929.33,118.18,15.66,89.95,170.58,506.8,855.59,61.83,44.74,250.52,114.01,115.71,7.5
930.35,111.03,15.29,94.56,169.06,506.8,855.18,61.42,45.11,250.42,114.05,115.75,7.88
931.36,96.44,15.04,86.44,173.18,505.28,854.77,61.27,45.36,250.19,114.05,115.83,7.88
932.38,114.49,16.69,76.62,181.72,507.94,855.8,61.07,43.71,250.17,114.09,115.87,7.5
933.4,79.62,16.4,72.93,197.88,504.51,853.14,61.86,44.0,250.0,114.13,115.94,7.88
934.42,79.68,17.68,95.29,172.68,504.51,853.34,61.33,42.72,249.82,114.17,115.98,7.5
935.44,86.82,16.24,102.37,170.09,501.84,849.25,62.27,44.16,249.74,114.17,116.02,7.5
936.47,106.65,16.9,93.15,173.86,506.42,853.95,61.83,43.5,249.09,114.2,116.02,7.88
937.49,111.04,16.53,93.31,173.86,507.18,855.18,61.86,43.87,248.78,114.24,116.09,7.5
938.51,106.67,12.45,97.55,172.22,509.47,854.16,62.68,47.95,248.86,114.24,116.13,7.5
939.55,113.12,16.94,94.01,176.0,507.18,853.34,62.06,43.46,249.29,114.24,116.17,7.5
940.55,89.39,13.39,64.05,194.75,494.22,873.3,60.28,47.01,247.17,113.82,116.06,7.5
941.57,60.11,14.8,76.04,229.98,514.04,824.25,61.63,45.6,247.16,113.9,115.98,7.88
942.58,61.25,14.26,76.31,235.01,509.85,863.96,62.18,46.14,247.16,113.9,115.94,7.88
943.6,79.67,16.53,78.94,250.46,503.75,852.12,62.21,43.87,247.14,113.94,115.87,7.88
944.62,31.58,2.96,116.68,146.72,501.84,850.27,60.78,57.44,247.18,114.05,115.52,6.74
945.66,113.07,15.46,91.63,168.98,501.08,850.48,60.13,44.94,247.17,114.05,115.56,6.74
946.69,109.79,14.8,100.63,162.65,502.61,850.89,61.13,45.6,247.17,114.05,115.56,6.74
947.71,104.67,12.82,100.48,163.57,506.42,855.39,60.54,47.58,247.17,114.01,115.6,6.74
948.75,116.65,12.53,101.27,158.92,507.18,854.36,59.69,47.87,247.18,114.01,115.75,6.74
949.77,117.06,7.58,98.04,153.08,502.61,852.11,60.45,52.82,247.17,113.98,115.79,6.74
950.8,124.43,5.11,78.14,155.64,506.04,854.36,59.55,55.29,247.17,113.98,115.83,6.74
951.84,120.43,6.47,94.71,143.06,499.56,851.29,59.81,53.93,247.17,113.98,115.87,6.36
952.88,124.42,4.57,94.01,143.71,501.08,855.18,60.78,55.83,247.17,113.94,115.9,6.36
953.91,116.6,10.43,91.26,146.91,506.8,856.61,60.37,49.97,247.15,113.94,115.94,6.74
954.95,113.12,12.16,82.05,152.09,509.09,858.86,59.93,48.24,247.05,113.94,116.02,6.74
955.99,120.34,13.31,85.68,149.35,505.28,855.59,60.57,47.09,246.85,113.94,116.09,6.36
957.03,103.7,14.43,85.22,148.47,505.66,858.45,59.84,45.97,246.88,113.98,116.21,6.36
958.06,120.41,12.9,86.9,149.65,505.28,777.57,58.73,47.5,246.88,113.98,116.25,6.74
959.08,118.18,14.59,75.46,161.24,507.18,857.02,56.85,45.81,246.49,113.98,116.29,6.36
960.12,120.4,10.01,88.97,146.98,502.61,852.92,57.15,50.39,246.4,114.01,116.29,6.36
961.15,120.4,10.01,86.17,150.38,502.61,853.74,58.4,50.39,246.4,113.98,116.29,6.36
962.17,122.12,12.28,90.84,149.31,498.79,844.12,57.67,48.12,246.49,114.01,116.29,6.36
963.19,122.11,6.51,96.21,145.38,502.61,852.52,58.7,53.89,246.72,114.05,116.29,6.36
964.23,120.4,8.4,97.61,141.99,501.08,851.9,59.37,52.0,246.59,114.05,116.29,6.36
965.24,122.11,8.94,95.41,142.64,498.41,841.87,58.99,51.46,246.53,114.05,116.29,6.36
966.26,122.11,7.83,93.64,143.21,498.79,839.61,58.76,52.57,246.4,114.05,116.25,5.97
967.28,122.11,8.4,93.76,143.97,498.41,850.26,58.55,52.0,246.38,114.09,116.25,6.74
968.3,122.11,5.6,96.14,139.63,501.46,788.01,58.2,54.8,246.41,114.09,116.25,6.36
969.31,122.13,3.58,100.29,137.07,496.89,850.67,57.61,56.82,246.37,114.09,116.25,6.36
970.35,120.41,5.15,103.1,138.48,500.32,850.87,57.17,55.25,246.37,114.09,116.25,6.36
971.37,122.11,8.49,99.87,140.77,495.74,849.85,56.79,51.91,246.38,114.09,116.25,6.36
972.39,122.11,6.55,100.26,138.71,500.7,852.71,57.35,53.85,247.81,114.13,116.25,5.97
973.4,74.65,15.71,68.53,136.61,510.23,852.36,60.04,47.09,246.06,113.71,116.06,5.59
974.42,122.12,8.5,87.78,145.99,496.13,847.22,59.6,54.3,246.04,113.75,116.02,5.97
975.45,124.43,9.9,93.25,135.13,509.85,808.05,59.63,52.9,246.14,113.75,116.02,5.59
976.47,118.13,11.34,51.05,166.58,505.66,862.32,58.64,51.46,246.06,113.75,116.02,6.36
977.49,122.12,9.61,79.85,165.63,508.71,863.34,58.84,53.19,246.02,113.78,115.98,6.36
978.51,122.12,8.41,33.69,177.48,508.33,863.96,57.56,54.39,246.05,113.78,115.98,5.97
979.52,143.56,13.65,66.49,162.58,513.28,748.44,58.84,49.15,248.51,115.42,116.78,5.59
980.54,53.88,9.65,67.65,171.04,510.23,747.62,58.14,53.15,248.51,115.42,116.67,5.59
981.56,118.21,8.5,107.04,134.44,513.28,838.74,57.44,54.3,248.52,115.46,116.67,5.21
982.58,118.2,12.45,86.47,123.96,514.43,845.7,57.03,50.35,248.5,115.5,116.63,4.83
983.61,124.45,6.68,86.23,118.24,512.9,846.73,56.12,56.12,248.38,115.46,116.63,5.21
984.63,122.12,5.82,86.26,119.15,512.9,844.68,56.15,56.98,247.7,115.5,116.63,5.21
985.67,120.43,7.3,89.83,115.61,510.99,820.52,56.79,55.5,247.45,115.5,116.55,4.83
986.71,120.42,4.95,85.41,118.12,514.43,846.52,55.54,57.85,247.62,115.5,116.55,5.21
987.72,122.12,5.49,83.7,117.67,512.52,810.89,56.33,57.31,247.2,115.5,116.55,4.83
988.76,120.42,3.46,83.94,116.79,514.81,822.98,55.24,59.34,247.0,115.5,116.59,5.21
989.8,120.4,5.28,83.85,116.14,520.53,833.49,54.31,57.52,245.38,115.5,116.63,4.83
990.82,122.11,8.04,51.05,149.0,540.73,754.27,56.15,54.76,245.39,115.42,116.67,5.59
991.85,120.4,7.75,78.51,128.61,538.83,814.06,55.77,55.05,246.25,115.31,116.7,5.21
992.89,120.4,7.26,55.32,156.97,539.21,882.86,58.32,55.54,246.32,115.27,116.7,5.59
993.91,122.11,2.76,54.86,157.81,541.11,885.11,58.9,60.04,246.48,115.2,116.78,5.21
994.92,122.65,4.58,50.56,160.63,533.87,801.16,58.67,58.22,246.61,115.12,116.82,5.21
995.96,120.41,2.35,50.84,160.25,536.54,814.67,60.04,60.45,246.62,115.08,116.9,5.59
996.98,122.15,0.78,69.85,180.08,543.4,791.94,59.69,62.02,246.62,115.0,116.97,5.97
998.0,116.65,7.71,114.42,157.58,543.4,888.79,59.34,55.09,246.61,114.97,117.09,5.59
999.01,122.11,10.1,110.12,157.01,541.49,887.77,59.43,52.7,246.38,114.93,117.12,5.59
1000.03,122.11,9.32,112.13,153.12,507.18,865.0,58.2,53.48,246.32,114.89,117.09,5.21
1001.09,122.64,3.01,78.88,159.6,506.42,686.03,56.59,59.79,246.03,114.85,117.12,5.59
1002.13,120.42,4.95,80.55,126.59,504.89,856.19,57.41,57.85,246.03,114.81,117.12,5.21
1003.16,120.4,9.4,87.08,133.95,503.37,682.13,57.99,53.4,246.03,114.78,117.12,5.21
1004.18,41.17,8.0,75.98,117.74,501.08,853.16,59.22,54.8,248.43,113.4,116.82,4.45
1005.22,103.71,13.11,62.8,126.28,507.56,850.43,59.78,49.69,248.46,113.44,116.86,4.45
1006.24,104.66,6.85,79.52,115.07,499.94,848.62,58.11,55.95,248.16,113.52,116.86,4.45
1007.26,104.7,13.28,68.59,134.44,509.47,860.92,59.93,49.52,248.14,113.52,116.74,4.45
1008.29,120.42,10.72,75.61,133.64,509.85,863.79,60.01,52.08,248.44,113.56,116.7,4.45
1009.33,106.66,10.27,81.74,139.17,506.42,863.58,60.83,52.53,248.11,113.59,116.63,4.83
1010.37,120.36,11.18,75.46,143.97,508.33,864.39,60.72,51.62,248.12,113.63,116.63,5.21
1011.38,122.07,5.94,88.91,131.58,504.51,861.53,60.34,56.86,248.12,113.63,116.59,4.83
1012.42,120.4,11.92,72.19,134.17,505.28,862.76,59.93,50.88,248.41,113.63,116.48,4.45
1013.44,122.11,8.74,79.76,128.57,509.09,865.21,59.22,54.06,248.63,113.67,116.44,4.83
1014.47,120.4,9.69,84.28,130.02,509.09,865.62,60.01,53.11,248.78,113.67,116.29,4.83
1015.49,111.02,8.7,81.5,130.29,508.33,865.83,58.46,54.1,249.59,113.71,116.17,4.83
1016.51,122.12,5.86,85.22,127.65,508.71,864.19,58.29,56.94,249.6,113.71,116.02,4.83
1017.55,120.42,10.68,76.28,134.78,506.04,862.14,56.97,52.12,249.66,113.71,115.79,4.45
1018.58,120.4,9.24,85.83,127.88,509.85,790.89,56.94,53.56,250.24,113.75,115.75,4.83
1019.6,122.11,7.67,83.03,128.61,507.18,851.7,57.09,55.13,249.95,113.75,115.75,4.83
1020.62,101.77,11.34,51.08,157.54,506.8,864.6,58.05,51.46,249.96,113.71,115.75,4.83
1021.66,120.4,8.21,75.73,138.6,509.85,858.04,58.11,54.59,249.96,113.67,115.83,4.83
1022.67,122.12,6.97,63.77,145.84,507.56,842.68,58.76,55.83,249.96,113.63,115.87,4.45
1023.71,120.4,10.19,63.62,141.65,507.56,724.73,58.99,52.61,250.38,113.59,115.9,4.45
1024.75,120.47,10.56,71.65,145.92,536.92,880.77,59.02,52.24,250.71,113.56,115.9,4.83
1025.77,122.23,10.39,87.91,133.45,514.04,842.08,58.81,52.41,250.64,113.52,115.9,4.45
1026.8,120.5,10.72,92.21,133.56,509.47,865.21,59.11,52.08,250.43,113.52,115.94,4.83
1027.84,120.51,10.64,87.48,133.45,507.18,736.41,59.78,52.16,250.62,113.44,115.94,4.45
1028.86,122.23,10.97,86.59,134.67,506.04,775.52,60.07,51.83,251.05,113.44,115.94,4.45
1029.88,120.51,11.51,87.27,132.34,508.33,867.25,60.22,51.29,251.11,113.44,115.94,4.83
1030.92,120.51,13.49,82.6,138.18,505.66,762.83,61.65,49.31,251.14,113.44,115.94,4.45
1031.93,107.81,14.14,74.76,144.89,506.8,841.45,61.57,48.66,251.0,113.44,115.98,4.83
1032.95,114.55,16.25,66.18,152.36,508.33,829.78,62.18,46.55,250.97,113.4,115.98,4.83
1033.97,83.26,16.66,65.48,160.21,507.18,686.87,60.83,46.14,251.04,113.4,115.94,4.83
1035.01,95.74,15.92,56.02,167.84,510.99,856.61,60.51,46.88,251.28,113.37,115.98,4.83
1036.03,91.59,15.18,80.31,164.45,505.28,860.5,60.01,47.62,251.34,113.4,115.94,4.83
1037.05,40.71,0.83,91.9,115.99,493.46,807.26,56.18,61.97,253.63,112.76,115.71,4.45
1038.09,120.5,2.02,89.16,121.33,496.13,691.96,56.03,60.78,253.62,112.76,115.68,4.07
1039.15,122.72,2.06,76.74,129.9,496.51,693.39,54.31,60.74,253.62,112.83,115.6,4.83
1040.17,122.15,1.82,83.79,125.48,536.92,873.0,54.63,60.98,253.63,112.83,115.56,4.45
1041.2,120.48,1.03,91.69,122.85,550.26,890.64,56.44,61.77,253.33,112.87,115.48,4.45
1042.22,122.71,1.77,88.64,116.18,547.59,870.99,55.71,61.03,252.62,112.91,115.37,4.45
1043.24,122.18,3.11,87.36,119.95,544.54,787.65,53.31,61.19,252.46,112.91,115.26,4.45
1044.28,120.5,2.66,88.24,119.42,550.26,826.96,53.31,61.64,252.14,112.91,115.1,4.07
1045.3,122.21,1.42,83.7,120.3,550.64,799.52,55.51,62.88,251.78,112.91,115.03,4.45
1046.31,122.72,2.7,84.98,120.37,547.98,893.1,53.46,61.6,251.77,112.95,114.91,4.07
1047.35,120.47,2.9,76.77,131.66,550.64,893.92,55.68,61.4,251.25,112.91,114.84,4.45
1048.39,116.72,12.76,70.85,131.2,547.98,894.33,57.03,51.54,251.01,112.95,114.84,4.07
1049.43,109.85,18.33,63.8,163.64,555.98,892.69,58.14,45.97,251.54,112.87,114.87,4.83
1050.44,66.57,16.84,64.99,193.38,549.12,892.49,58.61,47.46,251.73,112.83,114.91,5.21
1051.46,52.54,19.44,91.66,163.03,543.78,730.51,57.47,44.86,251.76,112.83,114.99,4.83
1052.5,109.86,15.32,95.23,157.62,546.45,890.02,58.05,48.98,251.76,112.79,115.03,4.83
1053.52,111.09,22.57,91.63,160.44,546.45,696.52,57.5,41.73,251.76,112.83,115.07,4.45
1054.53,93.95,21.67,83.91,172.45,549.12,702.46,58.87,42.63,251.77,112.76,115.14,5.21
1055.55,101.79,21.83,70.97,198.64,548.36,896.16,59.05,42.47,251.9,112.76,115.14,5.21
1056.57,106.69,24.88,70.33,220.11,546.45,893.7,58.02,39.42,251.77,112.76,115.1,5.59
1057.59,96.43,24.68,68.05,222.4,544.54,895.75,58.35,39.62,251.75,112.72,115.1,5.59
1058.61,101.79,21.67,74.18,234.1,543.78,892.88,58.08,42.63,251.75,112.76,115.14,5.59
1059.62,120.51,16.3,81.16,233.03,542.64,893.5,59.02,48.0,251.75,112.72,115.14,5.97
1060.66,120.5,15.89,82.32,226.97,547.21,893.29,60.6,48.41,251.71,112.76,115.18,5.59
1061.7,124.54,16.55,75.21,237.04,544.93,891.45,61.3,47.75,251.11,112.76,115.14,5.97
1062.74,120.51,11.85,82.66,226.32,543.02,891.65,58.14,52.45,250.96,112.76,115.03,5.59
1063.77,120.5,13.91,78.57,231.96,540.35,896.57,61.74,50.39,250.97,112.76,114.95,5.59
1064.79,122.23,18.61,73.35,240.92,538.44,845.17,61.27,45.69,250.94,112.76,114.99,5.59
1065.83,120.51,13.75,89.83,228.0,502.23,809.53,59.78,50.55,250.65,112.76,115.03,5.21
1066.85,122.21,12.06,77.87,135.81,491.17,862.09,57.32,52.24,250.66,112.83,115.07,4.07
1067.87,91.63,6.82,75.06,193.5,494.98,863.72,59.2,57.48,250.66,112.79,115.07,4.83
1068.87,91.65,7.27,79.27,206.15,546.45,800.5,60.07,57.03,253.54,112.07,115.22,5.21
1069.89,120.45,9.21,76.22,208.82,547.21,862.75,57.03,55.09,253.42,112.11,115.22,4.83
1070.91,118.26,14.61,69.69,211.07,549.88,786.57,57.17,49.69,253.16,112.15,115.22,5.21
1071.92,122.23,14.53,67.74,214.5,549.5,725.55,56.38,49.77,253.17,112.18,115.22,5.21
1072.96,120.51,14.0,109.36,170.74,547.98,803.77,58.43,50.3,253.25,112.26,115.22,4.07
1073.98,122.23,15.69,91.96,150.26,551.79,890.37,59.28,48.61,253.1,112.3,115.18,4.07
1075.0,122.23,10.41,95.78,145.27,554.08,873.98,58.93,53.89,253.09,112.34,115.14,4.45
1076.02,122.18,9.91,105.97,136.0,555.98,817.26,57.73,54.39,252.82,112.37,115.07,4.45
1077.06,120.5,12.39,89.65,146.34,559.79,856.36,59.08,51.91,252.78,112.41,115.07,4.45
1078.09,120.48,11.03,95.5,137.8,552.55,864.97,58.67,53.27,252.72,112.45,115.07,4.07
1079.13,120.5,15.4,80.98,144.54,518.62,890.37,57.26,48.9,253.31,112.49,115.07,3.69
1080.15,122.23,18.08,81.74,144.12,514.43,872.18,55.62,46.22,253.74,112.53,114.99,4.45
1081.19,120.51,12.84,89.34,135.78,501.84,774.92,55.1,51.46,253.97,112.53,114.91,4.07
1082.22,120.5,19.23,67.34,153.92,497.65,621.56,54.42,45.07,253.98,112.53,114.72,4.07
1083.24,122.23,15.4,85.19,140.62,496.13,848.64,54.16,48.9,253.98,112.56,114.65,4.07
1084.28,120.51,8.1,92.03,135.62,499.18,848.23,53.92,56.2,254.06,112.53,114.57,4.07
1085.3,122.23,13.67,87.91,135.89,497.65,845.77,54.01,50.63,254.64,112.53,114.68,4.07
1086.34,120.51,13.42,82.96,140.81,493.46,819.56,55.59,50.88,254.64,112.53,114.76,4.07
1087.37,120.5,11.11,86.75,135.78,498.41,803.18,55.45,53.19,254.64,112.53,114.8,4.07
1088.41,124.54,11.69,90.29,136.16,496.13,830.0,56.33,52.61,254.63,112.53,114.87,4.07
1089.45,120.5,13.71,83.85,141.91,496.51,837.99,55.62,50.59,254.68,112.53,114.87,4.07
1090.47,114.56,14.82,89.22,136.54,517.09,812.43,55.92,49.48,255.4,112.56,114.84,4.07
1091.49,99.03,15.4,87.14,142.71,521.67,797.89,57.47,48.9,255.42,112.56,114.87,4.07
1092.51,64.62,2.78,103.77,126.66,514.81,858.7,57.32,61.52,255.17,112.6,114.87,4.07
1093.52,43.62,15.03,91.14,135.7,525.1,843.76,56.06,49.27,255.42,112.6,114.87,4.07
1094.56,113.14,19.4,84.76,142.29,524.34,854.82,55.24,44.9,255.42,112.64,114.84,4.07
1095.67,117.93,20.92,91.45,152.4,521.29,855.03,56.71,43.38,255.42,112.64,114.84,4.07
1096.75,104.63,13.58,87.66,144.09,518.62,854.82,56.62,50.72,255.13,112.64,114.84,4.07
1097.79,103.62,15.44,80.46,153.27,518.24,837.21,55.92,48.86,255.42,112.64,114.87,4.07
1098.9,126.37,18.82,85.1,151.71,520.14,638.38,56.5,45.48,255.11,112.64,114.84,4.07
1099.94,133.31,13.83,80.07,154.49,520.14,746.9,55.94,50.47,254.96,112.64,114.87,4.07
1100.96,93.93,12.22,111.34,150.07,523.19,725.08,54.72,52.08,258.84,112.18,114.84,3.69
1101.99,143.55,16.59,106.18,151.83,528.53,738.38,54.95,47.71,259.01,112.22,114.76,3.31
1103.01,89.35,10.41,111.16,152.74,530.44,659.34,55.18,53.89,259.15,112.26,114.65,3.31
1104.05,115.2,10.41,82.6,171.19,530.44,583.37,54.77,53.89,259.38,112.3,114.57,3.31
1105.08,33.64,9.09,104.29,132.04,535.78,803.69,54.72,55.21,259.99,112.34,114.19,3.31
1106.1,164.14,17.91,92.64,152.82,533.49,903.81,54.33,46.39,259.98,112.34,114.15,3.69
1107.12,135.73,13.17,103.38,148.62,532.34,651.96,55.62,51.13,260.02,112.34,114.11,3.69
1108.18,105.62,10.0,95.44,128.19,535.78,819.86,57.76,54.3,260.68,112.34,114.19,2.92
1109.21,106.6,13.5,79.03,133.22,530.82,667.11,58.38,50.8,261.45,112.3,114.19,3.31
1110.27,152.1,11.19,96.24,132.31,532.34,747.38,58.26,53.11,261.79,112.3,114.23,3.31
1111.31,219.52,4.39,104.38,122.81,532.34,700.28,59.22,59.91,261.91,112.3,114.23,3.31
1112.38,110.62,8.72,103.53,125.52,534.63,725.67,58.55,55.58,261.91,112.26,114.26,2.92
1113.4,87.24,2.94,101.58,124.6,527.01,798.37,56.85,61.36,261.92,112.26,114.34,2.92
1114.46,127.09,13.09,89.28,133.56,531.2,899.72,57.32,51.21,261.92,112.26,114.38,2.92
1115.51,100.07,16.76,92.7,132.92,535.78,745.75,57.41,47.54,261.93,112.26,114.42,3.31
1116.63,143.18,17.71,93.64,131.54,533.87,623.3,57.23,46.59,261.91,112.26,114.42,2.92
1117.72,109.44,19.64,85.74,137.45,528.53,743.29,55.97,44.66,261.92,112.22,114.49,2.92
1118.85,101.96,19.31,96.24,130.09,530.44,861.64,51.52,44.99,261.92,112.26,114.57,2.92
1119.93,113.82,11.23,87.82,135.2,536.16,801.85,51.93,53.07,262.36,112.22,114.65,3.31
1120.96,30.6,8.8,100.87,122.58,528.15,886.42,52.23,55.5,263.0,112.26,114.72,3.31
1121.98,111.08,4.06,103.96,122.43,532.73,895.63,53.75,60.24,263.01,112.26,114.76,2.92
1123.0,118.26,7.32,89.95,133.72,523.96,869.42,56.44,56.98,263.01,112.26,114.76,3.31
1124.02,101.81,9.58,87.88,134.97,531.58,864.1,55.56,54.72,263.39,112.26,114.76,3.31
1125.06,98.26,8.47,87.02,138.1,527.77,862.66,56.41,55.83,263.29,112.3,114.8,3.31
1126.09,93.34,11.48,85.16,137.38,522.43,886.42,56.12,52.82,263.29,112.3,114.84,2.92
1127.11,122.23,13.01,85.71,137.68,531.2,866.76,56.03,51.29,263.29,112.34,114.87,2.92
1128.13,118.27,12.47,85.22,136.31,526.24,888.05,56.82,51.83,263.29,112.34,114.87,3.31
1129.17,120.48,11.89,86.78,134.52,522.43,866.38,56.68,52.41,263.28,112.34,114.84,3.31
1130.19,122.21,10.37,93.43,130.36,519.76,723.06,57.47,53.93,263.3,112.34,114.87,2.92
1131.2,126.81,7.81,93.89,131.28,523.58,764.01,57.91,56.49,263.29,112.34,114.87,3.31
1131.2,126.81,7.81,93.89,131.28,523.58,764.01,57.91,56.49,263.29,112.34,114.87,3.31
1132.22,62.8,9.21,87.6,128.57,567.04,641.64,53.57,55.09,265.55,111.65,114.76,2.92
1133.25,120.47,12.1,81.77,131.96,579.62,648.79,55.77,52.2,265.6,111.69,114.72,3.31
1134.27,118.27,13.17,74.6,133.6,573.14,639.58,55.83,51.13,265.58,111.73,114.76,2.92
1135.31,124.53,9.95,89.37,121.71,570.09,891.02,56.47,54.35,266.17,111.73,114.84,3.31
1136.33,122.17,9.58,78.91,129.98,567.42,817.71,56.53,54.72,266.26,111.76,114.8,3.31
1137.35,114.5,14.86,70.64,134.71,568.18,568.1,55.74,49.44,266.33,111.84,114.87,3.31
1138.36,122.21,9.79,88.33,132.5,564.75,893.67,55.56,54.51,266.14,111.88,114.84,3.31
1139.38,109.82,15.77,81.07,140.46,567.8,895.31,56.15,48.53,266.36,111.92,114.8,3.31
1140.42,100.93,11.69,81.13,141.27,568.18,897.56,54.74,52.61,266.38,111.95,114.76,3.31
1141.48,118.87,11.93,66.4,153.16,565.51,819.75,55.39,52.37,266.64,111.99,114.76,3.31
1142.51,84.81,17.79,88.43,148.05,566.28,666.99,54.48,46.51,266.66,112.03,114.72,3.31
1143.55,98.25,16.18,90.32,145.69,565.13,791.08,54.72,48.12,266.66,112.07,114.65,3.31
1144.57,111.09,13.87,90.41,144.58,564.37,782.69,54.33,50.43,266.95,112.11,114.57,2.92
1145.61,120.51,10.2,99.38,136.96,564.37,708.36,53.57,54.1,267.03,112.15,114.46,3.31
1146.64,120.51,12.72,95.26,139.97,563.23,786.37,53.4,51.58,267.27,112.15,114.3,3.31
1147.66,126.83,4.55,102.64,133.83,560.18,776.54,52.9,59.75,267.32,112.18,114.23,3.31
1148.68,111.06,16.92,87.11,148.78,565.13,877.29,53.49,47.38,267.31,112.18,114.23,3.31
1149.7,114.57,18.16,88.09,147.67,564.75,862.54,52.81,46.14,267.32,112.18,114.23,3.31
1150.74,113.19,10.12,97.46,139.55,563.99,857.83,53.57,54.18,267.33,112.18,114.34,3.31
1151.77,120.44,15.48,92.76,147.9,563.99,864.39,53.95,48.82,267.31,112.18,114.42,3.69
1152.79,122.21,11.4,92.39,137.76,568.56,892.85,55.77,52.9,267.31,112.22,114.46,3.31
1153.81,122.2,9.62,91.72,145.8,567.04,770.2,56.12,54.68,267.31,112.22,114.49,2.92
1154.83,120.48,10.61,92.51,134.59,566.28,844.12,55.77,53.69,267.31,112.26,114.57,2.92
1155.87,124.48,8.43,96.85,130.25,570.85,866.23,55.45,55.87,266.95,112.3,114.61,3.31
1156.92,122.66,8.51,96.02,135.05,566.66,813.41,56.18,55.79,266.7,112.3,114.61,3.31
1157.96,120.44,9.21,97.27,132.5,562.46,888.35,56.33,55.09,265.93,112.34,114.61,2.92
1158.98,118.21,15.64,95.35,135.66,562.46,850.05,55.77,48.66,265.88,112.37,114.65,3.31
1160.01,93.34,13.05,83.7,138.29,561.7,854.15,56.06,51.25,265.87,112.41,114.68,3.31
1161.03,115.24,12.47,77.72,143.51,565.13,858.25,55.59,51.83,265.87,112.41,114.68,3.31
1162.07,116.73,16.26,81.32,139.44,563.99,878.52,56.27,48.04,265.68,112.45,114.72,2.92
1163.09,100.0,13.83,71.68,135.39,521.29,857.2,54.19,50.47,262.45,112.49,114.99,2.54
1164.11,122.2,9.01,93.46,125.37,515.19,847.2,55.39,55.29,262.56,112.53,115.03,2.54
1165.13,96.4,14.04,69.75,140.92,514.04,846.18,54.01,50.26,262.58,112.56,115.03,2.92
1166.15,107.81,13.5,72.65,139.7,521.29,849.05,56.0,50.8,261.87,112.64,115.07,2.54
1167.17,87.23,20.02,89.52,143.74,513.66,844.54,54.54,44.28,261.73,112.68,115.07,2.54
1168.18,77.75,18.94,70.36,156.21,514.43,838.0,54.48,45.36,261.53,112.76,115.07,2.92
1169.2,101.82,18.33,89.49,155.22,514.43,842.3,52.02,45.97,261.52,112.79,115.07,2.92
1170.22,113.18,15.64,92.61,150.0,515.57,842.3,53.69,48.66,261.52,112.83,115.03,2.92
1171.26,106.7,19.6,86.84,154.95,513.66,842.71,53.98,44.7,261.25,112.87,114.99,2.92
1172.27,81.41,19.44,94.19,149.23,517.09,844.34,55.62,44.86,261.27,112.91,114.91,2.54
1173.29,70.42,19.44,90.2,154.27,515.57,844.14,55.15,44.86,261.36,112.95,114.87,2.54
1174.31,106.71,16.06,90.35,153.62,514.04,841.07,54.8,48.24,261.47,112.98,114.84,2.92
1175.35,109.85,16.35,87.69,156.44,516.33,841.27,56.06,47.95,261.11,113.02,114.8,2.54
1176.39,120.51,15.03,102.25,144.32,517.09,799.91,55.36,49.27,261.13,113.02,114.72,2.54
1177.4,122.23,15.48,87.97,155.87,516.33,842.7,55.86,48.82,261.16,113.06,114.65,2.92
1178.42,122.23,8.55,110.67,136.0,519.0,842.5,55.59,55.75,261.15,113.1,114.61,2.92
1179.46,120.51,8.92,113.08,133.49,522.43,841.69,56.56,55.38,261.16,113.1,114.57,2.92
1180.48,122.21,11.69,110.94,136.54,523.96,844.35,56.24,52.61,261.16,113.14,114.61,2.92
1181.5,122.2,7.52,112.04,134.67,515.19,796.84,56.38,56.78,261.16,113.14,114.68,2.54
1182.53,120.48,10.28,109.93,135.43,516.33,840.66,57.29,54.02,261.15,113.14,114.76,2.54
1183.55,122.23,13.87,104.2,141.91,519.76,682.38,57.47,50.43,260.87,113.1,114.8,2.92
1184.57,107.82,14.0,98.55,142.6,515.95,842.09,57.29,50.3,260.76,113.1,114.8,2.54
1185.59,118.27,12.39,108.23,138.48,516.71,826.94,56.74,51.91,260.85,113.14,114.87,2.54
1186.63,129.08,8.02,119.33,128.0,520.91,844.76,57.97,56.28,260.73,113.1,114.87,2.16
1187.65,118.26,11.97,112.5,133.95,518.62,632.83,57.15,52.33,260.56,113.14,114.91,2.92
1188.68,120.51,12.59,110.58,137.45,521.29,831.45,56.76,51.71,260.55,113.14,114.95,2.92
1189.7,122.17,10.86,110.36,131.47,519.38,839.44,55.62,53.44,260.54,113.14,114.95,2.54
1190.72,113.17,14.9,79.18,132.27,520.53,828.39,53.19,49.4,260.55,113.17,115.03,2.54
1191.74,101.81,14.82,86.75,134.36,519.0,823.47,54.39,49.48,260.55,113.17,115.03,2.16
1192.76,122.15,10.37,98.52,123.08,516.71,819.37,56.68,53.93,260.56,113.17,115.1,2.16
1193.77,120.45,16.06,88.94,135.85,519.0,731.73,56.3,48.24,260.55,113.21,115.1,2.54
1194.79,51.6,7.32,104.17,119.76,512.9,842.71,57.44,56.98,260.41,113.25,115.14,2.54
1195.8,95.77,14.78,82.35,140.69,548.74,858.25,60.16,49.52,257.84,113.02,115.45,2.54
1196.81,89.31,15.52,84.15,139.36,553.69,682.15,61.36,48.78,257.84,113.06,115.45,2.16
1197.85,81.15,18.33,85.22,145.0,549.88,757.71,60.98,45.97,257.61,113.1,115.48,2.16
1198.87,71.79,20.06,88.79,143.67,554.08,873.59,58.52,44.24,257.65,113.17,115.48,2.54
1199.89,57.23,21.67,78.17,151.98,555.6,872.17,59.11,42.63,257.8,113.25,115.79,2.16
1200.9,14.12,5.38,103.16,119.42,555.6,883.64,60.28,58.92,257.54,113.48,115.6,2.16
1201.92,79.63,12.43,84.03,132.15,554.84,701.6,60.34,51.87,257.44,113.37,115.45,2.16
1202.94,70.41,13.54,84.28,133.56,554.08,880.36,58.35,50.76,257.45,113.29,115.52,2.54
1203.95,107.81,8.51,94.5,124.83,550.26,831.22,59.02,55.79,257.46,113.29,115.56,2.16
1204.97,120.51,11.11,86.17,132.65,548.36,786.98,59.58,53.19,257.44,113.29,115.64,2.16
1206.01,120.51,11.85,88.12,128.26,547.21,770.81,59.2,52.45,256.9,113.29,115.68,2.16
1207.03,107.81,14.04,72.38,141.27,552.93,673.96,58.64,50.26,256.86,113.33,115.79,2.54
1208.05,101.79,14.45,76.89,139.47,552.17,815.66,59.25,49.85,256.86,113.29,115.87,2.16
1209.07,91.61,13.13,82.84,135.62,552.93,881.18,61.68,51.17,256.85,113.33,115.9,2.16
1210.08,55.48,18.04,77.66,139.93,549.5,876.26,58.61,46.26,256.84,113.33,116.02,2.54
1211.1,73.27,13.05,84.37,141.65,547.98,876.46,56.97,51.25,256.76,113.37,116.06,2.16
1212.16,122.74,14.2,84.12,142.1,553.69,878.31,54.89,50.1,256.69,113.4,116.06,2.16
1213.19,79.41,20.55,77.38,145.0,552.17,873.2,54.1,43.75,258.36,113.44,116.09,2.16
1214.21,74.72,20.92,74.67,149.08,549.12,869.3,54.51,43.38,258.08,113.4,116.17,2.54
1215.25,70.09,18.94,76.13,145.19,554.84,870.12,53.66,45.36,257.23,113.44,116.17,2.16
1216.27,85.16,19.36,75.25,144.96,544.16,863.16,54.83,44.94,256.84,113.48,116.21,2.54
1217.28,72.76,21.17,72.99,147.94,547.59,862.14,56.35,43.13,256.7,113.56,116.25,2.16
1218.3,84.8,19.89,77.69,144.05,543.78,860.5,57.73,44.41,256.05,113.59,116.29,2.54
1219.32,98.3,17.75,74.33,144.01,546.83,861.53,58.26,46.55,256.09,113.63,116.32,2.54
1220.35,83.93,20.18,75.79,141.3,542.64,857.43,58.32,44.12,256.05,113.71,116.32,2.54
1221.37,89.34,20.18,78.05,140.12,547.59,861.11,58.46,44.12,256.04,113.78,116.36,2.16
1222.39,89.19,20.35,74.02,144.12,546.45,859.68,67.73,43.95,255.77,113.82,116.36,2.16
1223.41,66.93,20.92,75.34,142.37,546.07,857.64,68.34,43.38,255.7,113.9,116.4,2.16
1224.44,74.67,23.31,72.26,146.26,544.93,857.84,68.99,40.99,255.72,114.01,116.44,2.16
1225.46,89.3,21.05,72.9,145.12,544.16,857.23,67.8,43.25,255.39,114.05,116.36,2.54
1226.48,62.07,20.35,76.31,144.51,542.26,857.23,67.66,43.95,255.66,114.17,116.29,2.16
1227.48,38.55,13.95,88.67,99.21,510.23,823.89,81.72,50.35,247.02,114.13,116.67,1.02
1228.5,69.1,14.0,82.84,101.84,502.99,827.08,80.95,50.3,247.03,114.09,116.74,1.02
1229.53,65.47,13.25,73.45,116.64,505.28,829.13,80.15,51.05,247.02,114.05,116.9,1.4
1230.55,67.85,14.33,89.89,138.02,509.47,835.88,80.23,49.97,247.01,114.09,116.78,1.78
1231.59,52.52,13.29,82.9,141.34,504.51,831.38,78.78,51.01,247.02,114.13,116.63,1.78
1232.6,56.31,14.41,92.76,133.07,504.13,830.15,77.57,49.89,247.07,114.17,116.59,1.4
1233.62,54.65,13.46,89.58,138.94,504.13,831.17,75.07,50.84,247.89,114.17,116.29,1.78
1234.64,71.81,20.18,78.69,147.37,501.08,825.24,73.1,44.12,248.14,114.2,115.98,1.78
1235.66,63.12,21.21,80.25,146.64,504.13,830.56,76.08,43.09,248.21,114.2,115.79,1.78
1236.67,93.23,21.46,73.17,158.08,506.42,831.38,77.53,42.84,248.06,114.2,115.83,1.78
1237.69,73.12,21.62,80.86,148.97,508.71,833.83,77.21,42.68,248.21,114.17,115.94,1.4
1238.71,83.24,23.27,76.95,192.77,504.13,822.23,77.09,41.03,248.19,114.13,116.02,2.16
1239.73,96.37,21.5,104.57,171.54,509.09,820.61,77.33,42.8,248.02,114.13,116.09,1.78
1240.76,116.73,21.38,94.44,168.26,501.46,815.29,78.01,42.92,248.12,114.13,116.13,1.78
1241.8,93.33,21.34,86.56,171.96,507.94,820.41,78.05,42.96,248.19,114.09,116.17,2.16
1242.84,109.84,21.17,83.18,180.11,508.33,821.02,76.84,43.13,248.19,114.09,116.21,2.16
1243.86,122.23,16.47,92.61,167.0,505.28,817.34,79.5,47.83,248.2,114.05,116.21,1.78
1244.87,111.08,21.21,88.27,174.85,505.66,819.18,80.39,43.09,248.06,114.05,116.29,1.78
1245.89,116.73,17.62,90.41,173.9,502.23,814.26,77.53,46.68,247.54,114.05,116.29,2.16
1246.93,109.85,20.96,91.51,170.35,502.61,815.69,76.12,43.34,248.14,114.05,116.32,1.78
1247.95,111.09,21.29,92.06,170.74,501.84,814.67,73.46,43.01,247.73,114.05,116.36,2.16
1248.97,114.56,22.2,89.22,176.38,504.51,816.31,74.15,42.1,248.02,114.05,116.4,2.16
1249.98,73.01,23.03,81.99,180.27,500.32,814.26,74.23,41.27,247.53,114.05,116.4,2.16
1251.0,71.77,22.94,88.27,172.18,505.66,815.49,77.29,41.36,247.23,114.01,116.48,2.16
1252.04,77.76,20.92,82.02,181.11,506.04,816.31,78.17,43.38,247.29,114.01,116.51,1.78
1253.05,101.81,22.24,87.66,171.69,504.13,815.9,80.99,42.06,247.31,114.01,116.55,2.16
1254.07,79.61,23.48,89.8,171.54,501.46,812.42,77.13,40.82,247.28,114.05,116.59,1.78
1255.11,100.93,22.12,81.84,182.21,503.37,813.04,76.84,42.18,246.94,114.01,116.59,2.16
1256.13,69.09,22.41,81.96,178.28,501.84,813.04,71.45,41.89,246.92,114.05,116.67,1.78
1257.14,60.03,23.11,91.11,176.95,502.23,811.81,71.97,41.19,246.91,114.05,116.7,1.78
1258.16,71.74,23.52,95.56,173.25,520.91,830.42,73.1,40.78,246.94,114.05,116.74,1.78
1259.16,57.97,16.06,86.14,162.88,591.06,876.94,87.47,48.24,243.61,113.82,117.01,1.78
1260.18,116.72,17.91,75.43,154.19,586.1,874.48,87.65,46.39,243.65,113.86,117.01,2.16
1261.2,87.24,18.61,81.53,172.57,588.01,876.11,86.86,45.69,243.51,113.86,116.93,2.16
1262.22,99.04,17.42,87.54,167.57,550.26,873.94,84.44,46.88,243.57,113.94,116.9,1.78
1263.26,113.18,18.33,86.69,170.35,548.36,860.5,83.35,45.97,244.23,113.94,116.82,2.16
1264.27,104.72,18.66,96.39,161.85,562.08,867.27,85.67,45.64,244.14,113.98,116.78,1.78
1265.31,93.35,16.43,98.86,159.11,552.93,866.65,85.41,47.87,244.21,114.01,116.74,2.16
1266.35,91.05,20.63,90.29,163.8,549.12,867.04,83.48,43.67,244.52,114.01,116.63,1.78
1267.39,103.72,18.7,82.23,174.62,546.45,864.18,84.84,45.6,244.75,114.01,116.51,1.78
1268.42,120.51,17.29,93.12,163.68,546.07,862.34,83.35,47.01,244.86,114.05,116.44,2.16
1269.44,122.21,18.41,101.88,155.37,546.45,865.61,85.19,45.89,244.88,114.09,116.36,1.78
1270.48,113.21,18.37,85.5,162.81,548.74,864.17,85.02,45.93,244.89,114.05,116.36,1.78
1271.52,116.73,18.28,80.68,166.28,550.64,865.2,85.54,46.02,244.84,114.09,116.36,2.16
1272.54,118.27,18.86,83.64,163.68,551.41,863.56,85.1,45.44,244.89,114.09,116.44,1.78
1273.55,122.21,20.68,79.82,167.76,551.41,863.97,84.14,43.62,245.11,114.09,116.48,2.16
1274.59,120.51,16.72,91.38,157.81,550.64,863.35,85.19,47.58,245.2,114.09,116.59,1.78
1275.63,120.5,12.22,90.93,158.19,544.93,859.66,85.15,52.08,244.97,114.09,116.63,2.16
1276.65,118.27,20.18,82.87,163.84,547.21,863.35,87.47,44.12,245.45,114.05,116.7,1.78
1277.67,104.73,16.92,85.77,161.74,545.31,861.71,85.41,47.38,245.22,114.09,116.74,1.78
1278.7,120.51,14.53,90.35,156.17,546.83,863.55,83.57,49.77,245.31,114.09,116.78,2.16
1279.72,122.23,18.94,76.4,169.55,548.36,862.94,79.53,45.36,245.56,114.05,116.82,1.78
1280.76,120.51,17.09,80.89,167.95,546.07,861.3,79.92,47.21,245.59,114.05,116.86,2.16
1281.78,115.27,20.88,78.75,167.69,547.98,862.32,82.47,43.42,245.6,114.09,116.9,2.16
1282.81,91.03,18.86,79.82,167.3,542.26,857.0,84.88,45.44,245.58,114.05,116.93,2.16
1283.83,85.18,17.87,96.88,150.26,544.16,859.66,86.46,46.43,245.59,114.09,117.01,1.78
1284.85,77.94,19.69,83.51,163.38,541.88,855.77,84.66,44.61,245.59,114.09,116.97,1.78
1285.87,89.36,19.27,82.66,164.67,545.31,858.84,85.45,45.03,245.59,114.09,117.01,2.16
1286.88,79.6,20.14,83.97,162.84,544.93,860.89,85.28,44.16,245.57,114.09,117.01,1.78
1287.92,100.92,17.09,87.48,159.37,539.97,862.32,86.16,47.21,245.57,114.13,117.05,2.16
1288.94,91.6,19.07,89.25,160.06,540.73,864.57,85.67,45.23,245.18,114.13,117.05,2.16
1289.96,114.57,17.01,86.32,160.82,541.11,863.75,86.42,47.29,245.07,114.17,117.09,1.78
1290.99,73.32,12.47,79.12,109.77,551.79,867.65,88.31,51.83,242.59,113.67,117.31,1.4
1292.02,109.85,14.08,85.28,133.07,554.08,867.86,85.19,50.22,242.58,113.71,117.31,1.78
1293.06,113.18,12.06,83.85,167.15,559.41,868.07,85.32,52.24,242.58,113.67,117.28,2.92
1294.1,95.73,16.18,76.86,167.34,556.36,867.86,80.67,48.12,242.58,113.71,117.24,2.92
1295.12,96.45,17.09,77.32,165.97,554.46,868.67,84.62,47.21,242.58,113.78,117.24,2.16
1296.15,95.73,8.3,81.56,172.41,555.6,867.24,84.53,56.0,242.58,113.78,117.16,2.54
1297.17,111.05,15.36,95.32,157.16,550.26,865.4,85.1,48.94,242.6,113.86,117.16,2.54
1298.19,85.23,10.37,78.94,159.76,557.51,871.13,84.27,53.93,242.45,113.86,117.05,2.54
1299.21,95.72,17.38,90.99,147.4,558.27,869.09,86.73,46.92,242.56,113.9,117.01,2.16
1300.22,85.17,16.72,91.17,147.4,556.74,869.7,86.33,47.58,242.57,113.98,116.86,1.78
1301.24,74.78,14.33,86.47,153.27,559.03,872.37,84.27,49.97,242.56,114.01,116.74,2.16
1302.26,116.4,19.48,78.51,160.71,559.03,870.52,85.06,44.82,242.6,114.01,116.67,2.16
1303.3,116.73,11.07,87.08,150.76,559.03,871.75,81.41,53.23,242.59,114.05,116.55,2.16
1304.32,114.55,16.06,78.81,155.98,556.74,871.34,81.77,48.24,242.59,114.05,116.44,2.16
1305.35,109.85,19.69,75.55,160.94,557.13,876.25,83.35,44.61,242.6,114.05,116.32,2.16
1306.37,122.21,6.99,102.19,137.57,555.98,875.64,84.01,57.31,242.63,114.05,116.25,2.16
1307.39,114.56,7.77,98.07,141.61,555.6,875.84,86.29,56.53,242.71,114.05,116.29,2.16
1308.43,120.51,10.66,97.33,141.04,552.17,875.22,86.29,53.64,242.74,114.05,116.32,2.16
1309.47,116.73,16.55,76.53,151.75,559.41,878.5,89.67,47.75,242.66,114.05,116.36,2.54
1310.48,118.26,8.22,90.62,136.54,557.13,878.09,86.29,56.08,242.69,114.01,116.4,2.16
1311.5,120.48,13.25,77.53,146.18,554.08,875.43,84.66,51.05,242.7,114.01,116.48,1.78
1312.52,118.28,18.08,75.52,151.33,553.69,874.81,83.04,46.22,242.8,114.01,116.51,2.16
1313.56,116.66,14.49,81.99,148.93,555.6,875.63,83.13,49.81,242.78,113.98,116.55,2.16
1314.58,111.1,15.23,91.14,148.51,555.22,874.6,80.01,49.07,242.73,114.01,116.63,2.54
1315.61,116.73,12.63,95.99,147.1,557.51,875.63,78.08,51.67,242.89,113.98,116.67,2.16
1316.63,93.96,13.25,53.25,177.26,554.46,872.15,80.36,51.05,242.74,113.94,116.7,2.54
1317.65,73.27,14.45,106.15,154.34,554.46,872.15,83.08,49.85,242.7,113.98,116.78,2.54
1318.69,79.41,13.75,92.06,146.72,551.03,868.26,82.64,50.55,242.66,113.98,116.82,2.54
1319.71,70.45,16.84,98.74,147.17,552.55,869.08,85.37,47.46,242.42,113.98,116.86,2.54
1320.72,59.24,12.55,102.98,140.85,554.08,870.51,86.77,51.75,242.31,113.98,116.9,2.54
1321.76,63.27,13.42,103.28,141.99,547.98,866.42,82.6,50.88,242.29,114.01,116.93,2.16
1322.76,89.05,14.02,92.67,138.37,538.06,837.79,81.72,50.28,239.45,114.09,117.24,2.92
1323.78,71.86,6.67,90.53,140.96,536.92,837.59,80.1,57.63,239.89,114.2,117.2,2.92
1324.89,38.92,8.71,77.44,148.74,536.16,836.77,79.97,55.59,239.37,114.39,117.09,2.92
1325.93,124.45,11.61,80.13,145.95,535.39,836.16,80.01,52.69,239.44,114.47,117.09,3.31
1326.95,73.26,10.74,85.04,141.88,540.73,840.86,80.23,53.56,239.88,114.55,117.01,3.31
1328.02,25.98,5.43,98.07,130.17,541.11,839.64,81.11,58.87,240.46,114.74,116.55,2.92
1329.06,106.65,12.52,94.1,140.62,536.54,837.38,80.41,51.78,240.66,114.78,116.48,2.92
1330.08,110.59,16.21,91.35,150.03,540.73,838.41,79.83,48.09,240.66,114.78,116.44,3.31
1331.11,116.63,18.79,90.38,154.23,538.44,836.97,80.49,45.51,240.76,114.81,116.48,3.31
1332.15,95.71,18.91,92.48,150.22,540.35,838.2,80.27,45.39,240.78,114.78,116.51,3.31
1333.17,107.76,10.07,81.56,158.15,537.68,836.36,79.4,54.23,240.79,114.81,116.63,3.31
1334.21,91.04,14.1,82.29,158.96,540.73,837.79,79.66,50.2,240.79,114.81,116.74,3.69
1335.22,107.76,15.67,77.05,164.14,544.16,839.63,78.69,48.63,240.79,114.81,116.78,3.69
1336.26,80.0,0.0,91.02,154.38,540.35,838.61,81.55,64.89,240.8,114.85,116.93,3.69
1337.28,73.1,10.16,94.59,147.56,538.44,835.34,81.94,54.14,240.96,114.85,116.97,3.31
1338.3,56.38,16.24,86.9,159.76,541.88,839.23,82.56,54.76,240.83,114.89,117.09,4.07
1339.31,71.84,20.47,86.93,163.91,539.21,836.77,81.81,50.53,240.89,114.89,117.16,3.69
1340.33,19.58,7.73,93.76,149.2,524.34,825.09,82.73,63.27,240.84,115.04,117.43,3.69
1341.37,29.15,20.55,91.69,154.27,528.15,826.72,82.6,50.45,240.81,115.2,117.54,4.07
1342.39,111.06,16.53,84.34,139.97,528.15,825.5,81.42,54.47,240.8,115.23,117.62,3.31
1343.42,177.75,17.48,86.08,141.99,533.11,828.16,82.73,53.52,240.81,115.23,117.66,3.69
1344.54,121.49,19.06,82.96,144.58,533.87,829.59,81.55,51.94,240.85,115.27,117.7,3.69
1345.55,101.75,20.13,66.09,157.77,528.15,824.27,80.67,50.87,240.98,115.31,117.77,3.69
1346.57,91.57,13.25,82.29,154.34,525.48,824.47,81.5,57.75,240.84,115.35,117.77,3.69
1347.63,22.24,9.02,93.25,150.19,529.68,828.37,84.36,61.98,240.17,115.27,117.92,3.69
1348.66,106.66,18.1,93.8,147.75,531.96,829.19,84.45,52.9,240.24,115.35,117.92,4.07
1349.7,109.79,22.5,90.5,151.83,530.82,826.94,83.39,48.5,239.86,115.39,118.0,4.07
1350.72,85.2,21.79,85.65,154.08,530.06,825.5,79.22,49.21,239.93,115.42,118.04,3.69
1351.79,80.0,8.19,80.83,79.46,538.06,838.78,80.45,62.81,239.86,115.58,118.12,3.31
1352.81,87.23,13.75,88.7,145.73,538.44,838.37,80.49,57.25,240.19,115.58,118.19,3.69
1353.83,73.08,19.6,97.55,143.51,541.11,840.42,82.65,51.4,240.16,115.61,118.15,3.69
1354.84,24.14,13.33,77.99,134.48,540.35,830.22,89.56,57.67,238.56,115.61,118.34,4.07
1355.86,57.25,17.19,86.99,141.04,541.11,829.61,88.02,53.81,238.55,115.69,118.42,4.45
1356.88,85.19,14.0,94.44,142.41,540.73,828.79,87.58,57.0,238.55,115.73,118.42,4.07
1357.93,131.34,25.69,85.47,156.17,542.26,830.22,87.98,45.31,238.54,115.77,118.42,4.45
1358.97,63.26,22.87,82.45,160.21,544.16,831.45,86.4,48.13,238.54,115.84,118.42,4.45
1359.99,67.83,22.37,80.22,165.25,541.49,828.79,84.55,48.63,238.94,115.88,118.42,4.83
1361.06,72.94,21.84,89.83,154.46,543.02,830.22,84.77,49.16,238.76,115.96,118.46,4.45
1362.08,91.57,25.98,94.25,147.94,535.39,824.9,85.21,45.02,238.6,116.0,118.42,4.45
1363.1,94.41,26.19,88.85,154.42,538.83,825.92,85.52,44.81,238.55,116.03,118.38,4.45
1364.11,110.23,20.96,90.32,150.8,540.35,824.9,85.52,50.04,238.55,116.07,118.42,4.45
1365.19,79.0,22.13,98.22,153.66,542.64,828.17,86.57,48.87,238.55,116.11,118.38,4.83
1366.23,124.41,11.84,101.85,145.99,540.35,828.58,88.15,59.16,238.6,116.15,118.31,4.83
1367.24,22.75,13.66,104.72,139.47,550.26,836.35,87.93,57.34,239.33,116.26,118.34,4.45
1368.26,82.93,19.06,95.41,142.6,544.16,837.14,87.89,51.94,239.4,116.34,118.38,4.45
1369.28,57.22,9.81,95.6,126.17,550.26,840.62,88.24,61.19,239.34,116.38,118.5,4.45
1370.32,28.88,11.09,92.12,125.29,552.17,842.45,86.92,59.91,239.03,116.42,118.65,4.45
1371.33,104.69,16.61,74.91,140.08,546.45,839.18,87.32,54.39,239.24,116.45,118.69,4.45
1372.37,135.84,21.88,80.52,139.21,545.31,837.75,87.89,49.12,239.36,116.42,118.69,4.83
1373.43,92.72,24.99,71.25,148.13,550.64,840.62,86.7,46.01,239.67,116.45,118.8,4.83
1374.46,77.75,18.77,86.5,134.4,549.88,839.18,86.57,52.23,239.68,116.45,118.8,4.83
1374.46,77.75,18.77,86.5,134.4,549.88,839.18,86.57,52.23,239.68,116.45,118.8,4.83
1375.48,72.03,22.5,76.34,140.92,547.59,839.8,87.49,48.5,239.7,116.49,118.92,4.45
1376.56,94.05,14.33,93.58,135.51,552.17,839.18,89.43,56.67,239.66,116.49,118.95,4.45
1377.57,101.77,12.92,89.4,146.45,544.93,837.14,88.28,58.08,239.7,116.53,118.95,4.83
1378.59,91.03,20.51,90.47,146.22,550.64,841.84,89.34,50.49,239.43,116.57,118.95,4.83
1379.61,82.66,21.75,92.03,144.35,548.36,838.36,87.89,49.25,239.39,116.61,119.03,4.83
1380.63,92.15,27.6,82.69,153.35,550.26,839.39,89.21,43.4,239.66,116.61,119.03,5.21
1381.7,117.28,26.07,88.46,159.68,548.36,839.8,88.15,44.93,239.72,116.64,119.07,4.83
1382.72,78.79,17.65,104.35,150.3,549.88,840.21,89.78,53.35,239.21,116.64,119.11,5.21
1383.73,21.52,11.47,112.1,144.24,546.45,836.32,90.04,59.53,238.87,116.8,119.26,5.21
1384.79,118.79,20.63,91.14,158.92,545.69,837.34,89.12,50.37,238.88,116.83,119.22,5.21
1385.83,31.61,8.64,113.5,139.02,548.74,838.57,89.87,62.36,238.44,116.91,119.34,4.83
1386.84,11.65,8.94,79.39,145.5,557.51,839.22,89.43,62.06,237.05,117.22,119.95,5.59
1387.88,24.88,18.81,85.53,138.29,557.13,836.56,89.95,52.19,236.99,117.44,119.83,5.59
1388.9,34.23,18.72,75.7,177.1,566.66,848.4,87.67,52.28,236.95,117.52,119.75,5.97
1389.92,34.9,21.05,76.98,214.39,563.61,848.19,86.7,49.95,236.89,117.6,119.64,6.74
1390.93,23.03,11.01,76.01,219.65,605.54,893.91,88.77,59.99,237.43,117.64,119.49,6.36
1391.95,62.1,13.21,84.52,240.77,631.09,905.98,89.47,57.79,237.87,117.6,119.56,6.74
1392.97,33.58,17.44,110.0,151.48,621.18,891.05,85.69,53.56,237.91,117.64,119.79,5.59
1394.01,29.59,25.36,94.8,151.25,615.46,864.85,85.52,45.64,237.86,117.67,119.98,5.59
1395.06,95.02,1.87,76.4,111.6,610.12,856.26,86.26,68.91,238.23,117.79,120.21,5.21
1396.08,59.06,16.05,71.25,140.81,613.55,864.04,86.57,54.72,238.23,117.79,120.33,5.59
1397.13,40.45,15.06,83.57,133.56,614.31,861.58,85.21,55.72,237.96,117.86,120.52,5.59
1398.19,25.0,7.88,91.32,170.16,633.38,899.12,87.01,62.89,237.88,117.98,120.71,6.36
1399.25,27.16,11.74,92.54,163.57,632.23,901.16,85.91,59.04,237.06,118.09,120.94,6.36
1400.26,66.62,13.85,104.69,144.43,633.76,911.19,85.65,56.92,237.25,118.13,120.94,6.36
1401.28,27.98,13.4,113.11,138.98,640.62,930.43,85.82,57.38,236.87,118.21,121.01,5.97
1402.3,70.42,15.26,103.65,148.97,634.52,866.61,87.67,55.51,236.74,118.25,121.01,6.36
1403.32,73.22,16.26,103.44,148.32,665.78,961.17,89.34,54.52,236.7,118.28,121.05,6.36
1404.33,77.92,15.72,95.23,154.99,676.08,959.99,89.03,55.05,236.41,118.32,121.01,6.74
1405.35,67.84,13.98,105.69,135.2,676.08,961.62,88.28,56.8,236.73,118.32,121.09,6.36
1406.37,50.59,15.39,94.22,145.65,677.6,965.31,90.96,55.39,236.47,118.36,121.2,7.12
1407.38,44.08,14.97,83.94,156.78,677.98,966.54,92.81,55.8,236.58,118.4,121.39,7.12
1408.42,84.81,10.0,107.83,129.29,679.89,967.76,92.98,60.78,236.93,118.47,121.51,6.74
1409.44,57.16,14.6,92.54,136.46,677.98,962.85,92.15,56.17,236.52,118.51,121.62,7.12
1410.45,66.56,14.6,98.01,132.31,684.46,962.24,91.27,56.17,236.44,118.55,121.7,7.12
1411.47,49.07,19.58,95.32,136.65,684.46,960.39,89.34,51.2,236.41,118.63,121.78,7.12
1412.51,54.85,14.52,90.81,137.34,683.32,954.26,90.0,56.26,237.08,118.66,121.85,7.12
1413.52,87.19,16.47,84.06,144.09,679.89,951.81,90.61,54.31,236.41,118.7,121.93,7.5
1414.54,65.37,14.52,90.47,137.22,681.41,948.75,89.43,56.26,236.41,118.78,122.04,7.5
1415.56,83.22,17.05,88.03,141.53,674.55,948.13,90.57,53.73,236.43,118.78,122.08,7.88
1416.57,37.2,19.87,85.44,145.04,679.51,947.93,89.95,50.91,236.97,118.82,122.19,7.88
1417.59,45.71,18.17,87.21,143.36,680.27,946.29,90.79,52.61,237.08,118.82,122.27,7.88
1418.61,51.52,19.16,89.83,136.92,680.65,946.91,91.01,51.61,237.09,118.89,122.35,7.5
1419.62,31.02,17.09,94.62,137.03,672.64,941.8,91.49,53.69,237.11,118.97,122.35,7.88
1420.64,48.12,17.09,98.55,134.33,669.21,940.77,90.66,53.69,237.3,119.05,122.39,7.88
1421.64,46.19,16.84,78.17,135.74,572.38,858.46,83.89,53.93,258.38,117.1,122.31,7.5
1422.68,60.46,18.04,78.88,129.75,568.18,854.77,84.59,52.73,259.63,117.18,122.19,7.5
1423.7,50.43,16.59,71.52,141.88,574.28,855.59,83.23,54.18,260.04,117.25,122.04,7.5
1424.73,45.49,17.42,73.23,138.52,574.66,856.42,82.09,53.35,261.47,117.33,121.93,7.5
1425.75,50.84,17.17,69.91,142.6,571.61,853.75,84.73,53.6,262.13,117.41,121.66,7.5
1426.76,24.72,17.38,82.05,137.68,571.61,858.86,85.56,53.4,263.96,117.48,121.32,7.5
1427.78,15.9,14.14,82.26,140.08,625.37,895.77,85.65,56.63,265.75,117.48,121.17,7.5
1428.8,21.55,12.94,80.68,147.21,630.71,900.48,85.82,57.83,267.02,117.52,121.09,7.12
1429.83,36.91,21.2,79.52,149.73,642.53,911.72,88.28,49.58,267.02,117.6,120.97,7.12
1430.85,49.46,20.49,91.54,144.47,660.06,932.16,89.82,50.28,267.25,117.64,120.97,7.5
1431.88,57.36,19.33,85.77,147.02,667.69,937.87,88.11,51.45,267.75,117.71,120.97,7.12
1432.92,52.51,21.86,76.4,157.96,672.26,940.72,89.47,48.92,267.76,117.75,120.97,7.12
1433.94,69.07,18.79,81.99,154.0,670.74,940.52,89.82,51.99,267.98,117.75,120.97,7.12
1434.95,64.28,20.95,79.12,152.55,668.83,939.28,87.89,49.83,268.63,117.83,120.97,7.12
1435.97,70.42,19.25,95.02,141.46,666.93,937.03,88.94,51.53,268.52,117.83,121.01,7.12
1436.99,62.06,20.53,90.74,136.54,658.92,933.14,87.1,50.24,269.15,117.86,121.09,7.12
1438.02,67.74,21.4,90.99,137.61,663.88,934.98,89.43,49.37,269.26,117.9,121.09,7.5
1439.04,59.04,20.99,90.44,135.47,664.26,934.56,89.12,49.79,269.83,117.86,121.17,7.12
1440.06,38.96,7.34,103.71,121.71,660.06,934.15,88.28,63.43,270.22,117.9,121.24,7.12
1441.08,74.74,21.2,87.69,135.55,658.54,928.62,87.23,49.58,270.1,117.86,121.28,7.5
1442.09,53.8,19.37,88.67,129.75,665.02,938.04,90.48,51.4,270.08,117.86,121.32,7.12
1443.11,65.38,19.0,84.37,132.61,661.21,932.31,89.95,51.78,270.22,117.86,121.36,7.12
1444.13,63.13,18.13,83.48,132.69,650.53,929.44,86.44,52.65,269.65,117.9,121.43,7.12
1445.16,71.74,20.74,86.2,129.68,661.21,934.15,85.39,50.04,270.02,117.94,121.47,7.12
1446.18,51.55,18.46,79.73,133.07,656.25,930.26,87.58,52.32,269.58,117.98,121.62,7.12
1447.2,45.17,18.75,76.31,135.55,661.59,930.47,88.81,52.03,269.63,118.05,121.66,7.12
1448.21,48.14,17.67,82.48,130.86,654.73,931.28,86.22,53.11,269.18,118.09,121.7,7.12
1449.25,71.75,16.84,81.71,131.58,664.26,934.97,89.87,53.93,269.47,118.17,121.78,7.12
1450.27,63.14,18.87,85.44,127.73,656.25,929.23,88.68,51.9,269.19,118.21,121.81,7.12
1451.28,45.2,18.29,73.38,141.76,600.59,874.79,83.28,50.66,267.01,118.21,121.89,7.12
1452.3,39.35,17.67,79.06,137.22,615.46,882.39,83.85,51.28,266.66,118.28,121.78,7.12
1453.31,28.57,18.25,72.68,152.21,637.95,896.73,84.9,50.7,265.97,118.36,121.62,7.5
1454.33,53.06,18.13,72.68,161.81,654.34,907.37,84.81,50.82,265.57,118.32,121.39,7.5
1455.35,61.14,20.24,87.45,150.3,649.39,899.0,84.9,48.71,266.39,118.44,121.13,7.88
1456.36,42.56,20.08,77.96,156.93,655.11,902.69,86.4,48.87,266.13,118.47,121.09,7.88
1457.38,60.03,18.67,87.51,150.95,651.29,899.42,84.29,50.28,266.12,118.47,121.2,7.5
1458.4,50.15,19.87,76.74,161.13,653.58,902.07,86.57,49.08,266.12,118.51,121.28,7.5
1459.42,43.81,20.16,88.36,147.48,651.29,902.08,86.0,48.79,266.11,118.51,121.43,7.5
1460.43,39.35,20.37,81.35,153.27,652.82,901.26,84.55,48.58,265.85,118.51,121.55,7.88
1461.45,36.91,18.91,94.99,143.97,648.63,901.45,86.44,50.04,265.83,118.55,121.62,7.5
1462.47,43.58,17.46,83.54,149.58,643.29,898.59,83.8,51.49,265.81,118.63,121.74,7.88
1463.48,34.13,18.29,72.71,178.55,648.63,896.33,85.25,50.66,265.54,118.66,121.85,8.26
1464.5,38.13,20.16,92.09,141.38,650.53,897.36,86.57,48.79,265.22,118.74,122.0,7.5
1465.52,56.51,17.71,86.81,151.52,644.05,894.7,86.13,51.24,265.17,118.78,122.04,7.5
1466.53,45.72,20.74,82.57,153.73,649.01,901.65,86.92,48.21,264.81,118.86,122.12,7.5
1467.55,54.64,18.62,76.22,154.91,641.76,899.38,85.87,50.33,264.61,118.93,122.16,7.5
1468.57,52.33,19.99,82.14,149.12,645.96,906.93,85.12,48.96,264.84,119.01,122.19,7.5
1469.58,47.53,20.28,76.62,159.45,643.29,906.31,86.09,48.67,265.03,119.08,122.23,7.5
1470.6,32.66,20.74,74.6,173.86,641.38,905.49,85.61,48.21,264.98,119.16,122.27,7.88
1471.62,71.79,14.89,96.6,150.87,642.53,908.77,86.57,54.06,264.2,119.2,122.31,7.5
1472.63,46.14,15.97,90.65,149.54,640.62,906.11,86.92,52.98,264.06,119.24,122.31,7.5
1473.65,62.07,15.68,88.73,139.74,639.86,906.31,86.79,53.27,264.05,119.31,122.35,7.5
1474.67,64.32,15.02,83.24,144.93,637.95,903.44,85.96,53.93,264.03,119.35,122.39,7.5
1475.7,66.62,17.75,88.73,139.7,665.78,914.96,87.85,51.2,264.03,119.39,122.42,7.5
1476.72,55.48,17.13,81.77,148.24,657.39,907.82,86.79,51.82,264.03,119.43,122.46,7.88
1477.74,44.64,16.72,87.97,142.45,666.93,912.32,87.19,52.23,264.04,119.5,122.54,7.5
1478.75,43.58,19.7,83.64,147.1,665.78,914.16,86.0,49.25,263.96,119.54,122.58,7.5
1479.77,37.73,18.29,89.25,139.7,658.16,909.25,86.57,50.66,264.03,119.66,122.69,7.12
1480.79,27.64,16.51,96.33,146.26,658.54,911.09,86.97,52.44,264.0,119.73,122.77,7.5
1481.8,16.63,13.19,87.17,131.39,592.2,861.13,83.89,55.76,261.89,119.58,123.22,7.12
1482.82,44.63,15.68,78.63,144.7,592.96,865.01,82.22,53.27,261.44,119.69,123.3,7.5
1483.84,64.3,16.18,73.69,152.51,592.96,861.54,83.54,52.77,261.21,119.73,123.19,7.12
1484.87,57.38,15.31,79.21,162.12,595.25,864.81,84.16,53.64,261.17,119.81,123.15,7.12
1485.89,39.8,17.17,97.7,157.77,615.08,887.68,85.08,51.78,260.81,119.92,123.07,7.5
1486.91,46.34,17.17,96.91,156.9,613.17,880.36,83.8,51.78,260.79,120.0,122.96,7.5
1487.92,43.58,17.05,98.71,155.87,618.13,882.62,83.72,51.9,260.71,120.08,122.77,7.12
1488.96,40.1,17.5,88.24,144.77,615.84,880.16,84.9,51.45,261.01,120.11,122.42,7.12
1489.98,48.18,17.09,73.63,161.4,620.79,879.75,83.5,51.86,261.01,120.15,122.31,7.5
1490.99,49.06,16.88,86.35,147.98,617.36,881.79,83.45,52.07,261.02,120.15,122.39,7.12
1492.03,43.88,17.59,89.68,150.38,617.36,882.62,84.33,51.36,261.02,120.08,122.58,7.12
1493.05,37.66,16.72,87.91,149.5,612.79,879.95,83.63,52.23,260.73,120.04,122.73,7.12
1494.08,42.86,17.75,87.85,147.1,617.74,881.39,84.29,51.2,260.39,120.0,122.8,7.12
1495.12,64.36,15.6,92.97,146.22,619.65,884.05,84.42,53.35,260.41,119.96,122.84,7.12
1496.13,36.58,16.67,81.32,156.17,611.26,876.27,83.23,52.28,259.56,119.96,122.96,6.74
1497.17,56.52,17.05,96.18,146.98,614.31,877.5,85.03,51.9,259.5,119.96,123.03,6.74
1498.23,64.41,16.47,85.07,153.85,613.55,878.73,83.98,52.48,259.51,119.96,123.07,6.74
1499.24,31.56,17.3,93.31,149.12,614.69,879.54,84.33,51.65,259.43,119.92,123.19,7.12
1500.26,26.91,16.18,93.34,151.86,614.69,879.74,85.47,52.77,258.88,120.0,123.26,7.12
1501.29,13.36,16.14,88.52,138.52,608.21,876.45,84.42,52.81,258.33,120.15,123.34,6.74
1502.31,35.54,19.41,89.98,136.04,604.78,873.58,84.46,49.54,257.76,120.19,123.38,6.74
1503.33,29.28,11.9,88.7,140.2,609.74,878.89,84.86,57.05,257.41,120.23,123.38,6.74
1504.34,26.53,17.38,84.61,144.85,605.16,876.64,85.65,51.57,256.9,120.19,123.41,6.36
1505.36,49.25,17.38,85.13,143.74,607.45,876.64,85.34,51.57,257.05,120.19,123.38,6.74
1506.4,82.91,6.18,96.63,132.61,604.78,873.37,85.82,62.77,255.92,120.19,123.41,6.74
1507.42,40.23,15.51,89.07,135.85,603.26,868.46,89.03,53.44,254.84,120.23,123.41,6.36
1508.45,28.45,18.62,78.81,146.15,602.49,867.45,91.1,50.33,253.77,120.19,123.45,6.36
1509.47,21.92,15.39,82.05,140.85,603.64,868.26,87.27,53.56,253.25,120.23,123.49,6.36
1510.48,18.03,15.64,80.49,142.52,606.31,868.88,88.59,53.31,253.4,120.19,123.53,6.36
1511.5,30.76,8.88,91.78,133.49,599.44,865.82,87.14,60.07,253.39,120.15,123.57,6.36
1512.52,30.28,21.2,81.44,146.87,615.46,912.49,88.55,47.75,253.42,120.11,123.53,5.97
1513.54,37.05,17.79,82.29,145.27,616.98,863.79,86.92,51.16,253.08,120.11,123.57,6.36
1514.55,22.2,16.09,82.96,142.29,610.5,845.57,84.42,52.86,253.24,120.11,123.57,5.97
1514.55,22.2,16.09,82.96,142.29,610.5,845.57,84.42,52.86,253.24,120.11,123.57,5.97
1515.57,42.39,18.07,72.87,98.68,613.55,850.22,88.15,54.23,249.99,117.56,118.34,8.26
1516.59,39.36,17.7,83.91,91.63,611.26,853.29,85.69,54.6,249.5,117.64,118.42,8.26
1517.6,42.4,14.18,100.02,87.97,611.26,853.9,85.74,58.12,249.56,117.64,118.46,8.26
1518.64,62.2,17.78,96.02,93.08,610.88,857.79,85.56,54.52,247.93,117.44,118.42,8.26
1519.66,51.57,15.79,100.48,91.55,618.89,863.92,86.35,56.51,247.5,117.29,118.31,8.26
1520.67,46.33,19.03,78.3,99.4,608.98,859.02,86.31,53.27,246.83,117.25,118.73,8.26
1521.69,48.46,17.2,84.79,93.46,619.65,865.36,87.63,55.1,247.17,117.22,118.76,8.26
1522.71,39.36,18.37,85.44,97.54,616.98,861.27,88.2,53.93,247.17,117.18,119.18,8.64
1523.72,44.65,20.4,81.47,99.37,611.26,862.09,88.46,51.9,247.17,117.22,119.3,8.26
1524.74,47.55,19.65,80.25,99.75,609.36,861.88,88.64,52.65,247.17,117.22,119.64,8.26
1525.76,49.46,19.9,80.19,99.75,615.08,862.9,87.8,52.4,247.16,117.29,119.53,8.26
1526.78,60.04,20.11,77.11,102.68,609.74,859.02,87.76,52.19,246.62,117.37,119.72,8.26
1527.79,51.27,19.82,89.25,93.23,612.03,859.43,88.33,52.48,247.15,117.41,119.87,7.88
1528.81,48.44,19.65,82.9,98.64,613.55,861.27,90.74,52.65,246.77,117.48,119.87,8.26
1529.83,55.45,19.44,84.95,99.44,612.79,859.63,91.23,52.86,246.58,117.52,120.02,8.26
1530.84,50.16,18.32,81.53,96.43,614.69,863.11,90.61,53.98,246.58,117.56,120.1,8.26
1531.86,61.04,18.74,79.49,99.75,613.93,863.31,89.16,53.56,246.41,117.67,120.06,8.26
1532.91,55.83,21.06,83.88,98.56,616.6,864.95,90.44,51.24,246.8,117.75,120.14,8.26
1533.93,64.24,19.07,81.38,99.94,613.17,860.86,88.9,53.23,246.8,117.75,120.56,8.26
1534.97,66.65,19.03,85.86,99.1,614.69,864.95,89.47,53.27,246.82,117.75,120.36,8.26
1535.99,85.17,19.57,80.62,100.28,610.5,862.08,88.72,52.73,247.13,117.75,120.33,8.26
1537.0,62.16,20.65,83.76,97.61,612.03,861.27,87.8,51.65,247.14,117.75,120.36,8.64
1538.02,64.24,19.9,86.78,99.02,613.55,862.29,88.11,52.4,247.52,117.71,120.36,8.26
1539.08,71.72,19.24,82.32,99.29,611.64,859.63,86.53,53.06,247.83,117.71,120.4,8.64
1540.09,74.74,18.82,80.86,101.77,613.17,861.06,87.14,53.48,247.69,117.71,120.36,8.64
1541.11,73.17,18.37,80.22,102.07,615.08,861.47,87.19,53.93,248.16,117.67,120.36,8.26
1542.15,74.65,19.36,82.63,99.67,618.13,866.38,87.49,52.94,248.72,117.64,120.78,8.26
1543.16,69.13,16.13,84.25,100.55,608.59,860.45,88.37,56.17,248.98,117.64,120.29,8.26
1544.2,116.72,17.78,91.35,95.82,612.79,861.88,88.86,54.52,248.46,117.64,120.14,8.26
1545.22,23.49,10.19,98.52,78.17,606.69,839.25,87.93,62.11,245.41,117.83,120.67,8.26
1546.26,57.43,14.34,76.65,90.98,616.98,846.0,87.01,57.96,244.94,117.86,120.67,8.26
1547.27,70.43,12.81,78.88,94.26,623.08,848.07,87.36,59.49,244.87,117.94,120.21,8.26
1548.29,61.03,14.01,80.1,90.52,645.19,892.97,88.5,58.29,244.11,118.02,119.91,8.26
1549.31,49.75,14.42,73.14,96.13,621.56,848.05,86.88,57.88,243.93,118.13,119.75,8.26
1550.33,73.26,14.38,89.74,89.53,604.78,851.45,87.05,57.92,243.81,118.17,119.56,8.26
1551.34,91.6,14.92,72.9,95.29,604.78,850.22,87.36,57.38,243.74,118.21,119.56,8.26
1552.36,52.31,14.92,94.13,91.47,603.64,849.4,87.19,57.38,243.52,118.28,119.64,8.26
1553.4,55.68,15.05,90.44,93.8,602.88,850.22,85.74,57.25,243.51,118.36,120.02,8.26
1554.41,46.92,14.42,96.21,90.44,608.98,855.13,89.25,57.88,243.3,118.4,120.1,8.64
1555.43,55.46,14.42,72.07,94.6,604.78,851.86,88.11,57.88,243.29,118.47,120.17,8.64
1556.45,63.09,15.5,80.4,94.6,612.79,858.61,88.02,56.8,243.19,118.51,120.25,8.26
1557.46,63.11,14.42,76.01,97.42,616.98,857.38,88.94,57.88,243.14,118.51,120.44,8.26
1558.48,79.65,14.05,87.66,90.14,612.03,854.52,88.2,58.25,242.85,118.51,120.71,8.26
1559.52,76.16,13.89,92.33,89.95,612.79,857.79,88.5,58.41,242.6,118.51,120.78,8.26
1560.54,79.64,15.01,81.26,95.25,612.03,856.36,88.94,57.29,242.75,118.51,120.97,8.26
1561.57,54.86,16.33,82.93,92.47,610.88,854.31,89.25,55.97,242.25,118.51,120.94,7.88
1562.59,61.05,14.01,83.51,92.5,609.74,856.15,89.29,58.29,242.1,118.55,120.97,8.26
1563.61,57.39,15.34,90.26,90.79,615.46,859.22,87.8,56.96,241.99,118.59,120.71,8.26
1564.64,52.54,15.42,89.8,89.15,617.74,857.6,89.12,56.88,241.92,118.59,120.1,8.26
1565.66,39.36,15.59,82.81,88.39,641.38,861.17,90.26,56.71,241.16,118.7,119.64,8.26
1566.7,77.76,13.18,76.16,91.28,641.0,862.61,89.73,59.12,240.95,118.7,119.49,8.26
1567.71,73.25,15.54,87.72,86.37,646.34,863.84,89.56,56.76,240.79,118.74,119.37,8.26
1568.73,43.05,16.08,89.71,87.78,648.63,868.75,88.77,56.22,240.21,118.78,119.49,8.26
1569.75,46.93,14.96,90.59,91.59,650.91,868.55,91.18,57.34,240.19,118.86,119.34,8.26
1570.76,40.53,14.26,95.5,89.22,653.96,867.73,91.27,58.04,239.84,118.97,119.11,8.26
1571.78,71.84,15.17,92.33,89.76,653.2,871.62,91.01,57.13,239.49,119.01,118.95,7.88
1572.8,36.95,14.71,92.82,88.69,655.49,869.78,90.57,57.59,239.09,119.08,118.73,7.88
1573.81,41.6,14.92,93.8,86.94,654.73,870.8,92.32,57.38,238.38,119.2,118.92,8.26
1574.85,63.25,17.74,82.45,93.65,654.73,871.01,92.28,54.56,238.32,119.24,118.88,8.26
1575.89,57.42,17.16,75.76,96.81,657.78,872.64,91.62,55.14,237.67,119.27,118.95,8.64
1576.9,45.74,17.37,84.31,94.71,658.54,872.24,91.36,54.93,237.44,119.35,119.07,8.64
1577.94,43.68,12.99,92.48,81.9,571.23,805.67,88.28,59.91,234.38,119.27,118.5,7.88
1578.96,59.06,19.67,57.43,108.52,585.72,827.12,86.35,53.23,234.34,119.27,119.11,8.26
1579.98,66.58,20.42,82.9,100.7,594.49,832.45,87.54,52.48,234.31,119.31,119.34,8.26
1580.99,50.15,18.18,92.82,96.77,588.77,827.95,87.71,54.72,234.06,119.35,119.49,8.26
1582.01,48.79,18.34,89.37,98.15,597.16,833.68,88.94,54.56,234.3,119.39,119.75,7.88
1583.02,42.54,17.18,85.1,102.07,604.02,834.51,88.06,55.72,234.29,119.47,119.56,8.26
1584.04,55.46,17.1,61.0,120.91,615.46,841.68,88.64,55.8,234.3,119.5,119.53,8.26
1585.06,38.12,18.59,62.92,120.26,614.31,841.49,87.32,54.31,234.3,119.54,119.53,8.64
1586.08,57.21,17.97,78.17,151.1,622.32,844.57,88.02,54.93,234.22,119.54,119.56,8.64
1587.09,39.35,17.1,76.83,149.12,621.56,841.92,87.45,55.8,235.0,119.54,119.83,8.26
1588.11,30.74,18.43,72.65,167.95,629.18,847.64,87.05,54.47,235.32,119.54,119.79,8.64
1589.12,21.39,15.23,73.2,160.67,635.28,856.82,83.15,57.67,235.62,119.5,119.91,9.03
1590.14,35.18,19.01,70.36,160.56,631.09,854.98,86.4,53.89,235.38,119.43,119.34,8.64
1591.16,30.75,17.76,78.51,156.32,629.56,855.18,83.54,55.14,235.29,119.39,119.14,8.64
1592.19,36.55,19.75,86.11,149.2,627.28,853.55,83.23,53.15,235.11,119.35,119.11,8.26
1593.21,63.15,16.35,85.98,149.12,631.85,856.82,84.16,56.55,234.99,119.39,119.03,8.26
1594.23,42.22,23.2,91.54,144.43,628.04,856.0,83.89,49.7,235.18,119.39,119.11,7.88
1595.24,24.9,14.86,71.77,168.98,628.42,857.42,83.01,58.04,235.19,119.39,119.41,8.64
1596.26,50.11,13.9,77.17,180.5,631.09,854.36,84.99,59.0,235.18,119.39,121.39,8.64
1597.28,43.56,14.4,77.59,183.89,631.09,856.61,85.96,58.5,235.0,119.43,122.16,9.03
1598.29,28.8,14.07,72.1,193.0,633.76,858.05,85.21,58.83,235.3,119.47,122.61,8.64
1599.31,27.09,15.65,71.92,192.54,632.61,857.84,86.13,57.25,235.35,119.62,122.61,9.03
1600.33,23.17,18.26,68.08,197.8,630.33,855.18,86.22,54.64,235.26,119.69,122.8,8.64
1601.34,18.0,18.3,71.34,217.86,661.97,905.94,89.51,54.6,235.28,119.81,123.0,9.41
1602.36,20.4,15.94,72.74,208.67,644.05,867.87,86.4,56.96,235.72,119.88,123.0,9.41
1603.37,25.87,16.06,82.54,218.43,636.43,841.24,88.15,56.84,235.63,119.88,123.11,9.03
1604.39,18.2,17.51,80.92,224.0,655.87,850.7,86.18,55.39,234.87,119.96,123.26,9.41
1605.41,18.08,4.2,89.62,212.75,655.49,853.19,91.97,68.7,234.97,120.08,123.22,9.03
1606.42,40.19,9.26,78.75,224.19,662.35,856.26,90.48,63.64,234.85,120.11,123.3,9.41
1607.44,35.51,13.32,82.9,224.07,666.16,863.22,90.48,59.58,234.59,120.15,123.41,9.03
1608.47,26.98,17.26,80.86,221.63,663.49,868.75,87.49,55.64,234.16,120.23,123.57,9.41
1609.49,40.63,18.51,78.63,223.73,664.26,867.73,91.71,54.39,233.83,120.23,123.64,9.41
1610.49,23.91,13.36,84.55,238.98,665.4,874.26,88.72,59.33,225.32,120.23,123.91,9.79
1611.51,30.99,17.34,82.38,225.75,651.29,860.77,88.64,55.35,225.61,120.11,123.72,9.41
1612.52,24.34,17.55,74.94,226.93,656.63,860.36,90.7,55.14,226.89,119.96,123.57,9.79
1613.54,34.84,17.46,85.34,221.06,657.39,862.82,88.99,55.22,227.4,119.85,123.34,9.41
1614.55,25.58,18.91,79.79,228.8,640.24,854.01,87.89,53.77,228.33,119.66,123.45,9.41
1615.57,30.73,18.42,83.67,228.65,657.01,833.02,87.93,54.27,228.81,119.54,123.61,9.41
1616.59,26.63,18.62,75.09,233.49,627.28,860.03,85.25,54.06,229.19,119.39,123.76,9.79
1617.6,21.34,16.97,86.26,228.76,626.89,860.24,88.42,55.72,230.41,119.31,123.91,9.79
1618.62,24.07,17.34,86.66,229.22,622.7,859.62,88.77,55.35,230.63,119.24,123.91,9.79
1619.64,29.03,12.73,90.44,229.11,622.7,861.06,85.91,59.95,230.88,119.27,123.95,9.41
1620.65,29.67,17.17,114.76,193.69,618.13,853.49,87.01,55.51,230.62,119.31,123.87,9.41
1621.67,11.95,13.07,95.53,131.58,624.99,851.03,86.26,59.62,230.48,119.69,123.72,8.26
1622.69,28.15,13.69,84.73,138.25,623.08,850.82,85.12,59.0,230.48,119.77,123.64,8.64
1623.7,31.33,16.88,77.32,150.87,620.79,850.83,86.26,55.8,230.05,119.85,123.68,9.03
1624.72,25.05,15.43,76.65,164.45,624.99,856.56,86.04,57.25,229.59,119.88,123.68,9.03
1625.73,30.23,15.85,85.92,153.47,624.99,855.33,85.96,56.84,229.36,119.92,123.61,8.64
1626.75,40.21,13.81,86.14,148.01,624.99,854.31,88.5,58.87,229.2,119.96,123.64,9.03
1627.77,17.85,16.72,95.6,135.97,626.51,853.9,90.96,55.97,229.37,119.96,123.57,8.64
1628.78,17.59,15.22,94.25,141.95,621.56,854.1,90.26,57.46,229.48,119.88,123.57,8.64
1629.82,21.94,16.43,90.5,143.44,616.22,849.8,90.0,56.26,229.55,119.88,123.53,8.64
1630.84,43.58,12.82,94.95,141.61,618.13,849.19,89.56,59.87,229.32,119.85,123.57,8.64
1631.87,70.38,13.85,94.1,141.57,622.7,851.03,89.73,58.83,229.62,119.85,123.53,8.64
1632.89,47.51,13.98,86.9,145.92,623.08,851.03,90.17,58.71,229.48,119.85,123.53,8.26
1633.9,41.55,13.77,88.55,146.6,622.32,847.96,90.13,58.91,229.89,119.92,123.53,8.64
1634.92,36.94,15.89,94.62,144.51,621.18,852.26,89.29,56.8,229.92,119.92,123.53,8.64
1635.94,39.23,18.29,95.29,151.48,627.28,852.67,88.86,54.39,229.84,120.0,123.53,8.64
1636.95,22.59,17.17,91.29,155.33,623.84,852.46,88.59,55.51,229.98,120.11,123.57,8.64
1637.97,25.97,16.84,97.3,139.82,618.51,849.6,88.46,55.84,230.01,120.19,123.53,8.64
1638.99,36.21,13.4,102.15,134.67,622.7,850.42,88.42,59.29,230.37,120.23,123.57,8.26
1640.0,49.34,19.99,92.21,139.85,619.65,850.62,89.03,52.69,230.41,120.27,123.45,8.26
1641.02,48.25,17.84,87.11,142.33,636.81,860.64,88.46,54.85,229.7,119.69,123.64,8.64
1642.04,31.26,17.79,77.59,145.34,635.28,862.69,81.08,54.89,229.98,119.81,123.76,8.64
1643.05,31.86,19.04,57.09,175.31,644.43,866.98,82.49,53.64,230.13,119.92,123.68,9.41
1644.07,53.85,17.88,53.86,175.62,643.67,864.32,82.4,54.81,230.5,120.0,123.68,9.03
1645.09,48.17,17.59,57.09,171.96,633.38,864.94,81.34,55.1,230.23,120.08,123.64,9.03
1646.1,37.72,18.33,82.48,188.24,644.81,866.57,81.83,54.35,230.32,120.08,123.61,9.41
1647.14,37.67,22.48,73.66,198.22,637.95,862.69,81.78,50.2,230.66,120.15,123.53,9.03
1648.16,38.53,22.44,74.27,214.05,640.62,866.57,83.37,50.24,230.73,120.11,123.22,9.03
1649.17,30.5,21.32,77.69,221.63,636.43,864.12,86.66,51.36,230.97,120.08,123.11,9.79
1650.21,49.76,20.66,138.0,174.89,636.81,631.49,86.13,52.03,231.11,120.04,123.07,8.64
1651.23,66.57,21.9,80.16,171.54,641.38,865.55,82.97,50.78,231.58,120.0,123.15,8.64
1652.26,36.21,22.52,75.92,178.4,639.09,738.5,81.04,50.16,231.57,119.92,123.26,8.64
1653.28,36.97,21.07,76.37,179.54,637.19,863.51,81.83,51.61,231.76,119.88,123.38,9.03
1654.3,39.79,20.57,103.65,153.54,639.48,863.51,81.65,52.11,231.76,119.88,123.41,8.64
1655.33,48.45,24.93,67.74,169.29,638.33,835.07,81.48,47.75,231.75,119.88,123.41,8.64
1656.37,64.33,25.01,60.17,180.27,641.38,861.87,80.25,47.67,231.59,119.85,123.49,8.64
1657.4,60.16,22.61,71.61,167.95,641.76,602.44,81.56,50.08,231.77,119.88,123.57,8.64
1658.44,35.19,21.53,95.23,140.01,642.53,844.89,81.56,51.16,231.83,119.96,123.61,8.26
1659.46,34.19,21.07,81.44,164.1,642.91,817.06,81.7,51.61,231.68,119.96,123.68,9.03
1660.47,27.32,14.89,116.83,137.68,646.34,803.15,81.43,57.79,231.45,120.04,123.8,8.64
1661.49,60.04,20.53,89.65,133.75,640.24,580.75,81.43,52.15,231.81,120.04,123.8,8.26
1662.51,34.84,24.47,82.75,149.58,639.86,796.81,80.64,48.21,231.5,120.08,123.83,8.26
1663.52,38.92,23.39,79.24,149.81,624.99,847.14,80.95,49.29,231.47,120.15,123.8,8.64
1664.54,38.1,24.02,82.08,155.22,624.61,846.32,80.86,48.67,231.79,120.19,123.83,8.64
1665.56,37.32,24.02,94.07,147.98,621.56,844.48,83.23,48.67,231.67,120.23,123.8,7.88
1666.57,46.61,24.27,89.28,154.08,600.97,787.81,81.34,48.42,231.73,120.3,123.8,8.26
1667.63,42.18,23.98,84.76,156.48,630.71,797.01,83.15,48.71,231.77,120.3,123.8,8.64
1668.64,38.5,22.23,92.33,152.63,631.85,710.87,82.27,50.45,231.56,120.34,123.76,8.26
1669.66,32.37,24.35,99.1,147.37,637.95,824.43,83.15,48.34,231.75,120.34,123.8,8.64
1670.67,29.98,22.65,88.4,147.94,631.09,856.95,83.32,50.04,232.16,120.38,123.87,8.26
1671.69,45.73,22.73,86.38,149.84,680.65,634.39,85.25,49.95,232.08,120.38,123.87,8.26
1672.73,38.84,24.51,89.37,144.2,688.46,662.29,55.52,48.17,235.03,120.65,123.03,7.5
1673.74,32.35,22.74,81.19,140.54,679.51,779.36,91.1,51.96,232.82,119.69,123.95,7.88
1674.76,35.54,23.9,77.11,139.32,682.94,862.63,88.68,50.8,233.47,119.81,123.68,7.88
1675.77,35.87,23.57,72.32,147.75,682.56,863.25,86.26,51.13,234.2,119.92,123.3,7.88
1676.79,32.38,24.23,75.49,144.73,685.23,859.98,86.75,50.47,234.18,119.96,122.84,7.88
1677.81,36.57,23.4,64.75,157.77,691.71,865.71,85.52,51.3,234.33,119.92,122.77,7.88
1678.86,31.17,23.07,68.96,156.29,687.51,864.9,86.13,51.63,234.64,119.85,122.61,7.88
1679.88,42.56,23.69,80.74,151.6,642.14,837.66,86.26,51.01,234.68,119.81,122.65,7.5
1680.89,36.97,24.61,83.64,151.56,575.81,794.77,83.67,50.09,235.91,119.73,122.73,7.5
1681.91,40.65,24.44,87.33,147.14,603.26,821.97,84.77,50.26,235.78,119.73,122.8,7.12
1682.93,35.85,24.61,77.69,162.23,622.32,833.41,86.22,50.09,235.76,119.62,122.96,7.5
1683.94,45.75,25.52,92.12,167.23,626.13,829.32,88.02,49.18,236.08,119.58,123.07,7.88
1684.96,38.51,23.98,84.43,181.98,623.84,842.83,88.68,50.72,235.75,119.54,123.07,7.5
1685.98,40.18,24.81,96.97,158.15,624.23,756.89,88.68,49.89,235.83,119.58,123.15,7.12
1687.01,33.58,24.85,92.51,148.89,622.7,848.96,89.34,49.85,235.86,119.58,123.19,7.12
1688.03,41.73,24.27,82.87,155.71,625.75,776.13,89.16,50.43,236.3,119.62,123.34,6.74
1689.04,54.62,24.65,67.71,201.69,621.56,848.55,89.69,50.05,236.22,119.62,123.34,7.5
1690.06,58.3,23.44,65.36,224.49,618.13,799.25,90.83,51.26,236.33,119.62,123.38,7.88
1691.08,50.84,24.36,75.64,220.91,623.84,704.72,92.02,50.34,236.4,119.62,123.45,7.88
1692.09,32.94,24.94,72.04,229.87,618.89,682.83,91.89,49.76,236.19,119.62,123.45,7.5
1693.11,29.25,23.23,72.04,227.85,623.08,835.05,90.88,51.47,236.42,119.66,123.34,7.5
1694.13,29.98,23.86,76.13,232.31,620.03,854.49,92.11,50.84,236.58,119.66,123.38,7.5
1695.14,32.95,23.61,87.85,221.75,617.36,851.83,89.56,51.09,236.59,119.66,123.3,7.5
1696.16,42.56,24.81,52.3,169.02,615.84,816.23,87.1,49.89,236.49,119.69,123.34,6.36
1697.17,30.73,24.07,72.77,201.31,616.98,844.87,90.17,50.63,236.66,119.69,123.38,7.12
1698.19,35.86,22.99,74.64,230.86,617.74,849.38,88.68,51.71,236.74,119.66,123.41,7.5
1699.21,33.56,25.06,81.71,235.93,618.13,850.81,92.02,49.64,236.74,119.66,123.45,7.5
1700.22,27.49,26.14,75.95,236.96,615.08,851.63,91.71,48.56,236.77,119.69,123.49,7.12
1701.24,29.73,25.15,102.31,205.89,621.18,772.65,90.17,49.55,236.67,119.77,123.49,6.74
1702.25,31.8,24.73,90.96,193.88,619.65,852.85,91.49,49.97,236.79,119.81,123.53,6.74
1703.27,26.98,26.47,95.72,196.58,617.36,851.83,90.96,48.23,236.57,119.88,123.57,6.74
1704.28,29.45,23.98,92.91,194.75,618.89,852.85,87.89,50.72,236.62,119.92,123.53,6.36
1705.29,25.54,21.66,82.93,180.99,608.98,838.73,85.12,53.04,238.81,119.43,123.0,5.21
1706.31,26.92,23.03,83.15,185.03,609.36,836.89,83.28,51.67,239.65,119.35,122.54,5.21
1707.32,40.64,25.52,80.86,189.95,608.98,837.3,80.77,49.18,239.73,119.43,122.31,5.21
1708.34,33.27,25.77,86.2,191.21,605.93,837.09,80.29,48.93,240.11,119.47,122.23,5.59
1709.36,31.53,23.48,85.41,191.17,603.64,836.07,79.63,51.22,240.26,119.47,122.08,5.59
1710.37,37.72,23.69,85.37,195.82,608.59,838.32,79.15,51.01,240.51,119.43,122.12,5.21
1711.39,44.11,23.57,86.32,196.2,606.31,836.69,78.62,51.13,240.49,119.39,122.19,5.59
1712.41,39.68,24.11,86.87,193.34,603.64,835.05,79.72,50.59,240.66,119.35,122.35,5.59
1713.42,38.13,23.07,82.57,195.25,607.83,839.14,80.07,51.63,240.8,119.31,122.54,5.97
1714.44,28.59,22.86,91.84,189.61,604.02,837.91,80.2,51.84,241.19,119.31,122.61,5.59
1715.46,37.73,23.82,83.45,193.92,606.69,834.64,81.7,50.88,241.21,119.35,122.65,5.59
1716.47,45.2,23.32,89.74,190.1,607.45,838.32,83.5,51.38,241.81,119.35,122.73,5.59
1717.49,21.4,23.53,91.84,186.86,600.97,834.43,87.58,51.17,242.34,119.39,122.8,5.21
1718.51,36.24,22.7,86.11,189.61,603.64,837.3,87.67,52.0,242.93,119.39,122.88,5.59
1719.52,26.92,25.85,92.97,180.0,602.49,835.26,86.13,48.85,243.09,119.39,122.92,5.21
1720.54,27.62,24.61,91.32,182.33,603.26,832.39,87.27,50.09,243.38,119.47,122.92,5.21
1721.56,36.59,24.19,88.43,187.43,604.02,835.66,87.19,50.51,243.47,119.47,122.96,5.21
1722.57,43.55,24.36,88.3,190.9,596.01,832.19,86.4,50.34,243.42,119.54,122.96,5.21
1723.59,39.36,24.73,91.96,189.3,599.83,833.82,87.8,49.97,243.41,119.58,123.0,5.21
1724.61,32.68,23.61,85.65,196.78,603.26,843.64,87.01,51.09,243.41,119.62,123.03,5.21
1725.64,33.61,24.52,88.58,179.5,600.59,839.14,87.27,50.18,243.42,119.69,122.96,5.21
1726.66,34.53,25.44,85.04,179.73,602.11,838.73,86.44,49.26,243.63,119.77,122.96,4.83
1727.68,38.53,24.15,85.04,178.67,599.83,837.5,86.09,50.55,244.02,119.77,122.96,5.21
1728.69,39.17,25.77,79.82,180.19,600.21,836.07,86.97,48.93,244.06,119.81,122.96,5.21
1729.71,34.21,24.4,84.22,178.89,605.16,836.69,86.35,50.3,244.21,119.85,122.96,4.83
1730.73,30.75,24.44,80.89,180.5,601.73,833.21,86.26,50.26,244.08,119.85,123.0,5.21
1731.74,27.17,25.06,83.06,179.12,598.68,833.21,86.4,49.64,244.25,119.92,123.07,5.21
1732.76,34.87,24.52,84.25,180.76,603.26,831.57,86.18,50.18,244.81,119.88,123.07,5.21
1733.8,28.04,26.06,82.51,174.36,608.98,845.49,89.29,48.64,244.77,119.92,123.11,5.21
1734.81,28.36,22.49,87.33,180.04,604.4,835.46,84.73,52.21,244.84,119.96,123.19,5.21
1735.84,32.42,23.82,75.7,184.96,629.18,833.54,89.8,50.88,245.04,119.12,123.34,4.83
1736.88,30.31,25.35,82.14,188.31,630.33,835.17,88.79,49.35,244.98,119.31,123.26,4.83
1737.89,60.03,24.23,80.37,188.65,625.75,833.13,88.97,50.47,244.99,119.39,123.0,4.83
1738.91,39.78,22.99,85.65,184.19,628.04,833.33,88.48,51.71,244.93,119.5,122.92,4.83
1739.93,39.34,24.31,78.54,188.62,627.66,833.94,88.75,50.39,245.19,119.54,122.77,4.83
1740.94,31.01,25.19,85.77,182.52,627.28,832.92,89.27,49.51,245.18,119.62,122.42,4.45
1741.96,35.18,22.65,80.13,183.16,626.89,832.31,89.14,52.05,244.98,119.66,122.16,4.83
1742.98,44.63,23.11,75.86,185.03,629.94,834.97,87.78,51.59,245.23,119.62,122.08,4.45
1743.99,42.06,23.4,72.65,187.85,629.18,832.51,87.25,51.3,245.49,119.58,122.04,4.45
1745.01,69.09,22.45,81.04,185.11,625.75,831.28,88.92,52.25,245.66,119.54,122.19,4.45
1746.05,74.64,22.99,78.63,191.74,624.61,831.28,88.79,51.71,245.68,119.5,122.27,4.45
1747.06,67.81,23.36,80.28,180.19,624.99,830.67,89.49,51.34,245.9,119.43,122.31,4.45
1748.08,57.19,23.61,97.7,164.67,626.51,831.08,88.83,51.09,246.06,119.43,122.39,4.45
1749.12,62.17,22.86,90.26,145.88,625.37,830.87,90.46,51.84,245.52,119.47,122.42,4.07
1750.13,53.05,22.61,87.21,149.0,628.42,832.1,90.42,52.09,245.54,119.47,122.5,3.69
1751.15,33.56,22.49,87.05,145.57,626.89,830.67,89.98,52.21,245.52,119.5,122.54,3.69
1752.17,25.77,23.23,84.79,146.37,627.66,830.67,90.06,51.47,245.44,119.5,122.65,3.69
1753.18,65.36,23.32,84.95,148.81,627.28,830.88,89.8,51.38,245.51,119.5,122.65,4.07
1754.2,65.4,21.74,65.36,168.3,626.89,829.85,89.1,52.96,245.53,119.54,122.69,4.07
1755.22,57.2,23.77,88.09,148.01,624.23,828.62,89.67,50.93,245.57,119.54,122.84,4.07
1756.23,64.24,24.27,87.94,146.03,625.37,829.03,90.55,50.43,245.51,119.58,122.8,4.07
1757.25,33.25,23.86,74.12,159.41,625.37,828.21,89.54,50.84,245.11,119.62,122.8,4.07
1758.27,35.51,21.82,73.87,160.86,623.08,827.19,90.68,52.88,245.4,119.66,123.0,4.07
1759.28,60.91,24.48,74.57,166.16,623.46,827.19,87.78,50.22,245.51,119.69,122.92,3.69
1760.3,41.12,23.36,77.32,154.04,621.56,825.96,88.83,51.34,245.52,119.77,122.92,3.69
1761.32,41.43,23.86,87.54,145.27,625.75,828.01,87.47,50.84,245.23,119.81,122.92,3.69
1762.35,49.71,22.57,78.6,148.59,623.84,826.17,88.44,52.13,245.34,119.85,122.88,3.31
1763.37,47.26,22.9,88.76,143.21,623.08,825.96,89.01,51.8,245.2,119.88,122.88,3.31
1764.39,34.73,23.9,66.76,166.05,625.37,826.17,89.27,50.8,245.11,119.92,122.92,3.69
1765.4,41.58,23.94,89.37,148.09,624.61,825.55,89.71,50.76,245.09,119.96,122.88,3.31
1766.42,36.95,24.94,92.45,147.86,618.51,823.3,89.98,49.76,245.01,120.0,122.96,3.31
1767.43,38.91,23.48,102.09,116.48,627.66,838.13,88.92,51.22,244.08,119.31,122.84,2.92
1768.45,42.06,23.36,102.95,112.06,627.66,838.74,89.84,51.34,244.12,119.35,122.88,2.54
1769.48,46.05,22.99,90.59,116.41,624.61,836.08,90.72,51.71,244.18,119.43,122.92,2.54
1770.5,47.54,24.52,95.72,123.08,623.08,835.47,90.28,50.18,244.08,119.5,123.0,2.92
1771.52,39.36,23.11,50.01,173.44,619.27,828.11,89.1,51.59,244.05,119.62,123.07,3.31
1772.53,32.4,23.73,77.81,169.4,617.36,828.72,89.49,50.97,244.07,119.73,123.22,3.31
1773.57,27.21,25.23,97.43,153.05,617.36,827.29,89.27,49.47,244.12,119.88,123.07,2.92
1774.59,42.57,24.11,89.4,149.46,621.18,830.77,89.27,50.59,244.28,119.92,122.96,3.31
1775.6,37.74,23.03,93.52,147.56,618.89,831.17,89.32,51.67,244.21,120.0,122.8,2.92
1776.62,30.25,23.57,84.73,155.41,617.74,828.52,87.82,51.13,244.45,120.0,122.54,3.31
1777.64,26.72,23.23,87.24,157.43,614.69,827.49,88.09,51.47,244.43,120.0,122.54,2.54
1778.69,24.19,24.65,89.16,171.99,620.79,832.81,87.82,50.05,244.83,119.96,122.58,3.31
1779.71,52.31,22.94,108.44,158.73,620.03,829.74,88.22,51.76,244.83,119.96,122.54,2.92
1780.73,39.78,22.74,99.78,159.49,618.89,832.61,87.6,51.96,244.53,119.92,122.61,2.92
1781.74,35.86,23.98,97.43,149.42,609.74,827.08,86.64,50.72,244.63,119.92,122.61,2.92
1782.76,33.28,22.4,83.3,159.15,617.74,832.2,85.89,52.3,244.6,119.92,122.88,2.92
1783.78,48.45,22.86,86.29,155.87,612.41,827.49,85.01,51.84,244.52,119.96,122.92,2.92
1784.79,44.1,22.07,71.61,222.7,613.17,827.9,87.25,52.63,244.78,119.96,123.0,4.07
1785.81,28.81,24.07,74.57,226.4,617.36,833.01,89.71,50.63,244.02,119.96,123.19,3.69
1786.83,36.23,22.82,65.73,234.6,610.88,823.61,88.75,51.88,244.21,120.08,123.15,3.69
1787.84,29.27,23.9,70.58,228.95,619.27,829.33,91.16,50.8,244.06,120.11,123.22,3.31
1788.86,33.27,23.19,66.79,257.09,614.69,826.27,91.03,51.51,244.13,120.15,123.3,4.07
1789.88,35.53,23.9,78.48,241.08,611.64,826.06,84.22,50.8,244.01,120.19,123.3,3.69
1790.89,24.88,22.82,82.35,240.92,613.17,825.86,85.36,51.88,244.01,120.23,123.22,3.31
1791.91,35.19,23.77,74.67,248.82,613.17,828.72,90.68,50.93,243.72,120.23,123.26,3.69
1792.92,34.85,24.56,77.41,243.36,618.51,828.31,89.19,50.14,244.03,120.27,123.26,3.69
1793.94,26.13,22.4,80.19,243.63,610.5,822.99,89.58,52.3,243.77,120.3,123.38,3.31
1794.96,24.07,23.98,81.8,247.29,613.17,825.04,90.9,50.72,243.35,120.34,123.38,3.31
1795.97,17.26,24.52,86.63,237.04,615.46,825.65,89.76,50.18,243.33,120.34,123.49,3.31
1796.99,16.93,25.1,78.75,242.37,614.31,824.22,89.45,49.6,243.4,120.42,123.61,3.31
1797.99,23.16,24.23,77.66,175.58,646.72,831.31,88.92,50.47,241.82,120.0,123.91,2.16
1799.01,12.83,21.45,76.07,182.36,644.05,830.28,87.38,53.25,242.2,120.69,123.91,2.16
1800.03,17.34,23.9,87.88,195.86,637.57,827.0,88.04,50.8,242.45,120.8,123.45,2.54
1801.04,40.99,22.24,74.15,208.52,634.9,825.98,87.43,52.46,242.26,120.84,123.19,2.54
1802.06,36.24,23.57,83.21,208.29,640.62,826.39,87.65,51.13,242.56,120.84,123.07,2.54
1803.1,31.35,25.1,85.56,204.74,639.09,828.23,86.86,49.6,242.43,120.76,123.03,2.54
1804.11,18.21,24.81,94.53,196.36,645.19,830.28,89.67,49.89,242.49,120.69,123.34,2.54
1805.13,11.44,25.81,89.4,201.05,643.29,830.28,89.23,48.89,242.62,120.65,123.49,2.16
1806.15,10.76,22.16,84.37,136.84,641.0,828.85,88.61,52.54,242.29,120.69,123.83,1.4
1807.16,14.76,22.86,88.4,130.67,642.14,829.26,83.87,51.84,242.99,120.84,123.99,1.4
1808.18,26.15,21.99,91.72,140.66,644.81,830.08,85.32,52.71,242.94,120.88,124.1,1.78
1809.2,52.32,22.99,91.66,145.88,644.43,829.67,87.08,51.71,242.9,120.95,124.1,1.4
1810.21,18.67,21.37,84.98,151.29,644.05,829.87,87.69,53.33,242.52,121.03,124.1,1.78
1811.23,24.08,22.86,89.37,141.65,644.43,829.26,88.83,51.84,242.25,121.14,124.14,1.4
1812.25,38.95,22.99,89.07,144.01,640.62,828.03,91.78,51.71,242.69,121.14,124.14,1.4
1813.26,42.08,21.74,92.91,136.65,642.53,828.64,82.91,52.96,242.7,121.22,124.1,1.4
1814.3,32.42,22.99,78.45,144.24,640.24,828.44,89.49,51.71,242.69,121.26,124.06,1.4
1815.32,31.56,23.61,78.36,147.75,637.57,826.18,90.06,51.09,242.68,121.3,124.1,1.4
1816.33,30.76,22.74,86.41,141.72,635.28,824.34,88.44,51.96,242.69,121.33,124.14,1.02
1817.35,39.43,23.32,81.13,141.65,634.52,823.93,89.27,51.38,242.98,121.37,124.14,1.02
1818.39,33.59,24.81,79.94,144.01,635.66,824.55,89.67,49.89,242.98,121.41,124.22,1.02
1819.4,33.89,22.74,86.66,137.03,634.52,824.55,90.2,51.96,242.68,121.45,124.25,1.4
1820.42,27.52,24.44,86.69,137.3,635.66,824.55,89.58,50.26,242.97,121.45,124.25,1.4
1821.44,30.25,23.73,81.53,141.34,636.43,824.55,90.2,50.97,242.99,121.45,124.29,1.4
1822.47,29.14,24.19,81.26,142.33,639.86,826.19,88.48,50.51,242.98,121.41,124.33,1.4
1823.53,24.66,22.57,77.5,144.39,640.62,825.78,87.91,52.13,244.58,121.45,124.37,1.78
1824.54,28.38,23.44,79.79,146.3,642.14,824.35,83.78,51.26,242.4,121.52,124.44,1.4
1825.56,25.24,21.45,90.56,136.16,639.86,825.78,90.24,53.25,242.98,121.68,124.44,1.02
1826.6,23.88,24.36,80.16,133.72,639.09,825.58,90.15,50.34,242.98,121.79,124.44,1.02
1827.61,23.76,21.86,75.55,141.57,638.71,826.4,90.42,52.84,242.96,121.83,124.56,1.4
1828.63,27.72,22.45,82.32,134.4,642.53,827.83,90.06,52.25,242.96,121.87,124.56,1.4
1829.64,18.96,18.33,83.06,135.7,642.91,832.33,89.67,56.37,243.99,121.94,124.63,1.4
1830.66,29.76,21.12,102.58,105.35,557.89,775.31,88.79,53.58,238.59,122.52,124.41,0.26
1831.67,28.36,20.83,95.23,100.13,632.99,847.51,91.51,53.87,238.16,122.71,124.52,-0.13
1832.69,26.51,21.28,96.91,112.02,629.56,848.13,90.15,53.42,238.14,122.82,124.67,0.26
1833.71,18.45,6.71,167.93,68.37,632.23,856.92,90.59,67.99,238.54,123.01,124.41,-0.13
1834.78,39.9,18.58,117.96,97.42,634.9,861.42,89.36,56.12,238.57,123.05,124.22,0.26
1835.8,33.02,24.23,91.96,109.74,647.48,876.97,84.09,50.47,238.66,123.05,124.29,0.26
1836.82,25.97,20.04,100.93,110.35,642.53,873.9,83.52,54.66,238.57,122.97,124.52,0.26
1837.83,26.45,19.33,88.4,98.15,639.86,874.11,85.1,55.37,239.28,123.01,124.83,-0.13
1838.87,31.05,19.79,85.44,101.16,642.53,872.06,86.2,54.91,239.11,123.16,124.86,-0.13
1839.88,24.5,24.48,87.54,104.55,642.14,865.92,86.95,50.22,238.88,123.32,124.98,-0.13
1840.9,20.12,20.99,104.81,99.48,645.96,864.9,87.91,53.71,238.7,123.39,125.28,0.26
1841.92,20.6,16.71,125.1,81.03,643.67,863.26,90.85,57.99,238.9,123.51,125.36,-0.13
1842.94,22.05,22.99,81.56,103.03,637.95,864.29,89.27,51.71,239.12,123.54,125.47,0.64
1843.95,15.64,20.83,109.93,98.68,636.81,864.7,92.3,53.87,238.91,123.62,125.78,0.26
1844.97,24.32,22.16,80.71,112.33,642.91,869.2,90.81,52.54,238.93,123.7,125.85,0.64
1845.98,32.7,22.24,81.93,106.15,641.0,864.29,91.43,52.46,239.23,123.77,125.93,0.26
1847.0,37.71,21.41,110.12,100.43,638.33,871.86,91.43,53.29,238.93,123.81,125.97,0.26
1848.04,24.67,6.21,178.86,59.45,644.81,874.11,91.29,68.49,239.25,123.89,126.16,-0.51
1849.07,17.95,23.44,102.64,103.56,652.44,874.93,86.46,51.26,239.28,123.93,126.31,0.64
1850.11,31.11,21.32,104.66,99.37,642.14,875.95,90.28,53.38,239.27,124.0,126.43,0.26
1851.15,39.71,25.35,111.09,105.31,646.34,874.11,90.28,49.35,239.27,124.04,126.46,0.64
1852.17,22.06,16.55,125.65,85.26,641.38,871.24,93.23,58.15,239.29,124.08,126.58,0.26
1853.2,56.56,22.53,100.23,104.44,680.27,857.12,91.29,52.17,239.33,124.12,126.62,0.64
1854.24,46.08,26.02,113.11,98.64,640.24,869.81,90.5,48.68,239.3,124.12,126.66,0.64
1855.26,24.09,19.58,114.97,91.09,640.62,868.58,90.94,55.12,239.42,124.19,126.73,0.64
1856.27,37.35,18.75,113.11,99.02,644.43,869.81,91.12,55.95,239.59,124.27,126.77,1.02
1857.29,49.37,20.49,105.91,99.06,638.71,867.77,89.98,54.21,239.71,124.27,126.85,0.64
1858.31,18.86,8.41,122.08,61.62,639.09,868.58,93.4,66.29,240.14,124.38,126.92,0.26
1859.38,24.04,18.38,112.35,85.41,640.62,869.4,91.29,56.32,240.23,124.42,127.0,0.64
1860.4,36.62,22.07,98.74,95.74,641.0,871.24,91.07,52.63,240.39,124.46,127.04,0.64
1861.46,32.83,20.49,99.07,90.71,641.38,871.04,90.59,54.21,240.43,124.5,127.07,0.64
1862.64,44.12,23.61,0.0,25.25,637.0,0.0,6.88,51.09,245.63,124.57,126.27,-0.51
1862.64,44.12,23.61,0.0,25.25,637.51,0.0,6.88,51.09,245.63,124.57,126.27,-0.51
1863.65,71.93,16.22,75.89,75.39,633.76,837.91,90.72,58.48,241.07,123.74,127.15,1.78
1864.67,24.42,14.93,94.71,82.82,637.95,841.99,91.21,59.77,241.51,123.85,127.19,1.4
1865.68,30.49,18.83,75.76,92.58,630.71,834.63,90.33,55.87,242.03,123.93,127.07,1.78
1866.7,24.07,19.33,64.63,98.37,631.09,835.86,90.15,55.37,242.35,124.04,126.85,1.78
1867.71,20.01,18.46,77.9,114.65,631.85,834.63,85.63,56.24,242.41,124.15,126.66,2.16
1868.73,24.73,18.46,80.46,131.73,634.52,835.86,88.09,56.24,242.16,124.15,126.73,2.54
1869.75,20.9,20.45,88.4,129.56,633.76,838.31,82.07,54.25,242.07,124.19,126.54,2.54
1870.76,21.39,22.16,89.25,129.1,625.37,840.98,84.97,52.54,242.36,124.15,126.39,2.54
1871.78,21.18,23.44,71.98,147.56,631.09,844.45,85.5,51.26,242.07,124.12,126.58,2.92
1872.8,26.71,22.99,79.85,227.92,629.56,845.07,87.03,51.71,242.05,123.96,126.62,4.07
1873.81,24.23,21.99,113.78,176.26,630.71,841.59,85.94,52.71,242.34,123.96,126.73,3.31
1874.83,17.18,22.99,81.74,134.4,628.04,844.24,86.81,51.71,242.04,123.93,126.85,2.92
1875.85,26.51,24.69,91.93,141.15,633.76,844.45,85.01,50.01,242.57,123.89,127.0,2.92
1876.86,27.93,22.2,88.3,143.17,636.04,852.02,86.02,52.5,243.18,123.89,127.0,3.31
1877.88,30.75,23.48,91.66,140.24,636.43,865.32,83.74,51.22,243.07,123.89,127.0,3.31
1878.91,31.07,25.06,97.79,135.55,645.19,863.27,85.45,49.64,243.02,123.89,127.11,2.92
1879.93,32.97,19.25,93.67,141.68,635.28,853.86,84.75,55.45,243.1,123.93,127.15,2.92
1880.95,28.93,20.87,96.72,139.13,634.52,854.27,86.73,53.83,243.07,123.96,127.27,3.31
1881.96,36.62,21.08,98.71,136.61,630.33,849.36,86.77,53.62,242.43,124.0,127.34,3.31
1882.98,29.82,21.2,94.99,137.15,633.76,850.79,86.55,53.5,242.39,124.04,127.3,3.31
1884.02,24.7,21.82,96.91,137.61,635.28,849.97,85.94,52.88,242.48,124.12,127.34,3.31
1885.03,29.75,22.36,67.43,180.04,636.43,848.13,86.42,52.34,242.45,124.12,127.38,3.69
1886.05,30.25,21.57,74.91,216.87,640.24,854.27,84.09,53.13,242.37,124.15,127.38,4.45
1887.07,41.11,21.37,96.11,199.29,632.23,850.79,87.34,53.33,242.37,124.19,127.53,4.45
1888.08,29.04,20.74,146.03,153.08,635.66,852.22,89.76,53.96,242.38,124.27,127.68,3.31
1889.12,51.1,19.66,139.35,162.54,638.33,849.77,90.72,55.04,242.39,124.31,127.68,3.69
1890.14,27.72,21.32,98.4,131.01,633.38,846.7,87.03,53.38,242.14,124.38,127.68,3.31
1891.15,34.53,20.87,96.27,129.22,634.9,849.36,84.27,53.83,242.13,124.46,127.61,3.31
1892.17,26.72,21.91,76.92,141.95,638.33,850.38,89.98,52.79,242.08,124.5,127.61,3.31
1893.19,23.45,22.28,98.4,124.11,639.86,850.38,89.54,52.42,242.09,124.54,127.53,3.31
1894.2,26.14,22.86,92.03,129.94,641.0,851.4,89.01,51.84,242.11,124.5,127.57,3.31
1895.21,40.81,20.33,96.36,96.7,650.91,851.01,89.27,54.37,241.8,124.0,127.72,3.31
1896.23,27.82,20.41,82.32,106.23,655.11,858.99,87.82,54.29,241.79,124.12,127.8,3.31
1897.26,48.44,21.08,89.52,97.99,652.06,856.13,89.58,53.62,241.81,124.23,127.91,2.92
1898.28,34.86,20.58,95.14,96.89,651.29,852.65,89.1,54.12,241.8,124.38,127.95,3.31
1899.3,34.54,22.4,86.08,101.62,652.06,854.08,90.37,52.3,241.8,124.46,128.03,3.31
1900.32,38.96,20.54,88.67,98.79,643.29,845.08,90.5,54.16,241.91,124.5,128.1,3.31
1901.35,29.36,22.32,91.45,98.11,639.86,841.4,91.03,52.38,241.81,124.61,128.07,3.31
1902.37,29.76,19.75,79.79,104.78,632.23,840.99,90.55,54.95,242.36,124.61,127.95,3.31
1903.38,23.01,21.66,98.4,92.16,636.04,839.35,91.34,53.04,242.64,124.61,127.72,2.92
1904.4,16.79,15.55,71.22,105.89,636.43,839.15,89.32,59.15,242.96,124.46,127.61,3.31
1905.44,11.69,18.42,59.29,118.77,640.24,842.83,83.65,56.28,243.48,124.31,127.68,3.31
1906.47,18.74,19.54,80.71,117.09,639.86,842.02,84.44,55.16,243.79,124.31,127.65,3.69
1907.51,16.43,19.7,82.48,115.26,642.53,844.67,88.13,55.0,243.56,124.35,127.61,3.69
1908.53,17.77,17.46,75.86,118.47,632.23,837.72,87.3,57.24,243.5,124.35,127.57,4.07
1909.54,34.22,15.93,71.31,122.28,638.71,842.02,88.04,58.77,243.54,124.35,127.57,4.07
1909.54,34.22,15.93,71.31,122.28,638.71,842.02,88.04,58.77,243.54,124.35,127.57,4.07
1910.58,48.49,16.84,85.59,104.97,664.64,870.23,90.42,57.86,245.07,125.07,127.8,4.83
1911.6,29.77,17.92,74.21,113.09,648.24,854.69,88.61,56.78,244.86,124.99,127.68,4.45
1912.61,15.71,19.75,80.77,106.72,650.91,856.53,89.76,54.95,244.87,124.88,127.57,4.07
1913.63,12.84,14.97,96.82,85.18,651.29,855.1,80.49,59.73,244.48,124.73,127.46,4.45
1914.67,21.94,21.2,76.56,105.39,658.92,855.3,84.75,53.5,244.47,124.69,127.49,4.45
1915.7,24.2,21.37,82.6,110.46,655.49,856.32,87.21,53.33,244.85,124.73,127.68,4.83
1916.72,19.26,21.74,66.67,113.01,642.91,863.28,87.17,52.96,244.83,124.5,127.91,4.45
1917.74,12.28,10.94,106.76,84.38,665.02,833.61,83.92,63.76,246.19,124.8,128.03,4.45
1918.75,16.95,20.66,82.78,98.83,660.44,836.48,84.53,54.04,247.14,124.69,128.1,4.83
1919.77,21.14,19.83,88.76,101.42,666.16,837.7,87.08,54.87,247.52,124.61,128.26,4.83
1920.79,18.49,16.55,76.59,112.44,666.54,837.29,86.2,58.15,248.46,124.65,128.41,5.21
1921.8,22.3,20.74,92.57,104.67,664.64,837.09,90.15,53.96,249.56,124.73,128.49,5.21
1922.82,12.24,20.74,77.96,108.02,660.83,844.05,82.91,53.96,250.77,124.84,128.6,5.21
1923.83,23.75,20.08,83.48,101.2,655.49,846.3,86.95,54.62,251.39,124.88,128.64,5.21
1924.85,18.43,18.83,71.0,109.93,665.4,849.78,90.94,55.87,251.96,124.92,128.64,4.83
1925.87,31.0,5.88,75.4,72.95,681.03,854.49,91.21,68.82,253.91,124.12,128.49,5.59
1926.9,11.3,13.18,115.91,79.35,684.84,859.19,95.03,61.52,255.28,124.19,128.26,5.21
1927.92,19.17,17.92,81.44,98.68,685.61,866.96,93.49,56.78,256.18,124.08,127.91,5.21
1928.94,16.64,19.46,95.6,95.02,682.18,858.99,92.92,55.24,256.49,124.04,127.38,5.59
1929.95,20.81,24.27,69.81,108.74,676.08,861.24,92.52,50.43,257.33,124.0,127.27,5.59
1930.97,23.61,21.45,70.82,115.11,677.22,856.53,91.69,53.25,257.41,123.93,127.34,5.97
1931.99,0.0,13.02,84.79,90.94,682.56,856.74,92.57,61.68,259.34,124.04,127.61,5.21
1933.0,20.32,18.87,92.97,98.3,678.74,849.37,92.08,55.83,259.4,124.15,127.72,5.59
1934.02,22.87,21.49,80.68,108.86,681.41,849.37,91.25,53.21,259.39,124.31,127.76,5.59
1935.05,7.05,8.91,102.49,75.19,681.03,852.03,89.67,65.79,258.67,124.84,127.84,5.97
1936.07,17.19,18.87,88.46,98.11,679.51,851.21,92.83,55.83,258.54,124.99,127.88,5.97
1937.09,15.44,18.83,82.84,105.89,682.18,848.76,91.07,55.87,258.87,125.03,128.03,6.36
1938.15,19.91,20.95,83.51,106.57,682.56,848.35,90.81,53.75,258.94,125.03,128.07,6.36
1939.16,20.02,18.96,86.66,102.15,680.27,849.37,90.55,55.74,259.33,125.03,128.18,5.59
1940.18,18.74,16.76,92.18,99.44,684.46,849.78,90.33,57.94,259.35,124.99,128.29,6.36
1941.21,19.0,24.02,75.46,107.91,682.94,847.94,90.9,50.68,259.39,124.92,128.41,6.36
1942.23,14.3,18.92,85.62,106.46,680.65,847.53,90.9,55.78,260.24,124.88,128.6,6.36
1943.27,14.69,22.07,83.21,105.62,678.36,844.46,93.05,52.63,260.3,124.96,128.64,5.97
1944.3,20.72,23.57,79.79,115.23,685.23,859.39,92.3,51.13,259.22,124.92,128.71,5.97
1945.32,20.68,18.79,94.83,107.14,682.56,856.12,92.79,55.91,259.41,124.99,128.75,6.36
1946.34,22.33,21.95,96.27,108.97,690.18,860.01,94.19,52.75,259.08,125.11,128.71,5.97
1947.36,23.79,22.2,95.84,106.34,687.13,859.8,94.02,52.5,259.6,125.18,128.68,5.97
1948.37,14.95,22.53,116.56,95.48,689.04,859.6,95.07,52.17,259.6,125.26,128.75,6.36
1949.39,16.35,22.28,92.85,117.28,689.8,869.42,93.14,52.42,259.4,125.26,128.75,6.74
1950.43,14.98,22.24,109.11,103.56,690.94,866.35,93.62,52.46,259.27,125.3,128.83,6.74
1951.45,20.46,24.02,92.51,114.65,683.32,863.89,93.23,50.68,258.61,125.34,128.87,7.12
1952.46,24.56,23.15,106.3,106.34,691.71,861.65,93.14,51.55,259.26,125.37,128.9,6.74
1953.48,24.09,22.9,88.64,100.89,687.13,861.03,92.66,51.8,258.98,125.45,129.02,6.36
1954.5,20.12,23.65,86.38,110.96,690.18,860.62,92.96,51.05,258.97,125.41,129.06,6.74
1955.53,27.03,24.73,84.46,106.8,686.37,863.49,93.71,49.97,259.32,125.45,129.06,6.36
1956.55,27.77,24.73,88.94,112.52,687.13,861.03,93.23,49.97,259.01,125.49,129.1,6.74
1957.57,27.64,19.83,76.25,115.91,693.23,863.9,89.93,54.87,258.95,125.57,129.13,7.12
1958.6,47.84,20.7,83.76,113.47,693.23,861.65,91.91,54.0,258.97,125.6,129.21,6.74
1959.64,34.55,19.23,76.68,98.49,684.46,836.58,90.64,57.57,258.6,125.49,129.32,7.12
1960.66,27.73,23.3,84.58,104.51,696.28,844.58,89.76,53.5,258.67,125.64,129.32,7.12
1961.69,17.73,20.06,90.9,96.35,702.76,849.92,91.16,56.74,259.14,125.87,129.32,7.12
1962.71,16.64,22.3,87.45,100.81,701.24,852.58,91.47,54.5,259.9,126.02,129.29,7.12
1963.73,12.67,10.17,130.44,77.37,702.38,853.19,94.02,66.62,260.1,126.14,128.79,7.12
1964.78,24.83,24.42,90.41,99.75,706.58,857.49,91.91,52.38,260.19,126.14,128.79,7.5
1965.82,14.24,23.01,95.11,95.82,708.86,858.11,92.44,53.79,260.18,126.1,129.13,7.5
1966.84,21.65,21.59,89.52,104.74,709.24,856.47,92.13,55.2,260.08,126.14,129.29,7.12
1967.85,17.41,26.12,77.72,98.22,708.86,858.52,90.42,50.68,260.14,126.25,129.78,7.5
1968.87,18.68,23.67,78.94,104.25,712.68,861.18,92.66,53.13,260.32,126.33,129.82,7.5
1969.89,28.48,21.01,87.21,105.85,712.68,865.48,92.57,55.78,260.7,126.37,130.05,7.5
1970.9,35.19,22.59,99.71,101.16,711.53,863.23,93.49,54.21,260.5,126.37,129.97,7.12
1971.92,13.55,24.67,82.84,86.4,710.77,864.45,91.47,52.13,260.19,126.52,130.2,7.5
1972.93,8.51,22.8,86.17,81.26,711.53,864.45,88.61,54.0,260.19,126.71,131.84,7.12
1973.95,17.26,23.38,94.07,102.23,711.53,862.82,90.37,53.42,260.17,126.71,131.76,7.12
1974.97,20.69,22.59,98.16,94.49,708.86,863.23,91.6,54.21,260.15,126.82,131.61,7.12
1975.98,17.34,28.16,75.28,118.47,708.48,862.82,89.84,48.64,260.63,126.86,131.34,7.5
1977.02,19.54,25.42,93.09,112.18,706.58,870.19,88.79,51.38,261.41,126.86,131.23,7.5
1978.08,33.05,26.62,88.06,114.54,709.63,871.82,86.46,50.18,261.3,126.86,131.27,7.5
1979.1,22.35,23.67,97.09,125.79,712.29,865.07,90.85,53.13,260.85,126.86,131.31,7.88
1980.13,23.19,26.74,116.43,109.2,712.68,861.39,91.51,50.05,261.39,126.9,131.54,7.5
1981.17,0.0,26.25,105.14,119.76,711.53,860.16,91.51,50.55,261.45,126.94,132.26,7.5
1982.19,19.8,26.25,104.17,122.13,716.87,864.66,90.28,50.55,260.87,126.94,131.88,7.88
1983.21,30.11,30.11,109.75,118.39,717.63,866.09,89.71,46.69,260.85,126.98,132.11,7.88
1984.3,34.56,28.49,113.78,117.09,715.34,865.48,88.7,48.31,261.16,127.01,132.79,7.5
1985.32,29.07,29.94,113.41,119.57,713.06,866.71,89.23,46.86,261.15,127.09,132.56,7.88
1986.35,41.93,26.0,103.59,127.81,714.2,868.76,89.62,50.8,261.16,127.09,132.53,7.88
1987.41,41.77,31.15,106.33,123.77,710.01,872.85,90.5,45.65,261.18,127.13,132.6,7.88
1988.43,44.14,25.91,111.61,119.57,710.77,870.6,90.72,50.88,261.5,127.17,132.98,7.88
1989.46,49.13,28.78,109.72,122.97,708.48,871.42,91.07,48.02,261.51,127.2,133.02,7.88
1990.5,36.51,26.58,124.24,112.75,710.01,873.87,91.34,50.22,259.38,127.24,133.37,8.26
1991.56,30.41,30.77,129.98,111.76,713.06,872.24,91.16,46.02,258.63,127.24,133.67,8.26
1992.57,28.16,25.75,89.34,119.11,650.53,831.79,89.27,49.55,255.86,127.32,132.18,8.26
1993.59,32.96,27.87,90.1,117.93,656.25,836.91,90.15,47.44,255.79,127.4,132.11,8.26
1994.6,23.76,27.04,89.31,117.51,661.21,839.57,90.2,48.27,255.58,127.55,131.99,8.26
1995.62,23.14,25.71,91.14,109.81,652.44,832.82,89.54,49.6,255.31,127.66,131.84,7.88
1996.63,15.57,25.29,96.42,112.21,658.16,837.52,89.1,50.01,255.28,127.78,131.31,8.26
1997.65,20.66,26.74,94.47,114.84,655.11,832.61,88.57,48.56,254.44,127.7,131.34,8.26
1998.67,23.59,25.54,90.2,118.01,653.96,832.2,88.88,49.76,253.78,127.62,131.38,7.88
1998.67,23.59,25.54,90.2,118.01,653.96,832.2,88.88,49.76,253.78,127.62,131.38,7.88
1999.7,22.34,17.11,124.76,88.77,661.21,839.57,89.14,58.19,253.54,127.62,131.38,7.88
2000.72,23.32,20.35,108.17,102.8,646.72,838.96,85.76,54.95,253.45,127.66,131.42,7.88
2001.75,21.43,26.99,85.28,122.39,649.39,844.89,88.22,48.31,253.52,127.62,131.5,7.88
2002.77,14.81,24.5,111.92,94.83,649.77,840.8,91.51,50.8,253.62,127.55,131.5,7.5
2003.79,23.61,26.29,82.54,118.77,658.54,841.0,90.33,49.01,253.78,127.47,131.57,7.88
2004.8,18.2,18.31,83.33,124.87,645.19,833.02,89.41,56.99,254.23,127.47,131.57,7.88
2005.82,63.08,14.41,126.35,96.93,652.06,834.05,90.55,60.89,254.48,127.47,131.57,7.88
2006.84,56.28,14.37,129.95,95.52,650.15,834.46,90.15,60.93,254.31,127.43,131.5,7.88
2007.85,14.81,24.92,73.29,119.31,647.1,832.61,89.98,50.39,254.76,127.47,131.57,7.88
2008.87,20.66,22.05,109.14,96.28,657.01,838.55,89.49,53.25,254.79,127.55,131.69,7.88
2009.88,12.24,16.94,116.59,91.63,650.15,830.77,86.77,58.36,255.09,127.62,131.65,7.88
2010.9,23.75,23.13,117.26,108.71,653.96,833.02,88.22,52.17,255.42,127.66,131.61,7.88
2011.92,23.0,20.43,113.72,109.55,648.63,833.02,87.17,54.87,256.23,127.66,131.54,7.88
2012.93,30.75,20.43,118.23,107.68,645.96,832.2,85.36,54.87,256.4,127.7,131.57,7.88
2013.95,36.23,19.31,111.43,103.9,650.53,833.84,85.89,55.99,256.27,127.66,131.42,7.88
2014.97,25.95,21.47,92.79,119.53,650.91,833.43,84.53,53.83,256.53,127.62,131.38,8.26
2015.98,33.56,16.86,118.75,112.75,650.15,831.59,84.71,58.44,256.55,127.62,131.38,8.26
2017.0,37.27,22.59,109.26,104.44,650.53,834.45,87.74,52.71,257.2,127.59,131.42,7.88
2018.01,34.51,25.29,101.0,113.21,655.49,838.75,90.28,50.01,257.35,127.59,131.42,8.26
2019.03,29.49,20.18,117.84,98.45,649.01,834.25,89.27,55.12,257.4,127.59,131.46,7.88
2020.05,34.84,24.38,99.44,113.85,652.06,833.02,88.7,50.93,257.79,127.62,131.42,7.88
2021.06,23.3,19.02,109.42,106.11,648.63,831.8,84.0,56.28,258.08,127.66,131.46,7.88
2022.08,45.17,19.73,103.83,109.81,652.06,832.41,86.77,55.58,258.06,127.62,131.5,7.88
2023.09,24.72,18.98,107.65,101.01,723.35,851.98,89.49,56.32,256.51,127.55,131.46,7.5
2024.1,25.06,20.85,106.91,111.3,727.54,855.67,90.46,54.46,256.53,127.7,131.46,7.88
2025.12,29.76,21.1,106.43,108.55,730.21,858.95,90.33,54.21,256.52,127.78,131.38,7.5
2026.16,17.5,13.54,116.01,100.01,728.31,859.76,88.92,61.76,255.7,127.97,131.31,7.5
2027.17,53.81,15.57,110.55,105.01,732.88,859.56,89.84,59.73,255.36,127.97,131.23,7.12
2028.19,43.02,15.45,116.28,99.9,733.26,860.17,90.46,59.85,254.92,128.01,131.15,7.5
2029.2,38.9,18.52,117.1,100.32,726.4,860.99,90.94,56.78,254.94,128.04,131.27,7.5
2030.24,19.62,21.68,101.06,100.24,728.69,859.56,89.1,53.62,254.65,128.08,131.5,7.5
2031.26,20.43,19.68,102.89,100.55,734.03,859.76,87.65,55.62,254.49,128.16,131.61,7.5
2032.27,20.9,19.48,103.44,105.47,732.88,858.54,87.65,55.83,254.36,128.27,131.65,7.5
2033.29,28.14,22.51,101.51,103.14,730.59,856.9,89.54,52.79,253.83,128.31,131.73,7.12
2034.31,29.06,16.03,108.38,100.24,730.98,857.51,90.11,59.27,253.79,128.39,131.8,7.12
2035.32,37.35,17.19,98.49,108.82,730.59,855.67,89.98,58.11,253.62,128.39,131.8,7.5
2036.34,24.4,14.08,95.75,110.38,729.45,857.72,92.66,61.22,253.26,128.5,131.84,7.12
2037.36,41.61,21.59,100.29,108.9,730.21,855.67,91.86,53.71,253.28,128.54,131.88,6.74
2038.37,22.74,20.89,95.26,102.3,727.54,856.08,92.61,54.41,253.2,128.58,131.95,7.12
2039.39,16.12,20.52,100.78,98.79,726.78,856.49,93.93,54.79,252.97,128.58,132.03,7.12
2040.4,19.05,24.38,111.74,102.15,729.07,858.13,95.29,50.93,252.8,128.58,132.18,6.74
2041.44,10.9,19.35,111.37,104.09,729.45,855.46,93.4,55.95,252.47,128.69,132.34,6.74
2042.46,28.15,19.89,104.26,108.02,727.93,856.9,93.31,55.41,252.0,128.73,132.37,7.12
2043.47,22.87,17.94,98.01,111.38,729.45,856.69,92.83,57.36,251.04,128.84,132.37,6.74
2044.49,22.75,19.31,116.53,98.3,729.45,855.06,94.02,55.99,250.98,128.96,132.41,6.74
2045.51,22.61,16.28,112.92,102.49,728.69,855.26,92.04,59.02,250.98,129.07,132.45,6.74
2046.54,29.28,21.3,112.8,100.2,729.07,857.1,93.36,54.0,250.97,129.15,132.49,6.74
2047.56,27.15,29.9,105.36,118.66,731.74,856.49,93.53,45.4,250.96,129.26,132.53,6.74
2048.58,22.76,23.67,92.15,129.83,727.16,855.67,91.95,51.63,250.74,129.34,132.56,7.12
2049.62,43.92,23.55,117.47,109.16,726.02,855.47,91.03,51.76,250.6,129.38,132.6,6.74
2050.65,31.07,29.73,107.13,121.17,732.88,858.54,92.3,45.57,250.22,129.45,132.68,7.12
2051.69,23.05,23.46,119.61,109.58,730.59,857.31,90.72,51.84,249.86,129.53,132.72,7.12
2052.73,31.63,29.4,117.93,110.57,732.12,856.9,91.38,45.9,249.93,129.57,132.76,6.74
2053.75,20.42,20.93,110.3,120.75,670.36,845.49,89.45,55.33,216.64,129.03,133.06,6.74
2054.75,43.91,21.47,112.47,114.2,671.12,846.51,88.53,54.79,216.99,129.11,133.1,6.74
2055.75,25.95,24.21,99.71,113.55,671.88,843.85,85.23,52.05,217.46,129.07,132.95,6.74
2056.76,19.49,21.43,110.7,106.27,669.21,838.12,86.51,54.83,218.24,128.96,132.79,6.74
2057.78,20.07,24.0,97.67,106.38,667.69,832.4,85.85,52.25,219.83,128.77,132.45,6.74
2058.78,16.46,25.25,112.59,104.7,663.49,828.3,86.46,51.01,220.82,128.58,132.45,6.74
2059.78,16.47,22.47,103.31,111.95,667.31,834.85,87.12,53.79,220.91,128.5,132.56,6.74
2060.78,22.95,23.17,107.89,111.6,664.64,828.92,86.29,53.08,222.47,128.42,132.6,6.36
2061.78,29.07,23.42,109.72,110.12,667.31,846.11,87.69,52.84,223.16,128.31,132.56,6.74
2062.78,24.48,22.09,106.06,114.5,666.16,847.95,88.48,54.16,224.1,128.16,132.53,6.74
2063.78,14.75,25.17,108.53,109.47,661.59,840.99,87.82,51.09,226.37,127.81,132.41,6.36
2064.78,13.95,25.5,82.78,108.1,660.44,843.04,83.52,50.76,227.88,127.55,132.26,6.36
2065.8,23.65,25.66,111.95,110.69,658.16,846.51,86.99,50.59,229.42,127.36,132.18,5.97
2066.8,18.68,27.49,90.59,113.62,658.92,849.38,85.58,48.77,231.15,127.2,132.11,5.97
2067.81,19.97,23.38,99.62,98.95,655.87,855.72,89.1,52.88,232.87,127.05,132.11,5.97
2068.82,26.39,21.51,82.75,105.58,653.2,845.49,89.36,54.75,233.75,126.98,132.15,5.97
2069.84,37.4,17.48,92.21,110.35,655.11,845.9,88.79,58.77,234.76,126.98,132.07,6.36
2070.86,32.18,21.1,99.68,104.82,658.54,845.08,88.22,55.16,234.82,126.94,131.95,5.97
2071.86,17.83,24.46,106.58,104.86,659.68,841.19,88.79,51.8,236.72,126.94,131.84,5.97
2072.86,17.71,21.51,87.54,105.85,659.3,840.58,88.13,54.75,238.4,126.86,131.61,5.97
2073.88,0.0,24.0,90.77,104.59,660.83,837.92,88.61,52.25,238.45,126.9,131.57,5.97
2074.9,19.22,25.83,74.36,126.4,661.97,836.9,88.53,50.43,238.48,127.17,131.5,5.97
2075.9,45.01,21.01,124.43,113.62,660.44,838.74,90.24,55.24,238.46,127.24,131.46,5.97
2076.9,29.05,20.97,77.84,124.19,654.73,835.47,89.67,55.29,238.48,127.4,131.31,6.36
2077.92,33.07,26.45,104.6,105.12,659.3,833.62,89.45,49.8,238.47,127.51,131.23,5.97
2078.94,7.16,17.07,94.34,97.27,706.58,842.9,91.03,59.19,238.48,127.51,130.89,6.36
2079.94,13.5,27.91,91.93,99.79,714.2,841.95,91.47,48.35,238.46,127.47,130.96,5.97
2080.98,12.87,24.54,101.21,126.51,719.92,848.3,91.43,51.71,237.88,127.59,131.08,6.36
2082.0,21.07,26.83,131.81,99.86,719.92,848.51,90.59,49.43,238.01,127.7,131.23,5.97
2083.02,17.21,26.0,103.41,127.96,720.3,848.3,89.84,50.26,236.94,127.74,131.08,6.36
2084.02,39.62,24.5,118.63,113.97,720.3,849.32,91.69,51.76,237.03,127.78,131.08,5.97
2085.04,22.25,15.41,97.0,87.78,674.55,839.76,92.17,60.85,236.57,127.28,131.23,5.59
2086.04,18.19,21.43,90.84,95.71,684.84,842.62,90.33,54.83,235.82,127.55,131.46,5.97
2087.04,12.46,18.69,97.64,90.14,677.22,837.1,90.99,57.57,235.82,127.89,131.61,5.97
2088.08,19.46,21.22,103.07,98.6,684.84,840.58,91.43,55.04,235.91,128.04,131.69,5.97
2089.08,19.69,24.54,87.54,107.52,680.65,837.51,91.65,51.71,236.02,128.2,131.61,6.36
2090.08,15.06,23.42,82.96,110.35,680.65,837.92,90.37,52.84,236.63,128.35,131.38,6.36
2091.08,15.73,20.14,95.05,105.89,680.27,834.45,89.54,56.12,236.45,128.42,131.38,6.74
2092.08,24.14,22.92,100.11,104.02,684.08,839.36,90.2,53.33,236.7,128.46,131.42,6.74
2093.08,18.9,21.76,102.25,96.58,678.74,838.13,89.98,54.5,236.64,128.54,131.54,6.74
2094.1,10.96,25.5,76.31,146.22,671.5,841.19,90.02,50.76,236.8,128.58,131.65,7.12
2095.12,40.75,20.47,106.67,114.27,677.22,842.01,90.64,55.78,237.03,128.58,131.69,7.12
2096.14,36.83,26.12,84.0,131.96,677.22,841.19,90.11,50.14,236.77,128.58,131.76,7.12
2097.16,56.41,25.79,92.54,127.31,679.13,842.42,90.15,50.47,237.18,128.62,131.8,7.12
2098.16,18.83,26.41,94.92,102.0,678.74,840.58,90.02,49.85,237.34,128.62,131.92,6.74
2099.16,20.83,18.69,92.18,103.75,680.65,842.42,90.46,57.57,237.44,128.62,132.03,6.74
2100.16,24.31,25.58,78.88,114.69,681.79,842.42,90.55,50.68,237.42,128.65,132.07,7.12
2101.16,17.21,16.36,89.37,76.45,673.41,840.78,93.14,59.9,237.48,128.69,132.15,5.97
2102.16,15.91,26.66,98.8,103.56,679.89,847.94,92.96,49.6,237.46,128.73,132.15,6.36
2103.18,17.46,25.83,104.93,116.18,675.31,847.53,91.95,50.43,237.44,128.77,132.3,6.36
2104.22,13.51,20.93,81.96,96.24,674.17,852.04,93.18,55.33,237.16,128.81,132.3,5.97
2105.23,17.69,25.04,80.28,101.5,678.36,853.47,93.01,51.22,237.39,128.81,132.3,5.97
2106.25,14.91,26.41,74.7,99.48,673.79,850.4,93.05,49.85,237.09,128.77,132.34,5.59
2107.27,11.75,24.25,91.2,97.61,672.26,852.44,92.83,52.0,237.16,128.81,132.41,5.59
2108.29,16.5,26.83,89.8,102.38,674.55,854.29,90.33,49.43,236.96,128.77,132.45,5.97
2109.33,15.87,27.2,94.01,100.05,670.36,852.24,90.06,49.06,236.77,128.81,132.56,5.97
2110.35,17.62,26.5,92.27,99.4,669.21,847.33,88.88,49.76,236.81,128.84,132.56,5.59
2111.37,17.46,25.04,84.55,113.7,673.79,851.22,89.62,51.22,236.96,128.81,132.53,5.97
2112.37,17.58,26.04,99.81,126.28,670.74,847.74,93.36,50.22,237.28,128.81,132.49,5.97
2113.39,16.09,24.92,95.26,119.95,671.5,849.58,92.61,51.34,238.34,128.77,132.56,5.97
2114.39,19.37,26.04,97.79,100.66,671.12,845.9,91.82,50.22,238.4,128.84,132.53,5.21
2115.39,14.64,26.99,81.13,132.57,673.79,850.6,91.34,49.26,238.47,128.88,132.53,6.36
2116.39,11.19,23.59,93.31,103.03,670.74,847.94,91.12,52.67,238.63,128.92,132.53,5.59
2117.42,18.94,25.0,83.94,104.89,675.78,844.67,91.38,51.26,239.64,128.81,132.53,5.59
2118.43,14.97,21.1,106.03,100.17,675.4,850.38,90.99,55.16,241.17,128.31,131.99,4.83
2119.45,16.91,25.66,80.46,112.06,677.31,847.1,89.36,50.59,241.37,128.42,131.65,4.83
2120.45,15.38,24.09,82.78,109.2,673.11,845.26,88.48,52.17,241.49,128.46,131.27,4.83
2121.47,20.0,28.07,78.27,107.87,674.26,850.58,88.75,48.18,241.73,128.39,131.38,4.45
2122.54,22.51,26.79,79.0,118.09,678.07,849.15,88.31,49.47,241.63,128.31,131.46,4.45
2123.6,21.73,22.05,83.39,113.43,678.45,850.38,88.97,54.21,241.35,128.31,131.54,4.83
2124.64,24.9,20.1,72.56,89.15,679.3,840.96,89.36,56.16,241.15,128.31,131.65,4.45
2125.69,15.41,26.83,91.9,101.01,677.31,847.71,91.21,49.43,241.34,128.2,131.69,4.45
2126.75,13.55,23.21,96.69,105.47,673.88,844.03,91.43,53.04,241.43,128.16,131.76,4.45
2127.79,26.13,28.16,92.03,120.41,672.73,845.06,90.55,48.1,241.46,128.23,131.8,4.45
2128.83,9.18,22.8,89.8,101.84,677.39,829.51,85.5,53.46,240.36,128.31,131.65,4.45
2129.83,13.8,25.83,89.52,115.68,678.92,831.96,89.49,50.43,240.28,128.23,131.69,4.45
2130.85,11.01,23.55,82.45,105.77,689.98,842.19,89.19,52.71,240.27,128.16,131.65,4.07
2131.87,17.77,19.31,101.33,104.93,688.59,721.91,77.11,56.95,240.93,128.12,131.61,3.31
2132.87,21.56,20.62,111.43,104.47,686.93,839.13,88.88,57.78,238.48,127.7,131.61,3.31
2133.87,14.02,21.62,79.67,113.59,688.07,838.72,88.04,56.78,238.43,127.89,131.61,4.07
2134.87,26.25,26.15,76.77,114.96,688.07,840.15,88.53,52.25,238.51,127.97,131.61,3.69
2135.87,23.07,24.4,79.33,111.18,691.12,846.09,88.18,54.0,238.41,128.01,131.38,3.69
2136.89,12.81,16.88,108.23,91.97,683.11,836.67,87.96,61.52,239.08,127.97,130.93,3.31
2137.91,21.37,22.78,83.73,107.3,683.11,835.65,87.43,55.62,238.75,127.89,131.0,3.31
2138.97,14.24,20.46,96.91,101.08,684.64,835.04,89.41,57.94,238.52,127.81,131.15,2.92
2140.0,18.78,22.41,84.89,111.68,685.78,833.4,88.61,55.99,238.28,127.81,131.23,3.31
2141.02,24.6,24.4,94.92,106.46,685.78,835.24,88.53,54.0,238.13,127.85,131.27,3.31
2142.02,9.69,25.07,92.94,108.17,685.78,833.61,90.24,53.33,237.27,127.93,131.34,2.92
2143.02,9.73,23.86,92.7,92.24,682.35,835.04,92.22,54.54,237.24,127.93,131.34,2.54
2144.02,10.48,21.95,98.55,102.64,685.02,833.4,90.72,56.45,237.14,128.01,131.34,2.54
2145.02,10.69,21.83,98.65,93.04,685.78,833.61,91.25,56.57,236.04,128.01,131.31,2.54
2146.03,12.55,23.74,79.39,105.2,686.54,839.74,87.47,54.66,237.03,127.97,131.38,2.92
2147.03,6.38,21.58,91.87,86.44,677.78,817.24,83.43,56.82,238.27,127.97,131.34,2.54
2148.03,8.21,26.23,70.09,96.54,684.26,826.65,87.08,52.17,237.35,127.89,131.42,2.54
2149.04,13.61,13.27,104.81,81.79,682.14,787.68,86.9,65.13,238.21,127.43,130.58,2.54
2150.04,8.96,23.99,98.46,101.04,689.51,815.95,92.39,54.41,237.49,127.47,130.73,2.54
2151.06,9.97,24.69,95.6,121.36,695.99,819.02,87.96,53.71,236.53,127.55,130.7,2.54
2152.06,4.97,24.24,80.83,158.54,694.84,820.05,88.22,54.16,236.49,127.36,130.54,2.54
2153.08,9.36,23.2,78.88,154.91,695.56,817.59,87.74,55.2,236.17,127.51,130.77,2.54
2154.08,8.29,24.36,81.68,160.63,695.7,815.95,90.28,54.04,235.36,127.66,130.77,2.54
2155.08,12.96,23.57,84.18,171.5,696.94,818.62,80.84,54.83,234.44,127.66,130.81,2.16
2156.08,12.96,21.54,92.97,172.79,697.27,818.21,82.11,56.86,234.07,127.55,130.85,2.16
2157.08,22.65,21.7,84.4,172.18,697.65,816.77,83.34,56.7,233.08,127.59,130.89,2.54
2158.08,25.19,24.57,107.31,145.69,699.51,815.55,85.15,53.83,232.88,127.7,130.96,1.78
2159.1,10.58,25.07,75.95,107.3,701.03,816.77,87.25,53.33,232.89,127.89,131.08,1.4
2160.12,9.48,27.35,88.64,94.14,707.13,812.88,87.96,51.05,233.08,128.23,131.31,1.02
2161.16,9.39,24.78,87.88,102.03,703.7,815.55,88.83,53.62,231.5,128.39,131.5,1.02
2162.2,11.32,26.44,92.51,99.18,705.23,816.77,89.98,51.96,230.91,128.62,131.5,0.64
2163.22,14.55,25.15,85.41,103.14,709.42,817.8,82.64,53.25,231.16,128.69,131.46,1.02
2164.22,12.64,17.38,86.75,86.48,709.8,819.44,84.35,61.02,231.14,128.84,131.57,0.64
2165.24,10.48,23.82,76.65,95.25,704.08,815.75,83.43,54.58,231.41,128.84,131.65,0.26
2166.24,9.28,23.82,80.89,92.39,704.84,818.82,83.12,54.58,231.25,128.84,131.88,0.64
2167.25,8.9,23.53,90.53,101.12,708.66,819.23,83.21,54.87,230.55,129.19,131.95,0.26
2168.27,18.83,22.74,92.7,111.99,706.75,819.85,82.91,55.66,230.44,129.34,132.07,0.64
2169.29,14.16,23.61,103.01,99.25,705.23,818.62,82.16,54.79,232.0,129.57,132.11,0.26
2170.35,9.46,24.98,94.83,86.14,714.08,816.36,82.73,53.42,230.25,129.64,132.22,0.26
2171.37,12.87,23.65,82.45,95.13,708.28,817.8,81.46,54.75,230.62,129.76,132.45,-0.13
2172.37,6.81,23.7,91.05,90.25,713.32,818.0,82.69,54.7,230.44,129.91,132.64,-0.13
2173.37,8.74,26.23,86.5,95.9,714.46,817.59,82.86,52.17,230.2,130.06,132.72,-0.13
2174.39,21.84,19.13,87.78,92.27,714.46,817.8,82.2,59.27,230.04,130.14,132.76,0.26
2175.41,21.2,20.46,83.88,94.22,714.46,816.98,82.38,57.94,230.21,130.22,132.83,-0.13
2176.42,13.72,19.54,89.43,95.02,713.79,811.45,81.98,58.86,230.44,130.29,132.91,-0.13
2177.44,13.59,22.78,84.0,105.47,710.27,814.11,83.61,55.62,230.47,130.25,132.95,0.26
2178.44,16.22,24.03,84.03,106.34,715.13,815.75,84.27,54.37,230.48,130.29,132.98,0.26
2179.44,13.8,22.66,92.88,104.17,714.08,819.23,82.86,55.74,230.18,130.41,133.1,-0.13
2180.46,12.06,11.44,93.92,86.52,711.46,817.8,85.1,66.96,230.17,130.48,133.17,-0.13
2181.54,39.62,27.81,71.03,103.64,1063.55,684.27,83.04,50.59,227.81,114.28,117.89,6.74
2182.58,32.47,15.31,66.92,138.44,1065.43,692.04,82.99,63.09,228.33,114.51,117.89,6.74
2183.59,54.32,25.61,54.86,143.06,1065.16,683.45,82.51,52.79,228.48,114.66,117.77,7.12
2185.5,50.0,15.09,0.0,39.78,1067.48,708.21,81.06,73.31,231.85,114.97,116.78,5.59
2187.07,85.45,16.46,43.76,62.77,1062.73,706.98,82.99,71.94,231.87,114.78,116.74,5.97
2188.08,14.07,14.89,77.5,149.23,1064.21,701.66,79.44,63.51,236.65,114.74,113.73,5.97
2189.16,24.16,12.61,96.45,162.46,1065.97,708.0,81.89,65.79,237.61,115.58,117.43,5.97
2190.18,32.95,20.95,93.31,171.23,1062.02,708.41,81.1,57.45,237.59,115.54,117.35,6.36
2191.19,31.31,18.63,82.93,171.57,1061.6,700.23,79.39,59.77,237.95,115.84,118.95,6.36
2192.19,48.06,23.03,85.74,182.86,1069.14,695.32,78.82,55.37,237.95,116.03,118.95,6.36
2193.2,31.13,17.42,81.59,170.77,1062.35,705.75,78.29,60.98,237.97,116.26,118.99,5.97
2194.2,38.29,21.62,68.41,193.04,1073.93,701.45,80.01,56.78,238.77,116.45,119.07,6.36
2195.22,24.99,14.52,80.4,176.38,1072.02,709.43,79.44,63.88,238.27,116.72,119.26,6.74
2196.22,30.77,18.42,81.84,171.0,1067.98,708.61,79.08,59.98,238.61,116.87,119.3,6.36
2197.24,35.26,18.55,76.25,179.73,1071.7,705.34,76.45,59.85,238.81,117.06,119.41,5.97
2198.25,64.33,19.58,78.17,190.75,1078.39,693.88,75.83,58.82,238.81,117.14,119.45,6.74
2199.28,40.4,17.18,84.7,178.06,1075.0,701.86,77.55,61.22,238.76,117.22,119.68,6.36
2200.28,60.1,22.66,87.94,186.94,1072.77,697.16,79.96,55.74,239.07,117.29,119.72,6.74
2201.28,47.41,20.37,101.24,178.7,1070.44,710.66,75.97,58.03,239.14,117.41,119.83,6.36
2202.28,44.51,23.16,94.31,184.19,1071.28,704.32,77.46,55.24,239.14,117.48,119.95,6.36
2203.29,43.93,19.42,77.11,161.17,1079.28,686.52,80.71,58.98,237.75,118.09,121.05,6.36
2204.31,29.58,17.22,91.38,173.94,1072.25,688.36,74.69,61.18,237.74,118.17,121.17,6.36
2205.31,28.59,20.37,91.32,174.62,1078.86,687.34,74.03,58.03,237.76,118.28,121.28,6.74
2206.31,23.55,19.58,95.11,170.39,1080.77,704.32,82.86,58.82,237.76,118.36,121.32,6.36
2207.31,49.41,20.25,88.97,177.45,1079.37,697.77,78.29,58.15,238.06,118.4,121.36,6.74
2208.31,36.84,21.49,87.36,175.58,1071.18,700.02,72.23,56.91,238.07,118.44,121.39,6.36
2209.31,40.11,22.49,85.77,177.33,1073.42,700.23,75.97,55.91,238.07,118.47,121.43,6.36
2210.32,39.65,21.49,84.28,179.35,1089.79,700.02,77.15,56.91,238.07,118.51,121.58,6.74
2211.32,13.46,19.29,58.71,153.12,1087.14,709.64,79.96,59.11,238.34,118.7,121.97,5.97
2212.32,53.06,24.44,61.64,152.44,1089.28,707.59,78.91,53.96,238.45,118.78,122.08,6.36
2213.32,35.35,23.82,57.28,159.11,1073.74,712.5,79.22,54.58,238.44,118.86,122.35,6.36
2214.32,25.71,22.12,54.9,159.79,1073.99,708.82,80.88,56.28,238.48,118.93,122.35,6.36
2215.34,48.73,23.07,52.61,162.12,1181.39,709.02,79.22,55.33,238.62,119.01,122.39,6.36
2216.34,36.29,20.46,53.13,160.79,1159.91,709.84,81.24,57.94,238.47,119.08,122.5,6.36
2217.34,21.06,9.95,61.15,150.07,1103.36,724.16,82.25,68.45,238.45,119.24,122.54,6.36
2218.36,81.37,21.7,54.8,159.83,1162.11,709.43,79.57,56.7,238.46,119.31,122.58,6.36
2219.36,54.56,19.54,43.73,174.05,1159.18,710.25,79.22,58.86,238.45,119.39,122.8,6.74
2220.38,42.17,21.12,51.2,164.75,1152.57,711.68,78.69,57.28,238.46,119.5,122.88,6.74
2221.38,31.33,21.2,54.29,163.53,1136.41,713.12,79.74,57.2,238.76,119.58,123.0,6.74
2222.38,22.68,21.33,55.11,155.26,1151.1,712.3,79.87,57.07,238.77,119.73,122.96,6.74
2223.38,37.15,21.95,56.91,156.21,1153.3,713.52,79.17,56.45,238.77,119.85,122.96,6.74
2224.38,38.34,21.79,52.88,166.89,1165.05,710.87,77.02,56.61,238.77,119.92,123.07,6.74
2225.42,36.72,19.13,54.32,157.28,1134.2,717.41,79.74,59.27,238.78,120.0,123.11,7.12
2226.43,69.3,23.11,59.23,153.96,1150.36,714.75,79.7,55.29,239.09,120.04,123.19,6.74
2227.45,47.11,17.63,60.17,155.3,1130.53,717.0,80.23,60.77,239.09,120.08,123.26,7.12
2228.45,40.48,21.91,52.42,161.7,1151.1,709.84,81.32,56.49,239.09,120.11,123.26,7.12
2229.45,53.84,21.25,54.93,155.6,1148.74,709.02,81.06,57.15,239.89,120.15,123.3,6.74
2230.45,48.72,21.45,53.58,159.3,1133.36,716.18,79.96,56.95,239.93,120.19,123.34,6.74
2231.45,60.74,20.66,56.02,158.88,1135.67,716.39,80.27,57.74,239.61,120.23,123.41,7.12
2232.45,62.11,21.12,59.04,151.83,1132.01,714.55,79.74,57.28,239.61,120.27,123.41,6.74
2233.47,55.64,5.48,52.24,127.73,963.64,691.63,77.06,65.54,235.31,119.85,123.87,7.12
2234.49,31.89,18.65,51.54,155.52,1066.85,687.13,77.99,52.38,235.31,119.88,123.87,7.12
2235.49,34.34,18.44,47.63,165.97,1088.81,695.32,77.15,52.59,235.31,119.92,123.76,7.5
2236.49,59.24,19.1,54.32,170.05,1089.54,692.66,76.8,51.92,235.3,119.92,123.72,7.5
2237.49,59.02,18.48,53.16,173.1,1086.61,691.02,77.63,52.54,235.3,119.96,123.72,7.88
2238.5,39.6,16.69,65.85,173.21,1096.13,696.13,78.03,54.33,235.29,120.04,123.72,7.5
2239.5,48.68,19.23,37.05,189.38,1142.24,688.97,77.81,51.8,234.65,120.11,123.76,7.88
2240.5,35.0,16.61,53.13,164.75,1113.7,692.86,80.23,54.41,233.82,120.19,123.8,7.5
2241.5,49.34,16.99,60.27,166.73,1082.95,696.95,78.51,54.04,234.33,120.27,123.83,7.5
2242.5,32.17,19.27,59.08,167.53,1085.15,701.86,78.6,51.76,233.79,120.23,123.95,7.88
2243.5,31.37,20.14,59.11,167.5,1070.51,704.11,78.73,50.88,233.78,120.27,123.87,7.88
2244.5,48.28,17.73,57.64,166.81,1074.9,703.29,79.44,53.29,233.63,120.3,123.83,7.5
2245.5,38.75,13.91,62.71,162.62,1053.67,704.11,79.57,57.11,232.34,120.38,123.87,7.88
2246.5,26.98,19.19,55.38,170.81,1099.06,694.29,74.82,51.84,232.3,120.42,123.87,7.5
2247.5,51.68,19.02,62.64,164.71,1075.63,698.59,75.35,52.0,231.97,120.46,123.99,7.5
2248.5,29.57,16.94,66.49,159.83,1182.5,674.04,75.48,54.08,231.97,120.46,124.06,7.5
2249.54,63.34,18.31,63.38,164.6,1148.83,683.65,75.75,52.71,231.97,120.53,124.14,7.88
2250.56,70.52,17.94,61.36,159.37,1129.8,684.68,78.43,53.08,231.97,120.53,124.18,7.88
2251.6,61.32,15.57,64.72,156.74,1118.82,686.52,78.34,55.45,231.97,120.57,124.18,7.88
2252.6,70.59,16.36,53.61,166.85,1160.54,678.54,80.09,54.66,231.98,120.61,124.22,8.26
2253.6,52.95,16.78,58.56,160.18,1133.46,688.56,79.83,54.25,231.97,120.65,124.25,7.5
2254.6,57.16,19.44,55.47,164.29,1142.24,680.58,77.81,51.59,231.98,120.69,124.33,7.88
2255.6,63.19,18.85,53.49,165.7,1148.1,687.34,76.45,52.17,231.98,120.76,124.33,7.88
2256.62,51.86,16.45,60.45,161.2,1146.26,694.29,76.98,54.58,231.67,120.8,124.33,7.88
2257.64,66.49,18.85,46.84,176.26,1170.26,690.0,76.4,52.17,231.15,120.8,124.41,8.26
2258.64,53.96,19.27,54.1,172.95,1143.36,688.56,76.05,51.76,230.47,120.84,124.41,7.88
2259.64,57.33,17.4,56.02,170.35,1118.63,694.29,75.13,53.62,230.15,120.84,124.41,7.88
2260.66,55.56,17.19,58.43,169.44,1132.45,693.07,75.44,53.83,230.5,120.91,124.52,8.26
2261.66,61.16,19.77,55.78,172.26,1146.99,692.86,75.79,51.26,230.45,120.91,124.56,8.26
2262.68,63.3,20.18,58.92,168.07,1130.99,696.13,75.53,50.84,230.15,120.95,124.6,8.26
2263.68,57.17,19.85,58.5,169.52,1142.63,695.32,75.97,51.17,230.15,120.99,124.67,8.26
2264.68,57.16,19.56,61.82,167.11,1156.44,696.54,77.06,51.47,230.14,120.99,124.71,7.88
2265.68,57.33,17.11,57.46,170.39,1123.58,698.59,75.66,53.92,230.15,121.03,124.67,7.88
2266.69,34.98,17.65,54.71,167.38,1157.23,698.38,76.27,53.38,227.34,120.76,125.17,8.26
2267.71,48.38,16.99,60.3,160.98,1139.84,704.32,77.24,54.04,227.16,120.88,125.13,8.26
2268.73,41.21,16.4,60.75,160.14,1110.85,714.75,77.77,54.62,227.16,120.95,125.02,8.26
2269.75,42.55,16.2,56.88,165.44,1122.28,710.87,76.8,54.83,226.84,121.07,124.94,8.26
2270.75,53.74,15.12,59.47,164.64,1103.5,711.48,78.64,55.91,226.56,121.14,124.98,8.64
2271.75,55.4,18.48,56.97,163.87,1123.0,709.84,78.47,52.54,226.49,121.22,124.94,7.5
2272.77,46.35,16.65,55.44,163.38,1104.09,711.27,78.64,54.37,226.83,121.33,124.98,8.26
2273.77,56.32,16.94,56.7,161.66,1097.61,715.16,77.59,54.08,226.84,121.37,125.02,8.26
2274.77,50.07,17.65,61.27,157.28,1078.9,715.78,77.59,53.38,226.85,121.45,124.98,8.26
2275.79,33.05,17.07,55.47,164.37,1115.61,715.16,76.1,53.96,227.16,121.56,124.98,8.26
2276.79,43.38,15.95,56.57,161.28,1087.54,714.34,72.67,55.08,227.16,121.6,125.02,8.26
2277.79,52.2,17.61,56.48,162.12,1101.21,723.96,78.56,53.42,226.49,121.64,125.09,8.26
2278.79,55.41,17.94,55.2,163.87,1101.93,718.44,78.38,53.08,226.49,121.6,125.05,8.26
2279.79,63.17,18.65,56.94,172.15,1135.76,715.57,73.77,52.38,226.5,121.64,125.13,8.64
2280.79,58.09,18.07,54.41,173.79,1124.25,713.32,73.77,52.96,226.51,121.64,125.17,8.64
2281.79,55.62,19.35,67.53,162.69,1103.37,720.28,74.21,51.67,226.5,121.68,125.21,8.64
2282.81,53.98,17.94,53.37,164.48,1104.09,719.05,74.17,53.08,226.51,121.71,125.24,8.26
2283.82,69.32,18.52,55.05,161.55,1091.85,718.64,73.51,52.5,226.51,121.75,125.32,8.64
2284.83,66.72,18.65,55.14,161.43,1120.65,718.84,73.55,52.38,226.21,121.75,125.36,8.64
2285.83,42.88,17.11,54.65,164.22,1113.45,715.37,73.64,53.92,226.2,121.79,125.4,8.26
2286.85,57.24,19.6,56.82,160.63,1112.73,719.46,73.9,51.42,226.2,121.83,125.44,8.26
2287.87,52.41,17.9,56.36,161.36,1104.09,719.66,74.08,53.13,226.2,121.91,125.51,8.26
2288.89,56.47,20.18,53.77,163.19,1101.21,719.25,75.0,50.84,226.19,121.94,125.55,8.26
2289.89,37.52,18.31,55.99,162.54,1103.37,723.14,74.74,52.71,226.2,122.02,125.51,8.26
2290.89,51.45,19.68,55.9,161.01,1083.22,717.0,75.97,51.34,225.37,122.06,125.55,8.26
2291.89,54.57,19.02,56.48,161.13,1106.25,713.32,77.94,52.0,225.36,122.06,125.63,8.26
2292.91,55.4,18.23,55.78,163.95,1123.53,720.69,80.31,52.79,225.36,121.64,125.74,8.26
2293.93,58.06,19.81,57.24,159.72,1125.69,709.84,79.26,51.22,225.66,121.41,125.74,8.64
2294.95,63.25,19.64,56.12,161.59,1116.33,711.48,79.61,51.38,224.73,121.33,125.74,8.64
2295.97,71.77,18.44,55.69,161.66,1112.01,711.27,78.21,52.59,225.0,121.33,125.74,8.26
2297.01,54.96,19.39,54.86,164.75,1119.21,712.5,72.19,51.63,225.01,121.37,125.7,8.64
2298.02,31.1,10.55,74.57,149.73,1067.57,704.32,67.49,60.23,222.35,122.06,125.89,8.26
2299.04,48.24,17.9,59.23,165.93,1101.4,696.13,67.67,52.88,222.36,122.17,125.78,8.64
2300.04,47.45,18.19,61.09,162.08,1092.04,699.82,66.66,52.59,222.36,122.25,125.82,8.26
2301.04,34.3,17.11,53.74,165.63,1110.04,698.38,66.53,53.67,222.35,122.4,125.85,9.03
2302.06,55.8,18.48,54.62,162.2,1088.44,704.52,65.82,52.3,222.36,122.52,125.82,8.26
2303.08,53.19,18.31,54.56,161.59,1105.0,705.14,65.95,52.46,222.24,122.59,125.89,8.26
2304.1,41.25,18.19,54.13,164.71,1094.2,708.61,68.02,52.59,222.36,122.74,125.93,8.64
2305.1,50.78,16.78,56.18,162.5,1130.91,699.2,66.17,54.0,222.37,122.78,125.85,8.64
2306.1,51.68,19.93,53.77,163.11,1131.63,700.64,66.48,50.84,222.36,122.78,125.85,8.64
2307.1,31.06,19.35,62.98,161.81,1106.44,703.91,68.46,51.42,222.36,122.82,125.85,8.64
2308.1,32.19,18.23,54.68,170.28,1139.55,696.95,63.41,52.54,222.36,122.86,125.97,9.03
2309.1,53.77,16.99,55.69,169.71,1122.99,694.09,68.15,53.79,222.36,122.86,126.01,8.64
2310.12,55.58,17.69,59.17,166.62,1142.43,698.18,68.46,53.08,222.36,122.86,126.05,9.03
2311.12,31.05,19.93,62.83,151.86,1112.2,704.93,69.34,50.84,222.37,122.9,126.2,8.64
2312.12,24.35,13.95,54.56,157.09,1115.08,698.79,67.49,56.82,222.37,122.97,126.35,8.64
2313.14,46.75,15.74,56.39,153.01,1098.52,698.79,68.41,55.04,222.37,122.97,126.46,8.64
2314.16,43.67,17.4,50.99,158.8,1122.99,699.0,69.69,53.38,222.36,123.01,126.5,9.03
2315.18,52.4,18.27,52.82,159.6,1151.79,693.47,69.03,52.5,222.37,123.05,126.58,9.03
2316.18,56.45,17.57,54.65,156.21,1125.15,699.61,69.69,53.21,222.36,123.13,126.66,8.64
2317.2,56.45,19.1,55.08,156.67,1148.19,701.66,69.42,51.67,222.36,123.13,126.69,9.03
2318.2,43.38,18.31,52.82,158.99,1114.36,699.41,99.68,52.46,222.37,123.2,126.77,9.03
2319.2,32.76,12.42,60.72,149.27,1093.48,711.89,98.8,58.36,222.37,123.28,126.88,9.03
2320.22,26.01,11.25,60.78,151.98,1091.32,712.5,99.62,59.52,222.07,123.28,126.92,9.03
2321.22,50.01,18.94,48.98,163.23,1153.95,696.13,100.51,51.84,222.02,123.28,126.92,9.41
2322.24,45.51,15.24,61.91,147.14,1100.68,707.59,98.54,55.53,222.02,123.32,127.04,9.03
2323.24,45.59,15.74,52.61,159.45,1122.99,696.54,97.09,55.04,222.16,123.32,127.04,9.03
2324.24,50.27,14.41,54.9,155.49,1143.15,702.07,91.45,56.37,222.02,123.39,127.07,8.64
2325.28,49.83,18.19,54.16,156.59,1115.08,698.38,90.94,52.59,222.04,123.43,127.15,9.03
2326.28,22.97,19.39,55.23,156.48,1091.32,702.07,89.61,51.38,222.02,123.54,127.23,9.03
2327.3,43.01,18.98,46.9,164.41,1187.06,689.38,87.58,51.8,222.05,123.54,127.3,9.03
2328.32,38.63,18.02,58.68,154.42,1141.71,697.98,88.09,52.75,222.03,123.62,127.3,9.03
2329.36,43.56,2.16,17.83,100.59,968.24,695.11,94.61,72.64,221.8,123.01,127.34,8.64
2330.43,97.75,4.11,41.44,113.4,962.48,694.5,95.69,70.69,221.68,123.01,127.34,9.03
2331.45,47.03,4.53,45.96,110.38,964.64,697.36,95.88,70.28,221.82,123.01,127.34,8.64
2332.46,28.19,21.72,58.28,153.35,1050.29,703.91,95.31,53.08,222.04,123.35,127.49,9.03
2333.47,43.44,21.76,50.38,160.86,1066.13,692.66,97.34,53.04,222.03,123.43,127.49,9.03
2334.51,46.77,23.09,51.2,158.38,1051.73,692.86,93.28,51.71,222.02,123.51,127.53,9.03
2335.51,46.17,21.89,49.07,159.91,1066.13,692.86,92.97,52.92,221.71,123.58,127.53,9.41
2336.51,55.6,21.51,50.84,159.22,1068.29,691.63,94.04,53.29,221.7,123.58,127.49,9.41
2337.53,55.65,22.55,50.32,158.38,1069.01,688.97,93.54,52.25,222.04,123.58,127.49,9.41
2338.53,53.78,22.67,50.29,163.26,1069.01,689.18,94.11,52.13,222.68,123.54,127.49,9.03
2339.55,24.33,20.02,62.61,150.45,1035.9,699.61,97.97,54.79,222.08,123.58,127.46,9.03
2340.55,20.81,22.51,57.28,157.28,1079.09,689.59,95.5,52.3,222.02,123.66,127.65,9.03
2341.57,51.67,21.01,50.78,159.37,1091.32,686.11,96.39,53.79,222.03,123.74,127.65,9.03
2342.57,40.49,20.76,55.57,159.79,1107.88,685.49,98.99,54.04,222.03,123.77,127.88,9.41
2343.57,37.17,18.94,50.56,160.98,1079.09,686.11,99.43,55.87,221.7,123.81,127.88,9.41
2344.57,52.95,20.18,53.95,154.99,1081.25,682.22,96.2,54.62,221.71,123.89,127.84,9.03
2345.59,58.41,22.13,49.8,163.0,1083.41,684.27,101.71,52.67,221.58,123.89,127.8,9.41
2346.59,41.44,20.76,57.09,158.08,1057.49,684.27,102.15,54.04,221.7,123.93,127.8,9.41
2347.59,36.39,17.73,63.68,162.01,1090.6,697.98,101.39,57.07,221.7,124.0,127.88,9.41
2348.59,42.4,21.6,60.2,164.64,1087.72,691.84,103.36,53.21,221.91,124.04,127.88,9.41
2349.59,46.15,22.55,58.13,165.51,1114.36,691.22,101.9,52.25,222.03,124.08,127.8,9.41
2350.59,30.31,14.04,54.59,153.96,1066.13,694.09,95.5,60.77,222.03,124.12,127.88,9.41
2351.59,35.63,20.76,56.05,162.35,1105.0,694.09,102.22,54.04,222.02,124.19,127.91,9.41
2352.59,48.05,20.22,56.33,160.06,1093.48,691.84,104.56,54.58,222.03,124.23,127.95,9.41
2353.61,51.67,20.64,57.92,160.9,1092.04,690.0,101.33,54.16,223.49,124.27,127.99,9.03
2354.61,55.62,22.18,61.97,159.3,1089.88,695.52,102.91,52.63,223.54,124.31,128.03,9.41
2355.62,34.66,15.45,64.29,153.73,1080.53,700.23,101.39,59.36,223.54,124.35,128.1,9.03
2356.62,23.26,5.36,73.45,147.75,1048.14,717.0,98.61,69.45,223.56,124.46,128.22,9.79
2357.65,69.14,21.51,58.68,167.99,1112.92,700.64,99.81,53.29,223.54,124.46,128.18,9.79
2358.67,23.37,21.89,68.87,161.01,1092.04,711.89,100.0,52.92,223.88,124.54,128.33,9.79
2359.67,22.13,15.66,70.94,159.11,1070.45,709.64,100.06,59.15,223.9,124.65,128.37,9.41
2360.68,38.34,16.32,65.15,163.26,1096.36,705.14,99.87,58.48,223.9,124.69,128.41,9.79
2361.71,34.59,15.03,61.49,144.58,1074.77,695.32,96.52,59.77,224.25,124.46,128.52,9.41
2362.71,29.76,14.08,59.11,147.02,1062.53,699.41,99.75,60.73,224.75,124.57,128.49,9.41
2363.73,30.33,18.77,59.62,142.45,1057.49,702.27,101.08,56.03,225.02,124.69,128.45,9.41
2364.73,29.77,18.23,54.1,149.35,1082.69,697.98,100.13,56.57,225.1,124.76,128.6,9.79
2365.75,34.59,13.83,61.39,145.84,1065.41,697.77,98.48,60.98,225.1,124.8,128.6,9.79
2366.77,28.89,10.13,68.81,140.88,1050.29,703.91,92.14,64.67,225.73,124.92,128.64,9.79
2367.79,38.6,18.94,58.1,154.08,1074.77,690.81,95.69,55.87,225.73,124.99,128.6,9.79
2368.79,37.51,22.05,46.99,160.14,1089.88,689.18,97.91,52.75,226.0,125.03,128.56,9.79
2369.81,35.62,20.27,55.35,152.86,1099.96,693.27,97.91,54.54,225.99,125.03,128.64,9.79
2370.81,34.0,20.52,57.52,169.97,1083.41,688.15,99.68,54.29,225.73,125.07,128.6,9.79
2371.81,48.67,20.76,61.67,165.25,1107.16,692.86,100.32,54.04,226.13,125.07,128.68,9.41
2372.81,35.3,14.66,70.33,154.42,1076.21,695.52,98.1,60.14,226.47,125.11,128.68,9.79
2373.81,26.45,19.6,69.17,155.14,1079.81,695.11,96.01,55.2,226.91,125.11,128.68,9.79
2374.85,34.92,12.5,74.24,153.35,1046.7,707.39,98.1,62.3,227.25,125.11,128.79,9.79
2375.89,27.86,14.78,59.53,149.54,1053.89,702.27,96.96,60.02,227.59,125.15,128.83,9.79
2376.89,46.15,15.12,46.87,145.04,1074.05,696.34,95.88,59.69,227.59,125.18,128.87,9.79
2377.91,37.38,13.66,66.7,146.03,1064.69,704.11,92.65,61.14,227.59,125.22,128.94,10.17
2378.91,26.09,12.5,63.71,147.25,1048.86,704.11,90.75,62.3,227.59,125.26,129.06,10.17
2379.91,27.1,21.35,58.53,142.26,1038.78,702.48,92.27,53.46,228.23,125.3,129.13,9.79
2380.91,25.74,21.97,48.21,159.76,1105.72,692.86,97.15,52.84,228.41,125.34,129.17,10.17
2381.91,41.7,21.97,48.0,153.35,1085.57,694.7,97.53,52.84,228.47,125.37,129.25,10.17
2382.91,35.66,22.84,47.94,153.01,1100.68,693.27,99.05,51.96,228.47,125.41,129.32,10.55
2383.91,21.32,17.15,67.04,142.94,1061.09,705.95,89.42,57.65,228.47,125.53,129.32,10.55
2384.91,27.93,19.19,52.09,152.74,1086.28,699.0,91.57,55.62,228.77,125.57,129.32,10.55
2385.91,40.17,18.98,51.69,154.69,1078.37,696.75,94.23,55.83,228.79,125.6,129.32,10.55
2386.93,58.86,22.01,53.52,152.47,1097.8,698.59,95.88,52.79,229.07,125.6,129.32,10.17
2387.95,54.12,19.44,53.1,154.84,1095.64,697.36,95.18,55.37,229.1,125.64,129.36,9.79
2388.97,50.25,23.88,52.91,153.24,1105.0,697.16,94.99,50.93,229.28,125.68,129.4,10.17
2389.98,52.61,21.89,52.42,157.2,1086.28,697.16,93.85,52.92,229.41,125.68,129.44,10.17
2391.02,54.96,18.65,54.62,150.49,1073.33,699.61,94.99,56.16,229.65,125.72,129.44,9.79
2392.06,62.21,22.84,52.67,153.24,1093.48,695.72,95.56,51.96,229.41,125.72,129.48,9.79
2393.08,53.12,16.57,57.92,148.74,1070.45,700.84,96.01,58.23,230.23,125.76,129.51,9.79
2394.1,43.89,22.72,52.49,165.21,1080.45,680.18,100.32,52.09,229.08,124.61,129.29,10.17
2395.1,40.29,22.47,56.76,156.82,1073.99,686.31,97.91,52.34,228.48,124.57,129.13,10.17
2396.1,39.14,23.96,54.96,166.47,1094.08,693.68,87.65,50.84,228.89,124.61,129.13,10.55
2397.1,55.4,23.55,55.6,164.67,1117.04,692.25,90.05,51.26,229.74,124.69,129.13,10.17
2398.12,50.28,22.72,58.25,172.49,1109.86,690.81,91.07,52.09,229.11,124.69,129.13,10.55
2399.12,56.24,22.88,55.96,160.63,1119.91,696.13,89.17,51.92,228.67,124.69,129.13,10.55
2400.12,48.93,22.05,58.98,157.28,1094.8,695.52,88.22,52.75,229.11,124.76,129.17,10.17
2401.12,20.37,24.67,58.65,146.49,1077.58,702.89,88.03,50.14,228.54,125.03,129.06,10.55
2402.12,15.76,22.59,48.03,156.52,1106.99,691.63,87.84,52.21,229.84,124.8,128.98,10.55
2403.14,49.56,21.39,54.35,157.32,1107.71,692.66,90.56,53.42,229.17,125.22,129.02,10.17
2404.16,40.7,21.1,57.7,161.89,1107.71,691.02,88.34,53.71,228.68,125.26,128.98,10.17
2405.18,53.17,21.01,56.94,161.24,1106.99,690.2,91.13,53.79,228.96,125.34,128.98,10.17
2406.18,52.02,21.89,55.38,165.02,1142.14,691.22,97.53,52.92,229.1,125.37,129.1,10.17
2407.2,49.58,21.1,58.13,162.2,1111.3,687.34,98.35,53.71,229.33,125.41,129.17,10.17
2408.2,42.01,16.53,72.44,147.4,1084.75,697.98,95.95,58.28,229.59,125.41,129.13,10.55
2409.22,58.24,19.73,57.82,155.3,1101.25,694.7,93.85,55.08,229.94,125.45,129.21,10.17
2410.27,61.4,21.26,52.15,155.52,1120.62,691.22,89.8,53.54,230.13,125.49,129.21,9.79
2411.29,70.48,20.68,54.56,152.4,1108.43,693.88,91.13,54.12,230.66,125.53,129.25,10.17
2412.31,57.32,20.02,53.77,152.97,1106.28,694.7,94.04,54.79,230.69,125.57,129.25,10.17
2413.31,25.92,14.41,64.66,146.22,1084.04,704.93,100.06,60.39,230.82,125.6,129.32,9.79
2414.33,39.74,18.44,50.75,154.49,1077.58,691.43,96.33,56.37,230.9,125.68,129.4,10.17
2415.35,42.11,19.1,57.06,148.66,1097.67,697.57,90.5,55.7,230.97,125.72,129.44,10.17
2416.36,63.21,18.07,56.18,149.69,1087.62,696.13,95.31,56.74,230.98,125.72,129.48,10.17
2417.42,61.4,21.68,52.85,154.15,1106.28,691.02,96.83,53.13,231.07,125.76,129.44,10.55
2418.46,46.69,22.38,49.92,156.71,1114.88,689.18,98.8,52.42,231.07,125.79,129.55,10.17
2419.46,49.35,22.51,58.89,160.79,1110.58,691.63,101.01,52.3,231.07,125.79,129.55,10.17
2420.46,40.03,23.09,54.5,166.5,1124.21,689.38,99.56,51.71,231.33,125.87,129.63,10.55
2421.48,51.89,21.8,57.98,162.73,1101.97,694.7,99.49,53.0,231.59,125.91,129.63,10.17
2422.48,46.78,21.64,56.73,163.45,1094.08,692.66,102.28,53.17,231.55,126.02,129.71,10.55
2423.5,48.53,21.64,59.72,161.09,1100.54,690.81,99.49,53.17,231.44,126.06,129.67,10.17
2424.5,45.59,21.8,53.61,168.03,1118.47,687.95,101.01,53.0,231.95,126.1,129.71,9.79
2425.5,37.06,21.14,62.22,152.28,1438.41,698.78,111.21,53.67,233.22,125.83,129.51,10.55
2426.52,46.6,20.56,51.42,162.54,1465.67,696.53,109.69,54.25,233.23,125.87,129.63,10.55
2427.52,35.68,19.81,52.88,160.9,1478.59,699.19,107.28,55.0,233.25,125.95,129.78,10.93
2428.52,49.34,20.06,58.59,154.49,1476.43,703.08,109.12,54.75,233.61,126.02,129.82,10.55
2429.52,48.05,20.14,48.27,162.58,1495.8,699.19,109.5,54.66,233.61,126.1,129.86,10.55
2430.52,38.78,21.18,50.5,154.19,1482.89,703.9,100.35,53.62,233.95,126.21,129.93,10.93
2431.52,40.04,20.35,55.47,162.96,1497.24,702.47,99.88,54.46,234.59,126.29,129.97,10.55
2432.52,43.74,21.39,55.9,163.26,1381.74,667.25,96.8,53.42,234.69,126.37,129.86,10.93
2433.53,40.48,16.11,64.2,157.93,1514.45,715.98,100.81,58.69,234.71,126.44,129.82,10.93
2434.53,43.5,8.35,18.34,98.37,1363.81,694.48,99.88,66.71,235.27,126.37,130.12,10.17
2435.54,53.14,18.77,47.91,155.52,1427.65,684.45,101.04,56.28,235.7,126.29,130.2,10.55
2436.58,67.95,18.52,60.42,161.43,1479.3,706.97,102.44,56.53,235.76,126.29,130.24,10.93
2437.58,57.51,19.19,61.52,159.49,1485.76,708.2,102.44,55.87,235.67,126.33,130.32,11.31
2438.6,13.16,19.68,66.31,139.28,1468.54,717.01,104.07,55.37,235.78,126.59,130.66,9.79
2439.62,49.58,19.02,53.98,151.94,1505.84,711.68,103.2,56.03,235.8,126.67,130.73,10.55
2440.64,58.22,19.56,55.54,150.68,1501.54,712.3,103.2,55.49,235.81,126.75,130.81,10.55
2441.64,45.88,20.06,51.69,156.06,1500.82,712.71,105.47,55.0,235.83,126.79,130.89,10.55
2442.66,56.21,19.85,50.62,156.97,1508.0,713.32,102.85,55.2,236.02,126.9,130.93,10.55
2443.68,53.17,19.6,51.02,154.72,1508.71,712.91,103.72,55.45,236.04,126.94,130.96,10.55
2444.68,70.59,18.23,55.08,151.41,1506.56,712.71,104.94,56.82,236.27,127.01,131.04,10.55
2445.68,59.23,20.14,52.7,159.26,1513.02,712.91,103.9,54.91,236.53,127.05,131.12,10.55
2446.68,41.78,18.15,50.07,158.8,1515.89,713.32,104.71,56.91,236.49,127.13,131.19,10.93
2447.68,57.16,19.1,49.34,161.66,1515.17,712.5,104.71,55.95,236.72,127.17,131.27,10.93
2448.68,40.93,17.69,60.11,151.67,1499.39,717.01,104.24,57.36,237.21,127.24,131.31,10.55
2449.68,47.65,21.14,46.17,161.66,1513.02,713.12,103.43,53.92,236.88,127.32,131.38,10.93
2450.68,55.4,19.19,53.58,157.85,1511.58,714.14,103.08,55.87,236.94,127.36,131.5,10.93
2451.7,61.16,18.81,47.66,162.46,1513.74,713.53,102.67,56.24,236.97,127.4,131.57,10.93
2452.72,49.59,18.98,53.19,154.8,1508.71,713.73,103.55,56.07,237.32,127.47,131.65,10.55
2453.74,18.91,12.5,68.59,141.53,1487.19,719.46,105.47,62.55,237.31,127.59,131.84,10.17
2454.76,64.35,19.06,53.49,154.34,1513.74,713.53,104.71,55.99,237.64,127.62,131.84,10.17
2455.76,59.02,18.9,51.57,156.52,1509.43,713.32,105.18,56.16,237.59,127.7,131.92,10.55
2456.78,56.44,19.39,50.04,156.4,1503.69,712.3,104.77,55.66,237.68,127.74,131.99,10.55
2457.81,36.71,19.93,53.92,157.05,1434.83,688.34,100.9,55.12,238.31,127.81,132.11,10.93
2458.81,40.01,16.24,56.3,150.95,1432.67,694.07,100.11,58.82,238.35,127.89,132.18,10.55
2459.83,50.76,17.44,51.48,152.4,1435.54,688.75,99.08,57.61,238.49,127.97,132.26,10.93
2460.83,34.33,20.22,51.02,156.06,1461.37,687.52,98.35,54.83,238.49,128.12,132.34,10.93
2461.83,44.46,17.07,62.1,156.52,1467.11,702.06,100.73,57.99,238.62,128.2,132.37,10.55
2462.83,50.72,20.97,59.47,159.41,1475.72,698.78,100.62,54.08,239.45,128.31,132.37,10.93
2463.83,34.03,18.6,60.81,155.18,1467.11,699.81,100.56,56.45,239.5,128.39,132.37,10.55
2464.85,33.66,18.9,61.91,157.09,1481.45,702.26,101.58,56.16,239.47,128.5,132.41,10.55
2465.87,37.41,17.28,55.84,160.14,1472.85,698.17,99.31,57.78,239.47,128.58,132.53,10.93
2466.89,49.58,20.1,54.9,160.75,1489.35,698.99,99.71,54.95,239.57,128.65,132.56,10.55
2467.89,42.89,17.73,59.56,157.16,1464.24,703.29,101.58,57.32,239.69,128.73,132.6,10.93
2468.89,41.42,19.85,56.73,161.74,1479.3,698.99,99.77,55.2,240.15,128.81,132.72,11.31
2469.89,41.23,20.56,54.74,163.61,1493.65,697.56,101.07,54.5,240.41,128.88,132.79,10.93
2470.91,36.68,19.85,59.53,157.35,1478.59,700.22,97.55,55.2,240.48,128.92,132.87,10.93
2471.91,28.58,19.48,49.62,146.18,1477.15,701.86,97.04,55.58,240.61,129.03,133.02,10.55
2472.93,35.57,20.02,42.78,144.39,1464.24,700.01,94.37,55.04,240.55,129.11,133.17,10.17
2473.93,41.39,18.44,54.99,156.63,1481.45,699.19,92.5,56.61,240.57,129.19,133.25,10.93
2474.95,54.78,19.35,54.53,157.01,1470.69,700.01,95.45,55.7,240.6,129.26,133.33,10.55
2475.95,55.37,18.98,57.92,150.0,1463.52,699.81,94.31,56.07,240.63,129.3,133.4,10.55
2476.95,56.26,18.69,59.78,147.4,1469.26,701.24,94.65,56.37,240.63,129.38,133.44,10.55
2477.95,63.17,18.07,52.58,155.98,1483.61,698.37,91.53,56.99,240.65,129.42,133.48,10.93
2478.95,40.92,16.74,63.1,147.4,1464.24,703.9,91.76,58.32,240.64,129.49,133.56,10.55
2479.97,29.1,20.85,59.62,152.47,1460.65,703.29,88.29,54.21,241.39,129.57,133.63,10.55
2481.0,46.14,19.27,51.57,160.9,1473.56,699.81,94.77,55.78,241.53,129.64,133.75,10.93
2482.02,70.5,17.65,49.98,162.04,1492.93,697.35,96.13,57.4,242.0,129.68,133.78,10.93
2483.04,54.16,18.11,50.23,160.25,1477.15,699.19,97.72,56.95,242.17,129.72,133.82,10.55
2484.06,67.89,18.15,58.31,153.43,1464.24,702.26,98.17,56.91,242.02,129.8,133.86,10.93
2485.06,63.16,17.69,54.38,155.68,1476.43,700.83,99.48,57.36,242.42,129.8,133.94,10.93
2486.06,34.64,18.81,57.46,155.6,1467.82,702.06,99.71,56.24,242.41,129.91,134.01,10.93
2487.08,30.09,17.65,60.63,152.21,1459.22,702.88,100.28,57.4,242.44,130.03,134.09,10.93
2488.95,40.92,16.74,63.1,147.4,1464.24,703.9,91.76,58.32,240.64,129.49,133.56,10.55
2489.97,29.1,20.85,59.62,152.47,1460.65,703.29,88.29,54.21,241.39,129.57,133.63,10.55
2490.0,46.14,19.27,51.57,160.9,1473.56,699.81,94.77,55.78,241.53,129.64,133.75,10.93
2491.02,70.5,17.65,49.98,162.04,1492.93,697.35,96.13,57.4,242.0,129.68,133.78,10.93
2492.04,54.16,18.11,50.23,160.25,1477.15,699.19,97.72,56.95,242.17,129.72,133.82,10.55
2494.06,67.89,18.15,58.31,153.43,1464.24,702.26,98.17,56.91,242.02,129.8,133.86,10.93
2495.06,63.16,17.69,54.38,155.68,1476.43,700.83,99.48,57.36,242.42,129.8,133.94,10.93
2496.0,40.0,19.56,45.89,162.31,1439.13,694.89,101.3,55.49,246.1,128.42,132.91,11.31
2497.02,63.33,19.31,51.17,158.42,1439.85,695.51,97.38,55.74,246.45,128.58,133.37,10.93
2498.04,49.58,16.78,60.42,143.36,1422.63,699.4,97.89,58.28,246.45,128.73,133.75,10.93
2499.06,32.77,20.85,50.87,155.83,1431.24,696.94,101.13,54.21,246.46,128.92,133.82,10.93
2500.08,33.97,19.77,54.13,146.37,1423.35,699.81,99.31,55.29,246.81,129.11,133.75,10.93
2501.08,39.89,19.19,51.69,153.39,1431.24,697.76,100.56,55.87,246.89,129.3,133.67,10.93
2502.08,30.78,6.89,64.78,137.8,1386.76,706.97,99.25,68.16,246.83,129.49,133.67,10.93
2503.09,40.26,16.94,54.56,149.46,1421.91,697.76,98.46,58.11,246.82,129.61,133.71,10.93
2504.11,41.96,19.85,53.1,148.66,1430.52,695.92,100.73,55.2,247.04,129.68,133.78,10.93
2505.13,50.98,19.81,47.15,153.85,1444.87,693.46,98.4,55.24,247.08,129.68,133.82,10.93
2506.15,36.69,20.81,53.58,143.63,1431.24,697.76,99.14,54.25,247.46,129.76,133.9,10.93
2507.15,38.31,19.64,47.85,153.85,1441.28,695.3,98.06,55.41,247.5,129.8,133.98,11.31
2508.15,43.2,18.52,57.4,160.48,1439.85,695.1,96.81,56.53,247.5,129.87,134.17,11.31
2509.17,60.13,18.19,58.98,157.96,1440.57,695.71,98.74,56.86,247.21,129.91,134.32,11.31
2510.19,31.63,19.6,45.68,156.21,1441.28,695.51,98.4,55.45,247.5,130.03,134.59,10.93
2511.21,61.11,19.48,51.97,155.68,1442.0,696.12,98.97,55.58,247.15,130.1,134.62,11.31
2512.21,37.9,18.52,54.5,154.38,1437.7,695.1,99.03,56.53,247.15,130.25,134.74,11.31
2513.21,35.67,20.39,63.32,146.11,1414.74,701.45,98.63,54.66,247.15,130.41,134.59,10.93
2514.21,28.18,18.81,56.85,149.46,1431.24,698.37,100.79,56.24,247.15,130.56,134.59,10.93
2515.23,32.19,16.9,61.15,150.42,1429.8,701.04,101.58,58.15,247.08,130.64,134.66,11.31
2516.23,33.66,20.64,56.88,166.35,1452.04,694.28,102.55,54.41,247.14,130.71,134.62,11.31
2517.23,29.97,19.23,57.49,144.62,1424.07,697.56,101.7,55.83,248.65,130.6,135.16,10.93
2519.0,30.0,13.08,55.87,143.63,1410.44,699.19,102.83,61.97,248.96,130.52,135.16,11.31
2520.02,28.2,13.25,60.23,144.51,1345.87,680.97,101.13,61.81,250.47,130.22,135.12,10.93
2521.02,42.25,18.15,56.97,157.28,1439.85,697.15,104.02,56.91,250.8,130.1,135.08,11.31
2522.04,35.18,20.56,55.32,152.44,1432.67,699.4,102.32,54.5,251.2,130.14,135.08,10.93
2523.04,42.37,20.1,57.21,157.89,1436.98,696.33,101.87,54.95,251.92,130.18,135.12,10.93
2524.04,19.8,20.97,51.08,161.74,1450.61,694.28,98.86,54.08,251.97,130.29,135.2,10.93
2525.04,41.91,12.13,69.66,148.32,1417.61,701.86,98.57,62.93,253.09,130.41,135.27,11.31
2526.06,60.28,20.6,55.81,163.38,1444.15,696.74,99.71,54.46,253.77,130.45,135.23,11.31
2527.08,49.6,8.68,67.5,151.29,1409.0,704.72,100.67,66.37,253.79,130.52,135.27,11.31
2528.1,43.15,18.73,62.0,153.12,1439.85,700.22,98.74,56.32,254.5,130.52,135.2,11.31
2529.14,54.16,18.27,53.19,153.24,1444.87,695.71,99.14,56.78,254.51,130.6,135.2,10.93
2530.14,45.0,15.16,56.09,150.57,1436.26,698.99,98.17,59.9,254.84,130.6,135.2,11.31
2531.15,50.92,14.24,61.42,143.86,1429.09,701.24,98.23,60.81,254.96,130.6,135.23,11.31
2532.17,45.86,19.06,55.81,150.0,1435.54,698.99,99.59,55.99,255.64,130.6,135.31,11.31
2533.19,44.03,22.34,63.07,140.96,1441.28,700.22,99.94,52.71,257.46,130.45,135.35,11.31
2534.21,31.54,16.65,57.79,147.06,1430.52,699.19,97.89,58.4,259.24,130.25,135.35,10.93
2535.23,44.7,20.31,56.39,150.91,1441.28,696.33,98.63,54.75,260.52,130.06,135.39,11.31
2536.23,48.13,22.01,57.03,149.54,1442.0,698.37,97.55,53.04,261.47,129.84,135.42,11.31
2537.25,40.26,21.22,47.85,159.3,1449.89,695.71,92.38,53.83,262.96,129.57,135.46,11.31
2538.27,46.38,19.93,54.16,152.55,1441.28,700.22,96.76,55.12,264.48,129.45,135.46,10.93
2539.3,54.93,16.9,59.93,145.23,1419.04,700.42,99.08,58.15,265.26,129.26,135.42,11.31
2540.32,47.64,21.8,50.44,157.35,1447.74,697.15,101.47,53.25,266.27,129.15,135.35,11.31
2541.32,52.95,19.6,51.17,155.45,1441.28,694.07,98.86,55.45,266.58,129.03,135.39,11.31
2542.34,76.39,20.14,56.45,150.22,1442.72,697.15,97.95,54.91,267.96,129.03,135.42,11.31
2543.36,67.85,19.93,53.52,150.49,1435.54,697.76,90.0,55.12,268.15,128.92,135.31,10.93
2544.38,58.41,21.59,50.78,159.53,1437.7,698.17,91.36,53.46,268.15,128.84,135.31,11.69
2545.38,60.0,21.06,53.98,154.65,1434.11,698.58,90.51,54.0,268.17,128.96,135.31,10.93
2546.38,52.42,19.89,49.43,161.93,1436.26,696.12,91.53,55.16,268.26,129.15,135.23,10.93
2547.4,67.92,19.77,52.18,157.58,1449.89,697.76,89.54,55.29,268.43,129.34,135.2,10.93
2548.44,54.16,23.51,56.27,149.61,1422.63,699.4,90.39,51.55,268.16,129.38,135.16,10.55
2549.44,40.0,20.47,45.8,162.16,1459.22,692.64,88.92,54.58,268.0,129.61,135.12,10.93
2551.25,40.26,21.22,47.85,159.3,1449.89,695.71,92.38,53.83,262.96,129.57,135.46,11.31
2553.27,46.38,19.93,54.16,152.55,1441.28,700.22,96.76,55.12,264.48,129.45,135.46,10.93
2555.3,54.93,16.9,59.93,145.23,1419.04,700.42,99.08,58.15,265.26,129.26,135.42,11.31
2557.32,47.64,21.8,50.44,157.35,1447.74,697.15,101.47,53.25,266.27,129.15,135.35,11.31
2559.32,52.95,19.6,51.17,155.45,1441.28,694.07,98.86,55.45,266.58,129.03,135.39,11.31
2561.34,76.39,20.14,56.45,150.22,1442.72,697.15,97.95,54.91,267.96,129.03,135.42,11.31
2563.36,67.85,19.93,53.52,150.49,1435.54,697.76,90.0,55.12,268.15,128.92,135.31,10.93
2566.38,58.41,21.59,50.78,159.53,1437.7,698.17,91.36,53.46,268.15,128.84,135.31,11.69
2569.38,60.0,21.06,53.98,154.65,1434.11,698.58,90.51,54.0,268.17,128.96,135.31,10.93
2571.38,52.42,19.89,49.43,161.93,1436.26,696.12,91.53,55.16,268.26,129.15,135.23,10.93
2573.38,60.0,21.06,53.98,154.65,1434.11,698.58,90.51,54.0,268.17,128.96,135.31,10.93
2575.38,52.42,19.89,49.43,161.93,1436.26,696.12,91.53,55.16,268.26,129.15,135.23,10.93
2577.9,40.0,21.51,55.93,151.71,1435.54,697.76,89.6,53.54,267.89,129.68,135.08,11.31
2578.93,43.3,24.94,17.67,136.54,1360.94,666.67,91.08,53.46,266.18,130.79,134.85,7.12
2579.93,51.21,25.77,56.85,154.08,1403.98,695.52,89.88,52.63,266.16,130.75,134.85,7.12
2580.97,67.87,24.07,49.53,154.11,1416.89,690.2,91.87,54.33,266.07,130.79,134.89,7.12
2581.99,67.85,20.91,56.36,147.37,1417.61,696.34,92.61,57.49,266.15,130.83,134.93,7.12
2582.99,66.68,23.94,47.15,156.21,1419.04,686.11,94.43,54.46,266.13,130.83,134.97,7.12
2583.01,37.43,25.11,45.86,158.88,1431.24,684.27,94.26,53.29,266.18,130.9,135.08,7.12
2584.01,57.18,23.53,49.71,153.62,1416.17,688.15,86.82,54.87,266.2,130.94,135.12,6.74
2585.03,67.92,24.19,48.09,153.39,1421.91,687.13,86.59,54.21,266.53,131.02,135.12,7.12
2586.05,67.94,23.82,53.46,147.44,1419.04,688.56,90.91,54.58,266.52,131.02,135.2,6.74
2589.9,40.0,21.51,55.93,151.71,1435.54,697.76,89.6,53.54,267.89,129.68,135.08,11.31
2590.93,43.3,24.94,17.67,136.54,1360.94,666.67,91.08,53.46,266.18,130.79,134.85,7.12
2591.93,51.21,25.77,56.85,154.08,1403.98,695.52,89.88,52.63,266.16,130.75,134.85,7.12
2592.97,67.87,24.07,49.53,154.11,1416.89,690.2,91.87,54.33,266.07,130.79,134.89,7.12
2593.99,67.85,20.91,56.36,147.37,1417.61,696.34,92.61,57.49,266.15,130.83,134.93,7.12
2594.99,66.68,23.94,47.15,156.21,1419.04,686.11,94.43,54.46,266.13,130.83,134.97,7.12
2596.01,37.43,25.11,45.86,158.88,1431.24,684.27,94.26,53.29,266.18,130.9,135.08,7.12
2597.01,57.18,23.53,49.71,153.62,1416.17,688.15,86.82,54.87,266.2,130.94,135.12,6.74
2598.03,67.92,24.19,48.09,153.39,1421.91,687.13,86.59,54.21,266.53,131.02,135.12,7.12
2599.05,67.94,23.82,53.46,147.44,1419.04,688.56,90.91,54.58,266.52,131.02,135.2,6.74
2600.05,35.68,25.02,50.11,152.44,1432.67,691.43,92.89,53.38,266.46,131.09,135.2,6.74
2601.05,34.0,23.9,48.49,154.76,1442.72,687.54,92.72,54.5,266.83,131.21,135.27,6.74
2602.07,48.52,24.48,50.2,152.09,1425.5,690.41,93.63,53.92,266.75,131.25,135.27,6.36
2603.09,45.31,18.67,58.19,140.16,1407.57,695.11,92.61,59.73,266.5,131.32,135.31,6.36
2604.09,55.41,25.4,45.71,153.39,1424.78,689.38,95.51,53.0,266.5,131.36,135.39,6.74
2605.09,45.6,24.32,47.33,153.54,1447.02,695.11,96.81,54.08,266.29,131.4,135.46,5.97
2606.09,43.32,25.56,49.07,154.46,1460.65,694.09,99.2,52.84,265.89,131.47,135.54,6.36
2607.09,55.43,24.53,46.29,155.33,1450.61,693.07,99.82,53.87,266.2,131.51,135.61,5.97
2608.09,55.6,23.99,45.22,156.4,1444.87,694.29,98.46,54.41,265.99,131.55,135.69,5.97
2609.09,65.6,23.94,48.73,153.62,1450.61,693.88,98.91,54.46,265.76,131.55,135.77,6.36
2610.09,70.64,24.19,50.47,150.95,1442.0,695.32,98.8,54.21,265.88,131.63,135.77,6.36
2611.09,62.1,23.74,47.45,154.69,1459.93,694.91,99.65,54.66,265.93,131.67,135.81,6.36
2612.09,66.73,23.86,47.73,155.07,1452.04,692.66,99.08,54.54,265.81,131.7,135.84,5.97
2613.13,69.12,24.36,50.17,153.43,1443.43,695.32,97.66,54.04,265.57,131.7,135.84,5.97
2614.15,81.5,23.65,49.65,155.87,1446.3,694.29,98.74,54.75,265.41,131.7,135.88,5.97
2615.17,67.94,23.11,53.0,147.71,1431.96,693.88,98.46,55.29,265.38,131.74,135.96,5.59
2616.17,46.81,23.28,48.58,152.74,1442.0,692.04,98.91,55.12,265.5,131.82,136.0,5.97
2617.17,45.02,24.28,50.5,149.96,1433.39,694.5,99.59,54.12,265.35,131.89,136.03,5.59
2618.17,48.01,24.07,49.62,151.86,1444.87,691.02,98.97,54.33,265.31,131.97,136.15,5.59
2619.17,59.18,25.56,51.39,152.44,1436.26,691.22,97.1,52.84,265.13,132.01,136.15,5.97
2620.17,57.21,23.16,47.21,154.46,1447.02,692.86,97.15,55.24,265.12,132.05,136.22,5.97
2621.19,61.25,23.07,52.49,151.37,1428.37,692.45,93.29,55.33,265.09,132.08,136.26,5.97
2622.21,59.11,23.86,48.67,153.39,1442.0,694.29,88.29,54.54,264.72,132.12,136.34,5.97
2623.21,58.24,23.7,45.86,156.17,1435.54,691.43,93.63,54.7,264.72,132.2,136.3,5.97
2624.24,57.19,22.74,50.87,153.88,1464.96,693.88,95.51,55.66,261.99,132.24,136.38,4.83
2625.24,52.42,24.73,51.81,152.78,1462.8,695.32,97.44,53.67,261.36,132.31,136.42,4.83
2626.25,46.44,24.15,57.0,150.11,1464.96,694.5,98.46,54.25,261.36,132.35,136.45,4.83
2627.26,46.17,23.07,52.49,152.86,1478.59,696.34,89.66,55.33,261.34,132.39,136.49,5.21
2628.26,42.67,23.82,48.55,159.57,1472.13,696.13,96.24,54.58,261.34,132.47,136.57,4.83
2629.27,58.95,23.65,48.79,154.61,1477.15,694.09,96.58,54.75,261.34,132.5,136.64,5.21
2630.28,38.21,14.06,65.51,141.46,1439.85,702.48,89.77,64.34,261.34,132.58,136.64,5.21
2631.31,69.12,21.99,50.04,152.44,1469.98,697.16,93.46,56.41,261.55,132.62,136.72,5.21
2632.35,71.87,24.11,48.49,152.89,1463.52,2507.79,93.86,54.29,261.4,132.62,136.72,5.59
2633.35,64.0,24.24,49.28,152.36,1467.82,692.66,91.53,54.16,261.09,132.66,136.76,4.83
2634.39,51.06,23.7,50.53,153.08,1469.26,692.45,88.18,54.7,261.01,132.69,136.8,5.21
2635.39,49.32,20.95,45.53,156.02,1475.0,692.66,90.05,57.45,261.03,132.77,136.87,5.21
2636.41,26.39,24.82,54.53,136.19,1449.89,698.59,98.74,53.58,260.99,132.85,136.99,4.83
2637.41,29.76,23.9,51.91,148.13,1469.98,694.91,93.75,54.5,261.08,132.92,137.06,5.21
2638.41,38.62,23.16,49.22,152.78,1472.85,694.29,89.66,55.24,260.99,133.0,137.1,5.21
2639.41,43.93,23.45,50.41,152.4,1475.0,694.29,88.97,54.95,261.0,133.08,137.18,5.21
2640.41,39.19,22.62,51.54,148.7,1462.8,694.29,88.69,55.78,260.99,133.15,137.18,5.21
2641.41,51.44,22.99,48.0,150.53,1474.28,693.47,86.59,55.41,260.99,133.19,137.25,5.21
2642.41,48.66,23.2,44.28,153.54,1484.32,687.95,86.02,55.2,260.8,133.27,137.25,5.21
2643.41,46.2,24.03,51.08,144.32,1471.41,695.93,86.48,54.37,260.99,133.27,137.29,4.83
2644.41,63.17,23.4,51.2,148.43,1469.26,695.52,89.37,55.0,260.14,133.3,137.33,4.83
2645.43,39.08,24.57,46.72,147.75,1469.98,694.91,87.84,53.83,260.56,133.38,137.33,5.21
2646.43,37.88,24.53,42.45,141.84,1476.43,693.88,88.86,53.87,260.53,133.46,137.41,5.21
2647.44,40.06,20.62,53.86,144.66,1489.65,692.64,95.85,57.78,258.19,133.11,136.87,5.21
2648.46,70.55,20.95,52.33,145.95,1486.07,692.85,100.22,57.45,258.38,133.15,136.95,5.21
2649.48,57.39,21.91,50.2,147.06,1492.57,691.82,101.13,56.49,258.28,133.19,137.03,5.21
2650.49,53.95,22.2,47.42,142.22,1486.07,693.26,102.95,56.2,258.7,133.23,137.14,5.59
2651.5,33.38,22.03,56.15,130.7,1463.68,697.76,96.64,56.37,258.58,133.3,137.25,4.83
2652.5,31.65,22.66,49.13,148.89,1500.52,690.8,93.97,55.74,258.71,133.38,137.29,4.83
2653.5,42.4,22.41,48.92,148.36,1494.74,691.0,95.17,55.99,259.14,133.42,137.33,4.83
2654.5,42.19,22.87,46.63,144.01,1486.8,690.59,94.26,55.53,259.32,133.42,137.33,4.83
2655.5,45.6,21.37,54.04,145.95,1482.46,690.18,91.13,57.03,258.83,133.38,137.29,5.21
2656.5,41.9,21.41,53.22,146.95,1478.13,687.52,90.23,56.99,259.07,133.46,137.25,4.83
2657.5,47.83,21.83,51.69,145.95,1483.19,687.93,94.26,56.57,259.11,133.5,137.29,4.45
2658.5,50.96,22.03,47.27,155.03,1484.63,688.55,100.5,56.37,258.89,133.53,137.33,5.21
2659.5,34.01,21.74,57.79,143.13,1463.68,694.07,102.09,56.66,258.68,133.65,137.37,4.83
2660.51,31.59,21.7,52.06,150.42,1494.02,689.77,92.89,56.7,258.77,133.72,137.48,5.21
2661.51,48.29,20.87,46.02,158.65,1501.24,690.18,96.64,57.53,258.56,133.8,137.48,5.21
2662.51,56.3,21.0,50.17,152.36,1479.57,691.82,95.0,57.4,258.14,133.84,137.6,4.83
2663.51,43.95,21.16,51.02,148.36,1483.19,694.07,92.5,57.24,258.56,133.91,137.64,4.83
2664.53,48.32,21.74,50.65,150.61,1488.24,692.85,94.94,56.66,256.9,134.03,137.67,4.83
2665.55,44.25,21.25,51.05,147.82,1483.91,693.26,95.34,57.15,257.16,134.14,137.75,4.83
2666.57,42.7,21.66,50.35,151.6,1486.07,692.23,94.14,56.74,257.31,134.26,137.79,4.83
2667.57,38.33,20.87,51.39,150.49,1478.13,691.82,94.71,57.53,258.75,134.33,137.86,4.45
2668.57,44.49,21.08,51.14,147.71,1481.02,690.39,94.6,57.32,258.36,134.37,137.9,4.83
2669.57,30.27,21.04,51.91,146.56,1470.91,690.8,93.86,57.36,258.35,134.41,137.9,4.83
2670.59,46.91,21.79,51.2,149.88,1467.3,690.18,93.63,56.61,258.32,134.41,137.98,4.45
2671.59,45.59,21.66,52.12,150.45,1478.13,690.39,95.85,56.74,258.16,134.41,138.02,4.45
2672.59,35.66,22.49,52.55,145.0,1472.35,688.14,99.65,55.91,257.61,134.41,138.05,4.83
2673.61,41.24,24.03,47.02,152.82,1480.3,688.96,99.25,54.37,257.33,134.41,138.17,4.83
2674.61,43.44,20.54,51.05,146.56,1469.46,688.96,98.8,57.86,257.38,134.45,138.21,4.83
2675.61,49.34,22.24,49.43,148.43,1472.35,688.34,102.61,56.16,257.61,134.45,138.25,5.21
2676.61,48.71,20.0,49.22,146.76,1469.77,691.0,96.3,58.4,257.45,134.49,138.32,4.83
2677.61,62.19,21.12,49.98,152.13,1483.52,690.59,99.65,57.28,258.18,134.52,138.36,4.83
2678.63,52.62,22.08,47.27,153.31,1479.9,690.18,103.46,56.32,258.31,134.52,138.4,4.83
2679.63,46.13,21.79,51.17,151.37,1441.54,686.29,96.13,56.61,261.1,133.69,137.9,4.07
2680.65,52.41,20.66,41.93,148.78,1448.07,685.88,89.28,57.74,261.1,133.76,137.98,4.07
2681.65,46.17,21.54,47.91,154.57,1442.27,686.91,93.49,56.86,261.6,133.8,138.02,4.07
2682.67,40.33,20.66,47.88,154.76,1493.0,694.48,91.98,57.74,262.26,133.84,138.13,4.83
2683.67,40.04,20.91,49.65,154.61,1482.85,696.74,95.7,57.49,262.37,133.91,138.17,4.07
2684.69,29.88,21.08,58.68,141.49,1470.53,701.24,98.67,57.32,262.37,133.99,138.66,4.07
2685.69,39.15,21.41,47.54,152.02,1479.23,692.44,96.67,56.99,262.16,133.99,138.78,4.07
2686.7,29.72,20.46,46.6,151.52,1481.4,692.03,96.51,57.94,263.0,134.07,138.63,4.45
2687.7,46.32,20.33,45.25,145.61,1477.78,693.05,100.07,58.07,263.47,134.11,138.55,4.45
2688.72,47.02,21.83,51.66,146.95,1489.37,696.94,100.61,56.57,263.52,134.14,138.63,4.45
2689.73,54.76,20.71,52.85,150.11,1487.2,694.89,99.69,57.69,263.5,134.14,138.55,4.45
2690.73,56.64,20.75,55.51,146.22,1480.68,696.12,94.57,57.65,263.84,134.18,138.51,4.45
2691.74,39.63,20.75,49.74,151.18,1495.17,696.12,94.62,57.65,263.91,134.26,138.47,4.45
2692.74,28.6,20.66,54.53,149.88,1487.2,697.96,92.52,57.74,264.24,134.37,138.47,4.07
2693.74,37.14,20.62,48.82,152.13,1493.0,698.78,92.95,57.78,264.48,134.41,138.51,4.45
2694.74,43.99,20.37,54.04,151.83,1493.72,698.58,95.38,58.03,264.32,134.49,138.51,4.45
2695.74,34.0,19.13,52.06,153.66,1497.34,697.56,98.18,59.27,264.4,134.6,138.55,4.07
2696.74,42.87,20.21,54.56,155.22,1495.89,698.17,98.67,58.19,264.79,134.64,138.55,4.45
2697.76,47.03,19.88,53.13,153.92,1506.04,699.19,98.34,58.52,264.22,134.68,138.59,4.07
2698.78,55.62,20.66,52.76,156.21,1501.69,699.6,97.8,57.74,264.3,134.72,138.66,4.07
2699.78,37.55,20.87,52.42,153.54,1498.07,699.6,97.32,57.53,264.11,134.83,138.66,4.45
2700.78,43.93,21.16,51.42,153.35,1494.45,699.19,96.08,57.24,264.55,134.91,138.7,3.69
2701.78,48.04,20.46,49.65,153.73,1495.89,698.17,98.34,57.94,264.46,134.98,138.74,4.45
2702.8,57.51,20.17,50.47,153.77,1500.97,696.94,98.56,58.23,264.42,135.02,138.74,4.07
2703.8,60.01,20.12,48.92,154.15,1491.55,697.76,96.35,58.28,264.61,135.02,138.78,3.69
2704.82,59.21,20.12,49.65,154.46,1492.27,698.58,96.35,58.28,264.68,135.1,138.82,4.07
2705.82,54.56,21.45,49.53,152.32,1498.07,697.96,95.97,56.95,264.7,135.1,138.82,4.07
2706.82,48.66,21.04,51.75,149.54,1494.45,698.99,96.99,57.36,264.71,135.1,138.86,4.07
2707.82,44.47,19.04,52.12,152.36,1487.2,696.33,89.23,59.36,265.38,135.13,138.86,4.07
2708.84,50.3,20.71,54.35,148.85,1490.82,697.76,88.8,57.69,264.67,135.17,138.86,4.07
2709.84,56.26,20.46,51.51,152.59,1498.79,697.56,89.88,57.94,265.4,135.17,138.93,4.07
2710.84,39.09,21.25,39.03,157.01,1488.65,694.89,91.76,57.15,264.9,135.17,138.93,4.07
2711.86,47.65,19.25,45.89,142.33,1462.53,687.11,94.68,59.15,264.93,134.68,138.59,3.31
2712.86,45.07,19.38,51.17,153.27,1492.66,692.23,99.53,59.02,265.68,134.68,138.63,3.31
2713.88,42.51,19.79,50.72,155.83,1490.47,696.94,90.47,58.61,265.89,134.72,138.78,3.69
2714.88,52.24,20.58,54.32,147.98,1480.27,696.53,88.37,57.82,265.34,134.75,138.89,3.31
2715.88,40.32,19.67,54.22,149.12,1490.47,695.71,92.03,58.73,265.47,134.87,138.86,3.31
2716.88,43.97,19.63,48.55,155.79,1519.6,692.64,94.84,58.77,265.31,134.91,138.93,3.69
2717.9,37.32,21.25,50.87,150.22,1508.68,694.89,94.3,57.15,265.65,134.98,138.89,3.31
2718.92,45.28,19.83,47.48,153.24,1512.32,692.85,96.62,58.57,266.35,135.02,138.89,2.92
2719.96,41.04,21.25,50.56,148.78,1498.48,694.07,90.47,57.15,266.67,135.1,138.89,3.31
2720.96,31.08,19.67,55.54,146.83,1489.74,697.76,86.64,58.73,266.66,135.17,138.97,2.92
2721.96,24.36,20.58,52.88,147.9,1483.92,698.37,89.71,57.82,267.5,135.25,139.05,3.31
2722.96,39.19,19.88,46.87,154.99,1501.72,697.15,89.66,58.52,267.88,135.25,139.12,2.92
2723.96,46.78,18.84,51.57,149.08,1491.51,696.94,91.49,59.56,267.8,135.25,139.16,3.31
2725.04,49.03,20.37,48.46,146.87,1482.75,697.76,95.92,58.03,267.88,135.29,139.2,2.92
2726.05,48.86,20.79,51.63,153.43,1489.32,697.35,93.49,57.61,267.83,135.25,139.2,2.92
2727.07,38.6,19.79,49.13,151.71,1492.24,694.89,96.62,58.61,267.86,135.25,139.27,2.92
2728.09,49.58,19.67,49.1,151.44,1506.1,695.71,95.65,58.73,267.5,135.25,139.27,2.92
2729.11,40.34,21.74,48.88,144.39,1498.8,694.89,88.64,56.66,266.96,135.29,139.31,2.92
2730.13,34.94,19.83,47.94,146.41,1501.72,695.51,89.28,58.57,267.24,135.36,139.35,2.92
2731.13,33.69,19.79,52.06,152.02,1501.72,694.28,93.06,58.61,267.76,135.4,139.39,2.92
2732.15,50.93,19.75,50.81,150.49,1500.99,694.07,92.36,58.65,267.74,135.4,139.47,2.92
2733.15,48.01,19.5,50.47,149.35,1485.67,693.05,93.0,58.9,267.78,135.44,139.47,2.92
2734.17,43.66,20.79,50.9,149.58,1500.99,692.23,93.44,57.61,267.81,135.48,139.47,2.92
2735.19,44.78,20.62,51.02,149.96,1499.53,693.66,90.36,57.78,267.83,135.48,139.5,2.92
2736.19,52.95,20.04,53.28,151.41,1498.07,696.33,91.06,58.36,267.83,135.4,139.5,2.92
2737.19,47.4,20.29,51.2,152.7,1483.48,694.48,91.49,58.11,267.78,135.36,139.5,2.54
2738.19,57.16,20.41,45.86,157.51,1435.33,696.12,86.96,57.99,267.32,135.36,139.47,2.92
2739.21,46.26,19.67,51.36,150.99,1479.39,696.12,95.65,58.73,266.95,135.4,139.47,2.92
2740.21,36.79,18.71,56.57,158.76,1502.04,693.26,92.57,59.69,267.42,135.44,139.5,2.92
2741.21,52.21,20.04,50.84,158.54,1501.31,694.07,93.27,58.36,267.41,135.48,139.54,2.92
2742.21,48.04,19.13,59.72,157.24,1494.73,695.3,94.24,59.27,267.44,135.52,139.54,2.92
2743.23,53.78,18.75,50.99,158.04,1480.85,691.0,95.0,59.65,266.16,135.06,139.16,2.92
2744.23,55.43,18.71,50.75,156.67,1484.5,690.39,95.86,59.69,266.0,135.17,139.24,2.54
2745.23,49.33,18.8,52.24,153.43,1480.85,691.21,95.59,59.6,266.64,135.21,139.35,2.54
2746.25,37.43,21.12,52.73,153.96,1495.46,696.33,92.2,57.28,266.51,135.21,139.43,2.54
2747.25,40.03,18.59,52.67,153.96,1498.39,696.53,94.68,59.81,266.26,135.25,139.47,2.54
2748.27,44.16,20.25,50.59,157.39,1501.31,694.69,96.35,58.15,266.24,135.33,139.47,2.54
2749.29,48.27,20.33,54.35,154.15,1506.01,695.92,99.31,58.07,266.48,135.36,139.43,2.54
2750.29,40.03,18.92,52.33,154.65,1504.55,693.87,97.16,59.48,266.26,135.36,139.43,2.54
2751.31,54.74,19.92,54.99,151.71,1510.4,695.71,99.42,58.48,266.8,135.36,139.39,2.16
2752.31,35.65,20.83,48.43,157.81,1505.28,694.89,90.69,57.57,266.28,135.36,139.43,2.54
2753.31,38.74,19.42,53.58,154.34,1501.62,695.51,96.89,58.98,266.26,135.48,139.43,2.54
2754.31,22.4,18.71,53.22,154.65,1500.16,694.28,93.87,59.69,266.28,135.55,139.43,2.16
2755.33,42.21,20.37,49.68,159.11,1501.62,692.44,95.81,58.03,266.23,135.55,139.47,2.54
2756.35,33.68,20.79,54.71,150.87,1495.03,695.51,98.88,57.61,266.24,135.52,139.5,2.54
2757.37,40.77,20.71,48.79,158.08,1500.89,693.05,96.02,57.69,266.24,135.55,139.58,2.54
2758.37,30.81,19.88,56.02,152.25,1486.98,696.94,98.67,58.52,265.96,135.59,139.62,2.16
2759.37,40.94,19.96,51.94,156.44,1496.5,694.07,95.92,58.44,265.99,135.63,139.69,2.16
2760.37,43.95,20.62,49.98,158.69,1495.76,694.07,91.01,57.78,265.95,135.67,139.66,2.16
2761.38,40.79,19.71,51.45,155.45,1503.08,694.48,98.07,58.69,265.96,135.71,139.73,2.16
2762.39,48.89,20.58,49.74,155.98,1497.23,693.87,99.26,57.82,265.96,135.74,139.77,2.16
2763.39,49.33,19.5,48.21,162.04,1501.62,690.8,96.51,58.9,265.96,135.78,139.73,2.16
2764.4,42.4,21.0,49.34,158.92,1495.03,691.62,94.51,57.4,265.96,135.82,139.77,2.16
2765.4,33.37,19.67,50.47,156.67,1497.23,692.85,94.51,58.73,265.96,135.94,139.81,2.16
2766.42,53.19,20.79,47.48,158.76,1507.48,692.03,92.79,57.61,265.6,135.97,139.85,2.54
2767.42,45.0,21.0,54.99,148.59,1485.52,696.33,96.99,57.4,265.6,136.01,139.85,2.54
2768.42,40.51,19.71,50.38,152.55,1501.62,691.21,96.99,58.69,265.6,136.01,139.88,2.16
2769.42,54.61,19.88,53.95,153.58,1429.88,696.53,96.51,58.52,265.57,135.9,139.92,2.16
2770.42,55.4,19.34,49.95,156.9,1495.76,692.85,94.84,59.06,265.6,135.74,139.92,2.16
2771.42,43.38,20.25,49.04,157.89,1514.8,691.82,97.53,58.15,265.95,135.74,139.92,2.54
2772.44,49.58,20.33,48.43,156.9,1508.21,693.26,96.02,58.07,265.95,135.74,139.96,2.54
2773.44,49.61,21.62,47.24,157.35,1507.48,691.62,94.68,56.78,265.95,135.78,139.96,2.54
2774.46,41.72,19.46,41.84,151.37,1460.86,681.4,87.94,58.94,264.07,134.6,138.89,2.16
2775.46,37.91,18.13,48.03,145.84,1466.0,680.79,88.2,60.27,263.8,134.6,139.01,2.16
2776.48,44.24,20.04,50.81,152.7,1505.59,685.7,85.51,58.36,263.82,134.6,139.12,2.16
2777.48,37.92,19.0,50.38,153.35,1475.53,693.27,90.95,59.4,263.43,134.6,139.2,2.16
2778.52,31.4,13.89,61.7,141.23,1456.46,700.43,95.92,64.51,263.73,134.6,139.39,2.16
2779.54,46.43,21.04,52.36,155.71,1486.53,691.63,91.17,57.36,263.88,134.6,139.35,2.16
2780.54,23.09,19.79,59.96,140.88,1448.4,695.52,96.19,58.61,264.19,134.79,139.27,2.16
2781.56,10.46,14.97,67.25,134.17,1428.6,695.72,92.68,63.43,263.23,134.91,139.08,1.78
2782.56,24.51,17.59,58.98,141.68,1439.6,690.2,93.6,60.81,263.43,134.79,139.12,2.16
2783.56,24.07,9.87,67.28,130.93,1424.2,694.09,96.13,68.53,263.23,134.64,139.12,1.78
2784.6,23.8,20.54,49.37,156.17,1485.06,684.06,89.5,57.86,263.42,134.52,139.12,2.16
2785.64,33.67,19.63,55.14,146.68,1445.47,686.72,96.19,58.77,263.55,134.52,139.12,1.78
2786.64,17.92,19.5,53.55,148.01,1460.13,686.93,92.95,58.9,263.69,134.56,139.01,1.78
2787.65,41.23,20.54,53.52,149.77,1481.39,693.68,96.51,57.86,263.12,134.52,139.05,2.16
2788.66,37.04,19.17,52.94,151.6,1480.92,690.81,94.03,59.23,263.1,134.45,139.05,2.16
2789.66,38.77,19.21,50.38,152.51,1475.78,692.86,98.34,59.19,262.83,134.45,139.12,2.16
2790.68,45.88,19.71,47.79,154.34,1481.66,693.27,97.96,58.69,262.61,134.45,139.08,2.16
2791.69,53.92,19.71,55.44,149.88,1481.66,692.04,90.52,58.69,262.91,134.45,139.08,2.16
2792.71,43.15,19.71,48.61,151.1,1475.78,688.77,95.86,58.69,263.1,134.49,139.08,2.16
2793.73,48.94,20.54,52.85,152.44,1508.83,684.88,96.29,57.86,263.16,134.49,139.12,1.78
2794.73,41.38,17.96,51.84,153.47,1483.12,693.07,96.4,60.44,263.11,134.56,139.12,2.16
2795.75,47.69,19.13,53.64,149.65,1477.25,691.02,94.73,59.27,263.58,134.56,139.08,2.16
2796.75,35.0,19.34,52.58,147.71,1466.23,690.81,100.07,59.06,263.54,134.56,139.12,1.78
2797.76,39.2,18.8,50.78,151.64,1464.76,688.97,90.95,59.6,263.47,134.64,139.12,2.16
2798.76,34.66,19.04,53.58,153.96,1473.58,687.54,97.21,59.36,263.11,134.64,139.12,2.16
2799.78,38.66,19.63,54.16,147.4,1472.84,690.0,96.29,58.77,263.64,134.64,139.16,2.16
2800.78,34.67,20.12,52.67,149.35,1459.62,688.36,96.29,58.28,263.2,134.64,139.16,1.78
2801.78,31.62,19.38,55.05,152.66,1472.84,689.59,97.96,59.02,262.7,134.56,139.12,1.78
2802.78,15.22,9.78,48.58,123.73,1446.4,695.52,99.26,68.62,262.55,134.64,139.2,1.78
2803.8,58.2,19.71,38.05,138.94,1486.8,688.15,91.55,58.69,262.12,134.68,139.24,1.78
2804.82,37.09,20.12,54.47,150.95,1467.7,690.2,96.08,58.28,262.72,134.64,139.2,1.78
2805.82,31.63,18.55,51.63,154.72,1461.09,690.2,96.78,59.85,263.07,134.68,139.2,2.16
2806.84,28.75,20.12,54.25,153.5,1472.84,692.66,99.58,58.28,261.02,134.11,138.59,2.16
2807.88,27.86,18.92,51.54,154.08,1485.33,691.02,98.83,59.48,261.25,134.18,138.7,2.16
2808.9,28.63,18.13,46.99,150.15,1473.58,692.86,97.37,60.27,260.95,134.3,138.82,2.16
2809.92,37.08,14.31,52.27,132.69,1415.56,701.66,100.12,64.09,260.95,134.41,138.89,2.16
2810.93,35.9,16.51,57.52,137.03,1432.45,702.89,96.4,61.89,260.99,134.45,138.97,2.16
2811.95,23.03,8.54,67.34,133.41,1422.17,706.57,101.47,69.86,261.53,134.52,138.97,1.78
2812.97,30.81,19.71,55.87,146.83,1459.62,697.98,99.21,58.69,261.22,134.56,138.89,2.16
2813.97,24.33,19.5,61.82,145.8,1459.62,700.23,95.11,58.9,260.85,134.68,138.86,2.16
2814.99,19.6,18.8,54.01,153.88,1491.94,693.88,88.85,59.6,260.51,134.64,138.86,2.54
2816.01,33.37,14.77,64.26,138.44,1460.58,700.64,92.9,63.63,260.51,134.6,138.89,2.16
2817.01,45.04,18.8,53.8,152.63,1485.59,691.43,96.35,59.6,260.43,134.6,139.05,2.16
2818.03,24.24,19.54,58.19,150.83,1488.53,694.09,97.43,58.86,260.22,134.64,139.01,2.16
2819.04,18.61,16.93,68.29,142.56,1477.5,698.79,98.07,61.47,259.53,134.68,138.93,1.78
2820.06,13.33,11.98,70.27,141.99,1447.33,699.82,98.02,66.42,259.46,134.75,139.05,1.78
2821.08,40.29,19.29,52.76,154.72,1490.74,692.66,93.27,59.11,259.97,134.83,139.05,2.16
2822.1,43.14,18.75,56.76,151.33,1487.79,693.88,94.19,59.65,260.14,134.87,139.08,2.16
2823.1,40.03,18.88,55.47,150.91,1490.0,695.11,92.84,59.52,260.22,134.91,139.08,2.16
2824.1,45.02,18.3,55.84,149.58,1481.91,694.09,88.74,60.1,260.52,134.83,139.08,2.16
2825.1,40.99,19.63,52.49,153.54,1487.06,693.88,92.52,58.77,260.59,134.72,139.12,2.16
2826.1,43.43,18.26,53.74,153.01,1478.97,691.63,89.77,60.14,260.88,134.64,139.12,2.16
2827.1,37.05,18.84,57.21,149.35,1487.06,693.07,89.01,59.56,260.91,134.6,139.2,1.78
2828.14,25.76,18.92,61.15,145.65,1480.68,694.5,93.38,59.48,261.4,134.52,139.2,1.78
2829.14,37.52,18.17,56.76,148.97,1496.16,693.47,96.78,60.23,261.59,134.52,139.16,2.16
2830.18,44.45,19.58,53.0,154.08,1491.74,688.97,97.37,58.82,261.65,134.6,139.16,2.16
2831.22,28.73,13.06,63.99,138.86,1455.63,696.13,95.38,65.34,261.84,134.72,139.16,2.16
2832.24,28.87,18.42,58.95,148.2,1491.0,693.07,96.29,59.98,261.77,134.68,139.16,2.16
2833.24,36.02,17.3,54.29,151.75,1479.95,690.41,97.37,61.1,261.9,134.72,139.2,2.16
2834.24,31.89,19.29,52.06,154.23,1492.47,690.41,96.89,59.11,261.94,134.68,139.2,2.54
2835.26,40.19,19.38,53.86,151.64,1492.47,692.25,95.81,59.02,261.95,134.68,139.24,2.54
2836.26,39.64,20.0,54.16,152.63,1491.74,693.27,90.42,58.4,261.94,134.68,139.2,2.54
2837.28,21.97,19.83,58.1,146.87,1477.0,691.63,98.02,58.57,262.04,134.64,139.2,2.54
2838.28,29.28,19.17,59.62,146.49,1468.89,694.7,89.66,59.23,262.03,134.68,139.2,2.16
2839.3,18.14,17.63,41.47,121.44,1455.7,688.77,95.0,60.77,262.82,129.42,135.08,2.54
2840.32,17.35,11.78,54.5,137.76,1449.8,688.77,100.01,66.62,262.95,129.68,135.31,2.92
2841.35,17.13,15.35,57.09,133.64,1449.06,687.54,89.12,63.05,262.94,130.14,136.0,2.54
2842.39,25.21,15.56,53.89,134.1,1466.98,686.93,93.65,62.84,263.23,130.37,136.76,2.54
2843.41,16.51,13.94,53.03,133.53,1497.29,697.98,92.36,64.46,263.88,130.86,136.8,2.54
2844.45,7.89,14.01,67.74,119.69,1458.85,703.91,89.98,74.39,262.97,131.67,136.34,2.92
2845.46,45.8,17.18,46.78,139.36,1517.99,693.47,89.34,61.22,262.97,131.78,136.34,2.92
2846.5,10.7,16.26,58.53,137.99,1512.08,697.36,99.58,62.14,261.91,132.28,136.61,2.92
2847.52,19.62,8.45,65.82,130.25,1491.38,701.45,96.51,69.95,261.91,132.43,136.57,2.92
2848.54,44.13,15.89,59.5,136.92,1514.3,695.32,98.13,62.51,261.84,132.5,136.61,2.92
2849.54,24.69,16.39,54.13,141.23,1505.43,695.32,96.83,62.01,261.75,132.58,136.72,2.92
2850.58,23.35,13.73,57.34,143.21,1500.25,695.93,96.08,64.67,261.6,132.66,136.76,2.92
2851.59,32.69,19.38,57.28,142.22,1521.69,694.09,99.1,59.02,262.31,132.69,136.76,2.92
2852.61,39.41,18.21,49.83,149.2,1508.38,692.25,95.16,60.19,262.24,132.73,136.72,3.31
2853.63,32.53,17.55,61.21,138.14,1508.38,696.13,93.11,60.85,261.67,132.77,136.8,3.31
2854.65,34.29,16.26,58.13,143.51,1514.3,692.86,95.21,62.14,261.31,132.81,136.83,3.31
2855.67,43.1,17.05,59.69,141.99,1505.43,692.66,90.85,61.35,261.4,132.85,136.91,3.31
2856.7,46.97,19.17,55.63,144.28,1517.99,694.29,93.17,59.23,261.29,132.89,136.95,3.31
2857.74,34.25,21.87,57.18,141.27,1501.73,689.79,94.03,56.53,261.42,132.92,137.03,2.92
2858.78,35.9,20.37,54.41,143.1,1515.04,690.41,93.7,58.03,261.3,133.0,137.14,2.92
2859.82,30.61,16.1,58.1,141.23,1511.34,693.68,93.17,62.3,261.31,133.08,137.18,3.31
2860.85,36.97,21.0,53.19,149.69,1517.99,690.0,88.42,57.4,261.29,133.11,137.25,2.92
2861.87,24.26,19.75,52.03,147.59,1522.43,692.04,87.88,58.65,260.86,133.19,137.33,3.31
2862.89,31.95,24.4,56.94,145.19,1536.48,692.45,89.01,54.0,260.52,133.23,137.41,3.31
2863.93,34.24,17.72,57.15,145.19,1517.99,691.84,90.85,60.68,260.54,133.27,137.48,3.69
2864.96,34.99,17.59,59.9,141.46,1507.64,693.68,92.73,60.81,260.41,133.3,137.52,3.31
2866.08,37.83,18.59,61.09,139.32,1511.34,696.34,93.81,59.81,260.36,133.34,137.6,3.31
2867.15,35.19,22.74,63.29,137.34,1518.73,697.98,85.56,55.66,259.96,133.46,137.64,3.31
2868.23,41.56,22.41,51.72,148.05,1528.34,690.0,91.55,55.99,260.25,133.5,137.67,3.31
2869.34,39.71,20.0,58.01,139.66,1517.25,692.86,87.07,58.4,259.41,133.57,137.71,3.31
2870.44,37.89,20.79,53.52,145.54,1532.04,690.61,85.83,57.61,259.36,133.65,137.79,3.69
2871.45,41.65,20.12,52.73,146.34,1519.47,692.04,86.16,58.28,259.29,133.69,137.83,3.31
2871.45,41.65,20.12,52.73,146.34,1519.47,692.04,86.16,58.28,259.29,133.69,137.83,3.31
2872.46,56.18,22.08,53.34,148.85,1524.2,686.31,95.75,56.32,257.85,133.57,137.98,3.31
2873.46,36.74,18.13,55.99,147.78,1509.39,686.93,98.29,60.27,257.91,133.65,138.09,3.31
2874.49,29.43,21.58,54.44,148.43,1537.53,687.75,95.59,56.82,258.16,133.61,138.21,3.31
2875.51,39.92,20.46,53.55,147.78,1526.42,690.61,98.83,57.94,258.64,133.61,138.17,3.31
2876.51,44.96,19.25,51.26,148.97,1524.94,688.15,86.75,59.15,257.22,133.65,138.13,3.69
2877.51,35.36,22.91,42.33,156.44,1543.46,683.04,88.04,55.49,257.61,133.76,138.17,3.31
2878.51,47.44,21.74,47.7,155.1,1539.75,682.02,89.98,56.66,257.63,133.8,138.17,3.69
2879.55,42.68,24.32,51.94,149.23,1528.64,684.27,88.91,54.08,256.92,133.84,138.21,3.69
2880.6,24.37,21.2,58.16,142.18,1536.05,695.32,96.08,57.2,256.52,133.91,138.28,3.69
2881.64,34.26,22.24,53.67,142.87,1538.27,690.61,99.1,56.16,256.46,133.99,138.36,3.31
2882.74,27.57,20.87,59.53,141.72,1542.72,694.5,97.26,57.53,255.66,134.11,138.4,3.69
2883.79,17.77,16.88,63.5,134.59,1525.68,694.91,94.73,61.52,255.29,134.26,138.59,3.31
2884.81,43.12,27.52,48.4,152.47,1577.52,688.15,92.14,50.88,254.98,134.26,138.59,3.69
2885.85,35.18,21.54,51.87,146.91,1560.49,693.47,96.51,56.86,254.97,134.37,138.66,4.07
2886.9,49.37,27.1,46.47,153.58,1584.19,688.77,96.13,51.3,254.77,134.37,138.66,3.69
2886.9,49.37,27.1,46.47,153.58,1584.19,688.77,96.13,51.3,254.77,134.37,138.66,3.69
2887.92,47.8,28.01,46.29,155.64,1589.37,688.56,94.46,50.39,254.61,134.45,138.74,4.07
2888.96,28.96,32.54,53.67,147.25,1552.34,693.07,88.31,45.86,254.37,134.49,138.82,3.69
2889.98,31.7,15.43,56.27,140.69,1556.04,695.11,94.03,62.97,254.38,134.56,138.86,4.07
2891.05,42.21,23.32,53.74,147.44,1570.86,694.29,93.17,55.08,254.38,134.6,138.89,4.07
2892.07,35.48,25.11,43.88,155.98,1580.48,690.81,93.7,53.29,254.24,134.64,138.97,4.45
2893.11,30.92,29.18,47.79,150.61,1599.74,695.32,85.18,49.22,254.31,134.72,138.97,4.07
2894.22,48.32,27.43,44.61,152.89,1590.11,688.97,89.98,50.97,254.3,134.79,139.05,4.45
2895.35,66.88,31.59,43.0,157.09,1612.33,691.84,93.17,46.81,255.22,134.83,139.08,4.07
2896.37,47.59,30.09,45.19,157.47,1614.55,692.45,93.87,48.31,255.04,134.91,139.12,4.45
2897.39,48.32,22.37,55.05,143.4,1549.38,696.95,96.67,56.03,255.36,134.98,139.16,4.07
2898.47,64.54,31.79,43.18,157.93,1595.29,692.04,92.14,46.61,255.2,134.98,139.16,4.07
2899.48,30.28,25.11,58.4,138.79,1565.67,697.57,91.12,53.29,253.66,135.1,139.27,4.07
2900.52,49.14,30.09,39.34,160.63,1612.33,685.9,92.95,48.31,253.65,135.13,139.31,4.45
2901.55,48.33,27.56,50.93,147.78,1585.67,692.25,99.26,50.84,251.64,135.21,140.11,4.83
2902.55,48.12,31.75,34.18,169.9,1637.5,682.63,100.72,46.65,251.42,135.29,140.0,5.21
2903.56,54.03,30.55,37.9,164.83,1631.58,683.24,97.96,47.85,251.46,135.4,140.0,5.21
2904.56,62.08,31.88,37.41,163.53,1630.84,683.86,90.85,46.52,251.4,135.48,140.0,5.21
2905.56,41.39,24.28,42.63,158.08,1615.29,686.72,90.9,54.12,251.49,135.63,139.88,4.83
2906.59,45.03,26.15,45.32,157.47,1616.03,689.18,95.27,52.25,251.44,135.71,139.85,5.21
2907.61,42.13,28.1,48.88,151.71,1620.47,686.72,99.69,50.3,251.71,135.82,139.85,5.21
2908.65,33.66,24.53,53.46,143.78,1590.85,690.2,98.29,53.87,251.67,135.94,139.96,4.83
2909.69,39.74,25.07,46.26,152.78,1599.74,687.95,98.67,53.33,251.59,135.97,140.08,5.21
2910.69,35.35,23.11,47.48,151.22,1587.89,689.59,100.34,55.29,251.42,136.01,140.11,5.21
2911.73,48.5,23.86,47.42,151.37,1607.14,686.52,97.48,54.54,251.29,136.09,140.15,5.21
2912.73,40.5,20.83,44.86,156.32,1620.47,686.31,98.67,57.57,251.18,136.16,140.23,5.21
2913.73,55.41,20.95,50.23,149.12,1599.0,687.95,98.18,57.45,251.14,136.2,140.3,5.21
2914.79,70.46,24.24,50.56,149.23,1601.96,690.2,96.56,54.16,250.91,136.2,140.34,5.21
2915.82,40.63,20.21,52.39,145.5,1585.67,694.09,93.65,58.19,250.9,136.28,140.46,5.59
2916.84,45.24,18.46,54.19,142.79,1570.86,690.81,93.0,59.94,250.74,136.35,140.53,5.21
2917.88,41.47,17.34,56.76,140.66,1583.44,692.04,93.38,61.06,250.72,136.43,140.57,5.21
2918.89,50.89,22.62,54.71,144.2,1580.48,689.59,93.92,55.78,250.72,136.47,140.69,5.21
2920.03,42.5,18.34,54.47,144.77,1566.41,693.07,95.54,60.06,250.68,136.58,140.76,5.59
2921.1,62.47,23.94,54.38,142.56,1594.55,692.04,95.16,54.46,250.69,136.62,140.8,5.21
2922.22,42.65,22.03,52.7,145.54,1577.52,690.81,92.84,56.37,250.68,136.7,140.88,5.21
2923.25,41.94,20.58,51.3,145.92,1596.77,690.81,92.79,57.82,250.39,136.77,140.95,5.59
2924.27,33.07,20.71,55.66,143.02,1575.3,694.5,93.22,57.69,250.04,136.85,140.99,5.21
2925.33,42.72,21.45,55.54,143.1,1579.74,691.43,92.84,56.95,249.91,136.93,141.1,5.21
2926.35,37.18,23.4,52.64,146.41,1604.92,692.66,93.54,55.0,249.75,137.04,141.18,5.97
2927.38,41.04,23.57,50.81,147.98,1590.11,691.43,90.69,54.83,249.95,137.12,141.18,5.59
2928.4,34.58,18.13,52.21,145.73,1583.44,690.41,89.5,60.27,249.64,137.16,141.3,5.59
2932.0,33.0,19.21,46.81,133.07,1595.29,693.47,93.38,59.19,247.04,136.93,141.33,5.59
2933.04,32.78,22.62,50.38,145.76,1608.62,691.02,90.36,55.78,247.14,136.96,141.45,5.59
2934.07,28.49,24.07,54.96,143.63,1592.33,694.91,89.44,54.33,248.15,137.0,141.56,5.59
2935.15,35.54,25.48,42.57,157.58,1650.09,687.75,90.2,52.92,248.19,136.96,141.64,6.36
2936.25,45.84,25.77,45.19,149.81,1607.88,688.77,88.58,52.63,248.48,137.0,141.6,5.59
2937.26,45.84,21.25,49.31,145.54,1607.14,691.63,90.79,57.15,247.52,137.04,141.6,5.97
2938.4,42.48,22.03,53.61,141.15,1595.29,694.09,90.52,56.37,247.55,137.04,141.56,5.97
2939.49,29.18,19.09,61.58,130.97,1587.15,697.77,90.15,59.31,247.54,137.12,141.6,5.97
2940.6,37.83,22.08,48.67,145.42,1601.96,688.77,90.42,56.32,247.1,137.12,141.6,5.97
2941.66,24.22,23.49,53.06,145.08,1618.99,693.07,99.58,54.91,247.04,137.16,141.94,5.97
2942.68,47.44,25.65,46.35,146.6,1607.88,692.04,99.53,52.75,247.03,137.16,142.13,5.97
2943.75,43.02,25.48,50.5,148.05,1601.22,690.0,100.82,52.92,246.99,137.19,142.1,6.36
2944.89,33.42,18.92,59.5,135.05,1596.77,697.57,97.53,59.48,246.95,137.23,142.02,5.97
2945.94,38.03,22.03,49.13,145.65,1588.63,0.0,98.23,56.37,247.04,137.31,142.06,5.97
2946.96,33.31,20.46,51.48,140.16,1597.52,0.0,91.71,57.94,247.06,137.38,142.02,5.97
2948.0,39.73,23.86,43.67,151.71,1618.99,0.0,93.6,54.54,247.04,137.38,142.02,5.97
2949.06,42.73,27.1,48.21,153.43,1636.02,0.0,96.29,51.3,247.04,137.46,142.02,5.97
2950.07,37.03,24.86,48.55,146.98,1619.73,0.0,98.23,53.54,247.04,137.5,142.1,6.36
2951.13,52.08,22.66,45.41,148.62,1622.69,0.0,99.21,55.74,247.07,137.54,142.06,6.36
2952.17,54.11,23.7,50.65,143.44,1613.07,0.0,97.91,54.7,247.11,137.61,142.1,5.97
2953.2,56.56,27.72,45.47,147.78,1630.84,0.0,98.45,50.68,247.07,137.65,142.1,6.36
2954.26,35.88,22.24,49.28,148.09,1594.55,0.0,98.23,56.16,247.09,137.73,142.13,6.36
2955.3,26.85,26.85,50.59,145.84,1616.03,0.0,97.53,51.55,247.3,137.88,142.21,5.97
2956.31,35.59,20.62,50.26,143.29,1583.44,0.0,96.51,57.78,247.11,137.99,142.32,5.97
2957.35,31.64,24.53,47.54,147.48,1594.55,0.0,97.96,53.87,247.2,138.11,142.36,6.36
2958.45,36.83,26.77,48.67,152.7,1604.92,0.0,90.69,51.63,247.28,138.18,142.4,6.36
2959.58,29.76,23.86,52.0,144.35,1584.93,0.0,91.55,54.54,247.22,138.3,142.48,6.36
2960.64,34.57,25.77,43.79,154.49,1616.77,0.0,97.48,52.63,247.07,138.38,142.55,6.36
2961.65,50.94,28.1,40.65,150.19,1610.84,0.0,97.05,50.3,247.28,138.45,142.71,5.97
2964.0,50.0,0.0,0.0,49.84,1605.03,0.0,64.05,82.86,251.58,138.53,142.1,5.21
2965.11,46.35,32.55,51.36,147.94,1602.7,687.34,92.41,49.85,247.29,138.38,142.63,6.36
2966.13,32.43,27.28,49.34,148.81,1600.48,684.68,92.2,55.12,247.16,138.49,142.71,6.36
2967.21,44.5,30.73,50.41,149.88,1604.92,686.72,96.19,51.67,247.1,138.53,142.82,6.74
2968.24,34.55,23.0,54.41,140.31,1576.04,687.54,96.13,59.4,247.31,138.6,142.93,6.36
2969.26,43.62,25.87,51.84,143.59,1599.0,686.31,97.05,56.53,247.58,138.68,142.93,6.36
2970.34,39.51,30.19,46.93,147.17,1606.4,685.49,98.67,52.21,247.43,138.72,142.97,6.36
2971.39,33.35,30.44,43.61,157.77,1645.65,680.79,98.02,51.96,247.9,138.83,143.01,6.74
2972.41,37.04,24.79,49.07,149.5,1605.66,683.24,99.15,57.61,247.48,138.91,143.13,6.74
2973.43,35.9,33.18,50.99,146.95,1613.81,687.54,99.85,49.22,247.76,138.95,143.13,6.36
2974.45,38.18,25.79,54.19,140.2,1592.33,685.09,99.64,56.61,247.63,138.99,143.13,6.36
2975.52,42.55,26.03,50.87,143.55,1593.07,684.88,96.02,56.37,247.22,139.06,143.2,6.36
2976.58,46.9,31.43,54.07,145.19,1604.92,683.65,95.32,50.97,246.91,139.1,143.32,6.36
2977.6,34.17,27.9,53.46,144.39,1607.88,685.7,90.42,54.5,246.81,139.21,143.35,6.36
2978.67,41.48,26.87,53.34,142.45,1596.03,687.95,93.54,55.53,240.47,139.18,143.43,6.36
2979.69,31.06,20.39,51.87,143.48,1591.59,686.11,93.27,62.01,241.29,139.1,143.51,6.74
2980.71,30.42,27.07,49.43,144.39,1603.44,686.72,91.39,55.33,241.73,138.83,143.58,6.36
2981.75,41.93,31.43,40.4,158.54,1627.14,686.31,91.82,50.97,242.41,138.79,143.62,6.74
2982.78,38.71,25.79,49.07,147.37,1579.74,688.56,92.73,56.61,242.99,138.72,143.54,6.74
2983.84,63.38,31.77,45.68,150.57,1619.73,685.7,91.39,50.63,243.45,138.68,143.51,6.74
2984.9,40.45,27.74,50.17,145.95,1604.18,687.54,91.49,54.66,241.91,138.6,143.54,6.74
2985.93,40.58,22.75,52.79,141.57,1593.07,689.79,92.9,59.65,243.3,138.49,143.54,6.74
2986.99,52.81,26.78,46.26,142.68,1595.29,687.13,90.95,55.62,244.09,138.45,143.51,6.74
2988.04,31.42,25.58,51.05,147.56,1605.66,690.41,90.95,56.82,244.53,138.38,143.58,6.74
2989.06,52.36,27.16,48.27,149.12,1621.95,688.77,92.79,55.24,244.8,138.3,143.62,7.12
2990.08,53.1,29.61,42.42,155.26,1633.06,684.47,92.25,52.79,245.86,138.38,143.58,6.74
2991.12,29.85,28.98,44.77,152.09,1623.43,688.97,95.81,53.42,246.03,138.45,143.62,6.74
2992.14,29.09,29.4,47.91,151.94,1595.29,686.93,92.14,53.0,245.81,138.6,143.66,7.12
2993.15,26.93,26.57,41.75,156.74,1612.33,686.11,97.43,55.83,245.32,138.79,144.19,7.5
2994.17,44.7,16.57,15.05,114.58,1574.56,695.93,98.94,65.83,233.14,138.64,143.51,7.12
2995.25,51.62,29.02,48.24,159.15,1602.7,691.02,96.4,53.38,233.46,138.53,143.58,7.5
2996.3,22.76,30.15,45.93,152.74,1622.69,690.0,96.29,52.25,233.52,138.64,143.54,7.12
2997.34,34.86,29.48,45.5,152.28,1626.4,691.22,93.38,52.92,233.67,138.76,143.66,7.88
2998.46,37.46,30.93,40.49,153.27,1625.66,691.63,89.5,51.47,234.12,138.87,143.7,7.5
2999.63,30.12,31.14,45.41,153.66,1655.28,693.88,96.83,51.26,234.06,138.95,143.93,7.5
3000.74,34.56,29.81,44.06,149.2,1629.36,695.52,93.22,52.59,234.82,139.02,143.96,7.5
3001.78,38.09,30.31,51.69,153.69,1627.88,693.27,91.39,52.09,234.99,139.14,144.04,7.12
3002.79,26.55,28.24,52.61,157.62,1636.02,691.84,90.63,54.16,235.06,139.29,144.04,7.88
3003.91,38.55,33.84,57.46,154.42,1624.92,695.93,92.57,48.56,235.03,139.37,144.08,7.5
3004.93,30.03,29.36,49.95,160.02,1629.36,692.25,93.22,53.04,234.99,139.48,144.23,7.88
3005.96,36.38,29.86,53.25,152.89,1627.14,693.47,94.08,52.54,235.03,139.56,144.38,7.88
3007.02,39.59,32.18,55.35,149.31,1631.58,696.54,96.02,50.22,235.06,139.63,144.42,7.88
3008.23,24.89,30.4,59.23,145.8,1616.03,696.54,95.05,52.0,235.21,139.79,144.46,7.88
3009.27,26.79,27.7,49.46,158.5,1625.66,690.41,93.76,54.7,235.35,139.86,144.5,7.88
3010.3,47.87,30.85,47.45,158.76,1630.84,694.91,92.73,51.55,235.37,139.9,144.5,7.88
3011.38,37.08,32.93,50.81,156.93,1605.66,699.41,93.6,49.47,235.53,139.9,144.54,7.88
3012.44,35.53,32.89,54.86,152.89,1616.03,702.07,94.35,49.51,235.7,139.94,144.61,8.26
3013.53,31.28,27.24,48.85,156.4,1586.41,702.07,96.89,55.16,235.77,139.98,144.65,8.26
3014.61,37.58,27.61,52.67,152.7,1586.41,704.73,98.94,54.79,235.74,139.94,144.73,7.88
3015.66,45.02,29.73,45.28,161.36,1606.4,702.07,98.5,52.67,235.79,139.98,144.8,8.26
3016.72,42.71,28.9,44.28,163.3,1599.74,697.57,99.26,53.5,235.79,140.01,144.88,8.26
3017.75,45.52,29.32,49.4,157.13,1603.44,702.89,93.54,53.08,235.8,140.01,144.84,8.26
3018.81,43.3,31.1,53.46,152.55,1568.63,705.95,97.32,51.3,235.8,140.01,144.92,8.26
3019.85,31.63,28.03,51.3,152.44,1575.3,708.61,101.04,54.37,236.24,140.05,145.07,8.26
3020.87,40.27,33.76,53.4,151.79,1598.26,705.55,94.57,48.64,236.15,139.98,145.15,8.26
3021.88,35.93,33.18,46.78,160.59,1617.51,698.38,96.72,49.22,236.11,140.01,145.3,8.64
3023.05,50.19,35.71,48.95,157.39,1632.32,702.07,100.45,46.69,236.45,140.05,145.34,8.26
3024.09,40.56,31.18,48.27,159.53,1620.47,699.82,91.82,51.22,236.42,140.09,145.37,8.64
3025.21,38.19,30.52,48.88,155.87,1610.1,701.04,97.86,51.88,236.45,140.09,145.41,8.26
3026.24,32.17,29.56,46.35,159.95,1618.99,699.2,96.78,52.84,236.65,140.13,145.45,8.26
3027.3,53.55,15.9,7.12,106.04,1505.69,684.06,97.53,66.5,237.3,140.01,144.8,7.88
3028.31,42.99,24.95,46.87,143.86,1527.16,685.29,96.56,57.45,236.96,139.79,145.22,8.26
3029.33,43.33,30.44,60.17,169.02,1541.23,681.4,96.29,51.96,237.52,139.75,145.15,9.03
3030.37,25.92,21.8,56.24,165.59,1564.93,688.97,96.99,60.6,238.27,139.79,144.96,8.64
3031.46,38.63,24.17,55.29,168.41,1573.08,687.75,98.83,58.23,238.58,139.86,144.96,8.64
3032.5,40.39,29.77,54.53,168.72,1593.81,687.95,92.73,52.63,237.02,139.9,144.96,8.64
3033.69,42.45,28.07,64.05,160.21,1575.3,691.22,94.84,54.33,237.82,139.94,144.92,8.64
3034.75,34.27,27.53,57.79,168.14,1584.93,689.79,95.0,54.87,238.11,139.9,144.92,9.03
3035.77,35.91,27.65,59.17,165.93,1576.78,689.38,93.54,54.75,237.86,139.9,144.99,9.03
3036.98,23.41,24.95,72.32,149.84,1547.9,696.34,92.09,57.45,238.28,139.86,144.99,9.03
3037.99,41.56,23.46,56.73,164.45,1587.89,687.95,89.07,58.94,238.42,139.82,144.99,9.03
3039.03,40.46,27.11,58.22,165.86,1579.74,686.11,89.5,55.29,238.64,139.79,144.96,9.41
3040.09,34.83,27.03,73.99,148.7,1570.12,695.72,94.14,55.37,238.92,139.86,145.03,9.79
3041.18,28.56,20.93,66.89,154.57,1559.75,693.47,96.51,61.47,239.13,139.79,145.15,9.79
3042.22,31.11,22.8,65.12,157.13,1559.75,691.43,96.29,59.6,239.25,139.75,145.3,9.79
3043.33,55.68,27.11,62.92,158.69,1580.48,691.22,99.74,55.29,239.56,139.86,145.18,9.79
3044.37,42.16,20.72,67.65,150.07,1559.75,694.5,98.07,61.68,239.69,139.9,145.15,10.17
3045.46,55.48,27.24,57.37,162.39,1583.44,688.15,98.88,55.16,239.79,139.9,145.18,10.55
3046.48,36.65,29.07,59.14,160.75,1581.22,688.15,94.95,53.33,240.11,139.86,145.18,10.55
3047.69,42.67,33.18,59.38,159.6,1575.3,687.95,100.39,49.22,240.35,139.9,145.22,10.55
3048.84,37.35,31.02,58.01,161.62,1596.77,690.61,98.23,51.38,240.63,139.9,145.22,10.55
3050.03,21.86,28.11,71.13,146.41,1566.41,694.09,97.8,54.29,240.88,139.9,145.22,10.93
3051.09,25.7,30.31,64.9,162.73,1581.96,691.63,97.43,52.09,241.23,139.9,145.18,11.31
3052.16,30.77,26.99,66.46,157.39,1567.15,691.63,97.59,55.41,241.55,139.86,145.22,11.31
3053.18,36.29,29.32,53.64,168.22,1586.41,684.68,97.96,53.08,241.57,139.79,145.26,11.69
3054.22,37.31,30.69,56.57,165.78,1593.07,683.45,100.28,51.71,242.02,139.82,145.3,11.31
3055.26,34.58,21.92,55.11,150.95,1563.45,687.34,90.04,60.48,242.66,139.79,145.3,11.31
3056.27,36.49,27.94,49.1,158.73,1587.89,684.27,94.68,54.46,242.72,139.75,145.3,10.93
3057.29,35.97,29.4,50.53,155.52,1587.89,686.31,95.05,53.0,242.91,139.82,145.34,10.93
3058.33,32.77,28.98,51.6,157.47,1589.37,685.29,98.67,53.42,242.86,139.79,145.34,11.69
3059.39,32.13,27.78,61.88,153.31,1587.15,688.77,95.7,54.62,243.08,139.75,145.34,11.69
3060.34,39.51,30.19,46.93,147.17,1606.4,685.49,98.67,52.21,247.43,138.72,142.97,6.36
3061.39,33.35,30.44,43.61,157.77,1645.65,680.79,98.02,51.96,247.9,138.83,143.01,6.74
3062.41,37.04,24.79,49.07,149.5,1605.66,683.24,99.15,57.61,247.48,138.91,143.13,6.74
3063.43,35.9,33.18,50.99,146.95,1613.81,687.54,99.85,49.22,247.76,138.95,143.13,6.36
3064.45,38.18,25.79,54.19,140.2,1592.33,685.09,99.64,56.61,247.63,138.99,143.13,6.36
3065.52,42.55,26.03,50.87,143.55,1593.07,684.88,96.02,56.37,247.22,139.06,143.2,6.36
3066.58,46.9,31.43,54.07,145.19,1604.92,683.65,95.32,50.97,246.91,139.1,143.32,6.36
3067.6,34.17,27.9,53.46,144.39,1607.88,685.7,90.42,54.5,246.81,139.21,143.35,6.36
3068.67,41.48,26.87,53.34,142.45,1596.03,687.95,93.54,55.53,240.47,139.18,143.43,6.36
3069.69,31.06,20.39,51.87,143.48,1591.59,686.11,93.27,62.01,241.29,139.1,143.51,6.74
3070.71,30.42,27.07,49.43,144.39,1603.44,686.72,91.39,55.33,241.73,138.83,143.58,6.36
3071.75,41.93,31.43,40.4,158.54,1627.14,686.31,91.82,50.97,242.41,138.79,143.62,6.74
3072.78,38.71,25.79,49.07,147.37,1579.74,688.56,92.73,56.61,242.99,138.72,143.54,6.74
3073.84,63.38,31.77,45.68,150.57,1619.73,685.7,91.39,50.63,243.45,138.68,143.51,6.74
3074.9,40.45,27.74,50.17,145.95,1604.18,687.54,91.49,54.66,241.91,138.6,143.54,6.74
3075.93,40.58,22.75,52.79,141.57,1593.07,689.79,92.9,59.65,243.3,138.49,143.54,6.74
3076.99,52.81,26.78,46.26,142.68,1595.29,687.13,90.95,55.62,244.09,138.45,143.51,6.74
3078.04,31.42,25.58,51.05,147.56,1605.66,690.41,90.95,56.82,244.53,138.38,143.58,6.74
3079.06,52.36,27.16,48.27,149.12,1621.95,688.77,92.79,55.24,244.8,138.3,143.62,7.12
3080.08,53.1,29.61,42.42,155.26,1633.06,684.47,92.25,52.79,245.86,138.38,143.58,6.74
3081.12,29.85,28.98,44.77,152.09,1623.43,688.97,95.81,53.42,246.03,138.45,143.62,6.74
3082.14,29.09,29.4,47.91,151.94,1595.29,686.93,92.14,53.0,245.81,138.6,143.66,7.12
3083.15,26.93,26.57,41.75,156.74,1612.33,686.11,97.43,55.83,245.32,138.79,144.19,7.5
3084.17,44.7,16.57,15.05,114.58,1574.56,695.93,98.94,65.83,233.14,138.64,143.51,7.12
3085.25,51.62,29.02,48.24,159.15,1602.7,691.02,96.4,53.38,233.46,138.53,143.58,7.5
3086.3,22.76,30.15,45.93,152.74,1622.69,690.0,96.29,52.25,233.52,138.64,143.54,7.12
3087.34,34.86,29.48,45.5,152.28,1626.4,691.22,93.38,52.92,233.67,138.76,143.66,7.88
3088.46,37.46,30.93,40.49,153.27,1625.66,691.63,89.5,51.47,234.12,138.87,143.7,7.5
3089.63,30.12,31.14,45.41,153.66,1655.28,693.88,96.83,51.26,234.06,138.95,143.93,7.5
3090.74,34.56,29.81,44.06,149.2,1629.36,695.52,93.22,52.59,234.82,139.02,143.96,7.5
3091.78,38.09,30.31,51.69,153.69,1627.88,693.27,91.39,52.09,234.99,139.14,144.04,7.12
3092.79,26.55,28.24,52.61,157.62,1636.02,691.84,90.63,54.16,235.06,139.29,144.04,7.88
3093.91,38.55,33.84,57.46,154.42,1624.92,695.93,92.57,48.56,235.03,139.37,144.08,7.5
3094.93,30.03,29.36,49.95,160.02,1629.36,692.25,93.22,53.04,234.99,139.48,144.23,7.88
3095.96,36.38,29.86,53.25,152.89,1627.14,693.47,94.08,52.54,235.03,139.56,144.38,7.88
3096.02,39.59,32.18,55.35,149.31,1631.58,696.54,96.02,50.22,235.06,139.63,144.42,7.88
3097.23,24.89,30.4,59.23,145.8,1616.03,696.54,95.05,52.0,235.21,139.79,144.46,7.88
3098.27,26.79,27.7,49.46,158.5,1625.66,690.41,93.76,54.7,235.35,139.86,144.5,7.88
3099.3,47.87,30.85,47.45,158.76,1630.84,694.91,92.73,51.55,235.37,139.9,144.5,7.88
3100.38,37.08,32.93,50.81,156.93,1605.66,699.41,93.6,49.47,235.53,139.9,144.54,7.88
3101.44,35.53,32.89,54.86,152.89,1616.03,702.07,94.35,49.51,235.7,139.94,144.61,8.26
3102.53,31.28,27.24,48.85,156.4,1586.41,702.07,96.89,55.16,235.77,139.98,144.65,8.26
3103.61,37.58,27.61,52.67,152.7,1586.41,704.73,98.94,54.79,235.74,139.94,144.73,7.88
3104.66,45.02,29.73,45.28,161.36,1606.4,702.07,98.5,52.67,235.79,139.98,144.8,8.26
3105.72,42.71,28.9,44.28,163.3,1599.74,697.57,99.26,53.5,235.79,140.01,144.88,8.26
3106.75,45.52,29.32,49.4,157.13,1603.44,702.89,93.54,53.08,235.8,140.01,144.84,8.26
3107.81,43.3,31.1,53.46,152.55,1568.63,705.95,97.32,51.3,235.8,140.01,144.92,8.26
3108.85,31.63,28.03,51.3,152.44,1575.3,708.61,101.04,54.37,236.24,140.05,145.07,8.26
3109.87,40.27,33.76,53.4,151.79,1598.26,705.55,94.57,48.64,236.15,139.98,145.15,8.26
3110.88,35.93,33.18,46.78,160.59,1617.51,698.38,96.72,49.22,236.11,140.01,145.3,8.64
3111.05,50.19,35.71,48.95,157.39,1632.32,702.07,100.45,46.69,236.45,140.05,145.34,8.26
3112.09,40.56,31.18,48.27,159.53,1620.47,699.82,91.82,51.22,236.42,140.09,145.37,8.64
3113.21,38.19,30.52,48.88,155.87,1610.1,701.04,97.86,51.88,236.45,140.09,145.41,8.26
3114.24,32.17,29.56,46.35,159.95,1618.99,699.2,96.78,52.84,236.65,140.13,145.45,8.26
3115.3,53.55,15.9,7.12,106.04,1505.69,684.06,97.53,66.5,237.3,140.01,144.8,7.88
3116.31,42.99,24.95,46.87,143.86,1527.16,685.29,96.56,57.45,236.96,139.79,145.22,8.26
3117.33,43.33,30.44,60.17,169.02,1541.23,681.4,96.29,51.96,237.52,139.75,145.15,9.03
3118.37,25.92,21.8,56.24,165.59,1564.93,688.97,96.99,60.6,238.27,139.79,144.96,8.64
3119.46,38.63,24.17,55.29,168.41,1573.08,687.75,98.83,58.23,238.58,139.86,144.96,8.64
3120.5,40.39,29.77,54.53,168.72,1593.81,687.95,92.73,52.63,237.02,139.9,144.96,8.64
3121.69,42.45,28.07,64.05,160.21,1575.3,691.22,94.84,54.33,237.82,139.94,144.92,8.64
3122.75,34.27,27.53,57.79,168.14,1584.93,689.79,95.0,54.87,238.11,139.9,144.92,9.03
3123.77,35.91,27.65,59.17,165.93,1576.78,689.38,93.54,54.75,237.86,139.9,144.99,9.03
3124.98,23.41,24.95,72.32,149.84,1547.9,696.34,92.09,57.45,238.28,139.86,144.99,9.03
3125.99,41.56,23.46,56.73,164.45,1587.89,687.95,89.07,58.94,238.42,139.82,144.99,9.03
3126.03,40.46,27.11,58.22,165.86,1579.74,686.11,89.5,55.29,238.64,139.79,144.96,9.41
3127.09,34.83,27.03,73.99,148.7,1570.12,695.72,94.14,55.37,238.92,139.86,145.03,9.79
3128.18,28.56,20.93,66.89,154.57,1559.75,693.47,96.51,61.47,239.13,139.79,145.15,9.79
3129.22,31.11,22.8,65.12,157.13,1559.75,691.43,96.29,59.6,239.25,139.75,145.3,9.79
3130.33,55.68,27.11,62.92,158.69,1580.48,691.22,99.74,55.29,239.56,139.86,145.18,9.79
3131.37,42.16,20.72,67.65,150.07,1559.75,694.5,98.07,61.68,239.69,139.9,145.15,10.17
3132.46,55.48,27.24,57.37,162.39,1583.44,688.15,98.88,55.16,239.79,139.9,145.18,10.55
3133.48,36.65,29.07,59.14,160.75,1581.22,688.15,94.95,53.33,240.11,139.86,145.18,10.55
3134.75,34.27,27.53,57.79,168.14,1584.93,689.79,95.0,54.87,238.11,139.9,144.92,9.03
3135.77,35.91,27.65,59.17,165.93,1576.78,689.38,93.54,54.75,237.86,139.9,144.99,9.03
3136.98,23.41,24.95,72.32,149.84,1547.9,696.34,92.09,57.45,238.28,139.86,144.99,9.03
3137.99,41.56,23.46,56.73,164.45,1587.89,687.95,89.07,58.94,238.42,139.82,144.99,9.03
3139.03,40.46,27.11,58.22,165.86,1579.74,686.11,89.5,55.29,238.64,139.79,144.96,9.41
3140.09,34.83,27.03,73.99,148.7,1570.12,695.72,94.14,55.37,238.92,139.86,145.03,9.79
3141.18,28.56,20.93,66.89,154.57,1559.75,693.47,96.51,61.47,239.13,139.79,145.15,9.79
3142.22,31.11,22.8,65.12,157.13,1559.75,691.43,96.29,59.6,239.25,139.75,145.3,9.79
3143.33,55.68,27.11,62.92,158.69,1580.48,691.22,99.74,55.29,239.56,139.86,145.18,9.79
3144.37,42.16,20.72,67.65,150.07,1559.75,694.5,98.07,61.68,239.69,139.9,145.15,10.17
3145.46,55.48,27.24,57.37,162.39,1583.44,688.15,98.88,55.16,239.79,139.9,145.18,10.55
3146.48,36.65,29.07,59.14,160.75,1581.22,688.15,94.95,53.33,240.11,139.86,145.18,10.55
3147.69,42.67,33.18,59.38,159.6,1575.3,687.95,100.39,49.22,240.35,139.9,145.22,10.55
3148.84,37.35,31.02,58.01,161.62,1596.77,690.61,98.23,51.38,240.63,139.9,145.22,10.55
3150.03,21.86,28.11,71.13,146.41,1566.41,694.09,97.8,54.29,240.88,139.9,145.22,10.93
3151.09,25.7,30.31,64.9,162.73,1581.96,691.63,97.43,52.09,241.23,139.9,145.18,11.31
3152.16,30.77,26.99,66.46,157.39,1567.15,691.63,97.59,55.41,241.55,139.86,145.22,11.31
3153.18,36.29,29.32,53.64,168.22,1586.41,684.68,97.96,53.08,241.57,139.79,145.26,11.69
3155.6,25.41,19.93,55.47,149.0,1673.05,710.46,101.09,62.47,210.3,139.1,146.33,10.55
3156.64,31.91,22.46,44.43,145.54,1645.65,692.44,96.19,59.94,212.92,139.14,145.37,10.55
3157.65,25.29,22.21,45.38,148.09,1648.61,695.71,97.05,60.19,213.94,139.18,145.3,10.55
3158.69,23.95,22.5,52.7,143.17,1657.5,700.01,91.17,59.9,214.63,139.18,145.26,10.17
3159.71,22.46,22.13,52.03,149.23,1670.09,700.63,97.32,60.27,215.4,139.21,145.26,10.17
3160.73,30.31,20.84,50.5,151.22,1660.46,702.67,101.2,61.56,216.92,139.25,145.26,10.17
3161.73,19.41,17.73,56.76,147.29,1633.8,708.0,101.52,64.67,217.79,139.33,145.15,9.79
3162.77,26.5,22.46,53.8,149.0,1663.42,703.7,96.99,59.94,218.42,139.33,145.03,9.79
3163.79,20.49,20.93,49.68,147.9,1664.9,702.06,97.21,61.47,219.36,139.29,145.03,9.79
3164.8,21.7,21.26,50.59,149.96,1673.05,701.86,93.81,61.14,219.86,139.29,145.03,9.79
3165.8,21.06,20.39,53.37,146.34,1662.68,704.52,91.71,62.01,220.93,139.29,145.07,9.79
3166.83,18.39,17.6,54.13,143.51,1634.54,708.2,96.83,64.8,221.4,139.48,145.07,9.41
3167.84,26.18,21.09,48.27,154.42,1655.28,703.49,94.03,61.31,221.27,139.71,145.15,9.79
3168.86,30.58,22.92,48.4,153.92,1663.42,702.26,95.48,59.48,221.59,139.71,145.18,9.41
3169.86,20.45,20.88,43.94,149.5,1650.83,704.31,90.42,61.52,221.19,139.86,145.3,9.41
3170.88,25.47,21.42,52.97,149.73,1641.95,706.36,99.15,60.98,221.43,140.05,145.34,9.41
3171.88,36.75,20.18,48.76,152.97,1636.76,706.77,98.29,62.22,221.47,140.21,145.45,9.41
3172.9,39.42,20.43,51.42,150.57,1637.5,708.61,97.1,61.97,221.42,140.36,145.57,9.03
3173.9,46.45,21.42,52.03,152.55,1601.96,697.76,88.2,60.98,221.46,140.47,145.49,9.79
3174.94,40.6,20.51,51.33,155.64,1606.4,696.33,96.72,61.89,221.3,140.55,145.49,9.41
3175.96,48.27,21.42,39.0,198.99,1655.28,692.93,95.48,60.98,220.91,140.62,145.49,9.79
3176.99,49.14,20.85,53.25,3.6,1579.0,698.17,90.95,76.55,220.08,141.27,145.83,6.74
3178.01,79.64,22.21,45.56,3.6,1626.4,688.34,89.61,60.19,220.12,141.31,145.91,6.74
3179.03,50.25,22.17,50.93,3.56,1617.51,687.32,95.38,60.23,219.78,141.31,146.06,6.36
3180.03,48.28,22.92,55.35,3.6,1624.17,687.73,97.1,59.48,220.05,141.31,146.18,6.36
3181.05,30.64,20.84,58.46,3.6,1616.77,689.36,97.32,61.56,221.2,141.2,146.06,6.74
3182.05,41.39,21.38,56.85,3.6,1615.29,689.36,90.42,61.02,222.81,140.97,146.06,6.36
3183.05,47.04,19.64,54.68,3.56,1598.26,691.0,96.62,62.76,223.85,140.62,146.02,6.36
3184.05,40.29,21.72,55.2,3.56,1594.55,692.03,99.64,60.68,225.32,140.28,146.02,5.97
3185.07,50.3,21.34,49.28,3.6,1599.0,691.21,90.79,61.06,226.4,139.98,145.98,5.97
3186.07,55.35,21.26,57.15,3.52,1599.0,691.82,96.62,61.14,227.44,139.75,145.95,5.97
3187.21,40.0,39.49,0.0,4.17,31.27,0.0,7.75,42.91,239.35,137.35,144.84,4.07
3188.46,37.46,30.93,40.49,153.27,1625.66,691.63,89.5,51.47,234.12,138.87,143.7,7.5
3189.63,30.12,31.14,45.41,153.66,1655.28,693.88,96.83,51.26,234.06,138.95,143.93,7.5
3190.74,34.56,29.81,44.06,149.2,1629.36,695.52,93.22,52.59,234.82,139.02,143.96,7.5
3191.78,38.09,30.31,51.69,153.69,1627.88,693.27,91.39,52.09,234.99,139.14,144.04,7.12
3192.79,26.55,28.24,52.61,157.62,1636.02,691.84,90.63,54.16,235.06,139.29,144.04,7.88
3193.0,25.19,19.8,53.28,107.79,1646.54,695.51,88.29,82.9,206.89,122.13,127.76,5.59
3194.0,25.95,19.18,54.35,104.13,1648.03,694.48,87.54,84.02,206.21,122.32,127.99,5.59
3195.02,16.49,16.1,54.8,98.26,1534.54,670.53,85.64,87.1,206.44,122.67,128.29,5.59
3196.02,22.23,18.43,55.08,108.9,1535.29,667.05,89.24,84.77,207.01,122.9,123.53,5.59
3197.03,18.77,21.54,55.96,100.78,1541.26,667.25,87.04,81.66,207.72,123.16,127.07,5.97
3198.03,23.48,21.29,52.91,110.92,1547.23,667.46,78.29,81.91,207.74,123.39,128.07,5.59
3199.03,18.42,19.72,53.89,97.99,1546.49,667.66,85.34,83.48,209.15,123.58,128.52,5.59
3200.03,24.12,19.01,53.58,102.72,1541.26,666.64,86.19,84.19,209.82,123.77,128.52,5.97
3201.03,18.09,23.08,54.68,96.66,1539.77,669.3,83.84,80.12,210.86,124.04,128.26,5.59
3202.03,13.83,23.33,50.2,111.87,1630.86,687.32,79.24,79.87,211.68,124.42,127.91,5.97
3203.04,24.52,22.91,49.98,112.29,1633.84,686.5,85.89,80.29,211.84,124.57,128.03,5.97
3204.04,26.25,23.08,50.04,116.9,1633.84,686.09,86.74,80.12,213.0,124.73,128.41,5.97
3205.04,23.56,21.88,52.12,104.13,1629.36,687.32,85.39,81.32,213.33,124.92,128.68,5.59
3206.04,15.08,22.37,54.96,96.43,1590.54,683.22,83.54,80.83,213.72,125.18,129.1,5.59
3207.04,15.16,24.04,62.43,112.6,1595.02,694.48,82.24,79.16,215.16,125.41,129.1,5.97
3208.04,12.57,24.33,56.45,103.52,1624.14,689.77,90.44,78.87,214.96,125.6,129.36,5.97
3209.05,17.77,24.49,62.0,110.73,1630.11,688.34,88.64,78.71,217.16,125.72,129.59,5.97
3210.05,18.79,22.66,53.22,116.98,1630.11,687.11,88.14,80.54,217.4,125.83,129.9,5.97
3211.05,21.87,23.12,49.56,108.29,1639.82,685.07,88.14,80.08,218.35,125.91,130.12,5.97
3212.05,21.98,23.16,55.26,104.25,1621.9,687.93,89.54,80.04,217.82,126.06,130.47,5.97
3213.05,21.21,23.62,53.74,101.65,1630.86,687.11,89.59,79.58,218.87,126.1,130.73,5.97
3214.06,23.28,24.04,54.86,102.91,1624.89,687.11,90.44,79.16,219.42,126.18,130.89,5.97
3215.06,17.77,24.37,57.12,106.34,1615.93,690.39,87.34,78.83,220.26,126.29,131.12,6.36
3216.06,19.28,24.28,50.47,94.6,1634.59,688.55,85.19,78.92,220.97,126.48,131.34,6.36
3217.08,23.13,24.95,50.14,103.37,1627.12,689.16,85.34,78.25,221.41,126.59,131.5,6.36
3218.08,20.25,22.83,50.01,112.1,1621.15,689.98,88.64,80.37,221.66,126.82,131.61,5.97
3219.08,22.95,22.54,55.17,105.5,1621.15,691.21,88.79,80.66,222.82,126.9,131.73,5.97
3220.08,20.04,22.29,54.5,101.04,1612.19,689.57,90.19,80.91,223.79,127.09,131.88,6.36
3221.09,22.11,22.87,50.62,99.33,1626.38,688.75,83.09,80.33,224.78,127.17,131.88,6.36
3222.09,25.06,24.62,52.33,99.71,1630.86,689.36,87.19,78.58,224.79,127.32,131.99,5.97
3223.11,30.62,24.7,49.98,113.28,1637.58,687.93,88.44,78.5,225.56,127.36,132.15,6.36
3224.12,38.35,22.12,45.53,114.04,1685.36,701.45,90.29,81.08,229.71,127.28,132.07,6.74
3225.14,33.67,22.5,47.08,97.88,1676.4,703.29,92.45,80.7,230.68,127.32,131.95,6.74
3226.14,33.96,22.96,45.13,97.04,1680.88,703.29,93.6,80.24,231.14,127.51,132.15,6.36
3227.14,25.58,24.74,44.34,100.28,1665.95,705.34,92.35,78.46,231.91,127.66,131.61,6.74
3228.14,24.04,23.2,43.76,105.92,1645.79,708.82,94.05,80.0,233.51,127.81,130.73,6.36
3229.14,27.71,23.58,45.56,96.24,1598.75,716.39,92.9,79.62,234.5,127.97,130.47,6.36
3230.15,26.52,21.83,47.21,103.25,1607.71,715.98,87.29,81.37,234.55,128.12,130.12,6.36
3231.15,33.99,21.46,44.31,91.78,1610.7,714.55,91.24,81.74,235.31,128.2,129.97,6.36
3232.18,39.75,21.96,45.22,89.3,1616.67,714.55,91.39,81.24,236.16,128.23,129.9,6.36
3233.18,30.27,23.33,44.19,92.62,1593.53,718.03,84.39,79.87,236.64,128.39,129.86,6.74
3234.19,22.24,19.97,41.72,98.83,1577.85,721.1,90.89,83.23,237.11,128.54,129.67,6.36
3235.19,30.01,21.34,43.18,88.88,1586.06,720.28,81.99,81.86,237.55,128.73,129.67,6.36
3236.21,26.63,23.16,45.35,91.4,1595.02,716.6,89.69,80.04,238.06,128.84,129.71,6.36
3237.21,26.47,22.21,38.33,101.46,1609.95,714.14,88.49,80.99,238.67,128.96,129.9,6.74
3238.23,44.22,25.2,41.9,104.17,1615.93,711.89,91.39,78.0,238.71,129.03,129.93,6.36
3239.26,27.27,23.12,34.42,108.55,1633.84,709.64,79.09,80.08,239.12,129.15,130.39,6.74
3240.28,45.3,25.16,40.95,108.78,1641.31,708.2,83.14,78.04,239.39,129.15,130.39,6.74
3241.28,41.42,25.24,27.68,105.31,1649.52,706.36,86.59,77.96,239.76,129.19,130.39,6.74
3242.29,45.03,24.33,32.62,103.41,1650.27,705.75,89.59,78.87,240.02,129.15,130.43,6.74
3243.29,62.24,24.41,25.27,112.1,1656.24,704.52,89.34,78.79,240.48,129.15,130.47,6.74
3244.3,76.41,23.2,34.85,96.2,1655.5,703.7,88.49,80.0,240.24,129.15,130.43,6.74
3245.32,65.56,26.19,34.67,103.1,1651.76,705.34,88.69,77.01,240.63,129.11,130.43,6.36
3246.32,59.03,24.78,36.56,103.9,1651.76,704.11,89.34,78.42,241.18,129.07,130.47,6.74
3247.33,57.18,23.45,21.61,99.02,1658.48,703.29,88.24,79.75,241.23,129.11,130.43,6.74
3248.33,54.57,23.54,29.33,101.01,1666.7,703.7,87.59,79.66,241.33,129.07,130.35,6.74
3249.33,38.33,25.49,34.0,105.05,1641.31,706.97,87.94,77.71,242.3,129.15,130.24,7.12
3250.34,14.97,23.7,43.27,156.25,1521.1,702.26,92.25,79.5,241.53,129.68,131.27,7.5
3251.34,14.27,24.16,43.88,149.39,1534.54,698.37,85.64,79.04,241.64,129.91,131.54,7.5
3252.34,17.85,24.08,40.74,156.48,1559.93,694.07,88.44,79.12,241.79,130.18,131.69,7.88
3253.34,21.63,26.11,40.46,150.68,1561.42,695.3,86.89,77.09,241.98,130.25,131.69,7.5
3254.35,23.13,25.24,42.17,153.27,1562.17,694.69,87.49,77.96,241.99,130.45,131.73,7.88
3255.35,24.89,25.9,38.97,152.47,1555.45,696.12,87.59,77.3,242.38,130.52,131.73,7.88
3256.35,16.8,25.24,43.61,138.44,1550.97,695.92,85.09,77.96,242.63,130.6,131.69,7.5
3257.35,16.48,25.28,41.96,147.37,1559.18,694.89,89.49,77.92,242.8,130.64,131.65,7.5
3258.36,18.7,25.2,42.51,146.22,1555.45,694.89,84.89,78.0,242.92,130.67,131.99,7.5
3259.36,17.87,25.53,45.68,144.35,1558.43,694.69,89.49,77.67,242.97,130.71,131.84,7.5
3260.36,16.7,23.83,46.47,150.38,1551.71,694.89,90.04,79.37,243.09,130.79,131.95,7.5
3261.36,17.85,26.11,41.07,155.94,1566.65,692.23,91.44,77.09,243.11,130.83,131.95,7.88
3262.36,21.87,26.82,37.44,150.76,1570.38,691.62,90.09,76.38,243.4,130.83,132.11,7.5
3263.37,30.56,25.86,41.68,151.52,1574.86,689.36,88.44,77.34,243.41,130.9,132.07,7.5
3264.37,41.43,24.91,37.72,158.76,1586.06,688.55,89.74,78.29,243.82,130.94,132.11,7.5
3265.37,53.8,26.15,38.76,152.86,1590.54,688.75,84.39,77.05,244.23,130.94,132.22,7.5
3266.37,59.05,25.36,42.57,145.92,1596.51,688.14,84.79,77.84,244.28,130.98,132.22,7.5
3267.37,42.39,26.03,34.09,154.8,1588.3,688.34,88.99,77.17,244.49,131.06,132.22,7.5
3268.37,49.4,26.94,40.89,153.85,1583.07,688.75,89.39,76.26,244.5,131.09,132.22,7.5
3269.39,42.23,25.11,39.88,147.44,1593.53,687.52,88.94,78.09,245.22,131.17,132.3,7.5
3270.39,45.05,25.86,40.95,159.15,1584.57,688.34,90.59,77.34,245.05,131.25,132.22,7.5
3271.4,47.43,26.49,39.88,154.42,1588.3,688.75,91.44,76.71,244.92,131.25,132.18,7.5
3272.4,29.55,26.73,41.72,149.61,1577.85,690.8,91.85,76.47,245.08,131.28,132.3,7.5
3273.4,22.14,25.61,41.81,157.96,1574.86,690.59,89.99,77.59,245.25,131.21,132.37,7.12
3274.4,23.89,27.57,53.98,155.07,1580.09,690.59,83.94,75.63,245.16,131.13,132.56,7.5
3275.4,23.59,27.27,55.35,166.08,1574.11,690.59,84.69,75.93,245.0,131.13,132.53,7.5
3276.41,24.72,26.82,52.91,164.45,1575.61,691.41,93.4,76.38,244.62,131.09,132.76,7.12
3277.41,25.97,26.53,54.99,166.5,1573.37,690.59,89.29,76.67,244.54,131.06,132.83,7.5
3278.41,32.52,25.78,54.53,173.44,1584.57,687.52,91.65,77.42,244.67,131.06,132.72,7.5
3279.41,34.36,26.24,55.23,166.77,1576.35,688.34,91.09,76.96,244.27,131.09,132.87,7.12
3280.42,30.06,26.73,55.41,173.21,1575.61,688.96,88.74,76.47,243.81,131.13,132.83,7.5
3281.42,25.58,26.53,59.81,160.98,1571.13,689.98,88.84,76.67,243.95,131.21,132.95,6.74
3282.43,19.7,10.5,29.76,91.97,1613.69,699.4,89.69,92.7,227.74,119.88,134.36,6.36
3283.44,12.67,13.43,33.9,92.2,1621.15,698.58,89.89,86.97,227.66,122.44,134.19,5.21
3284.44,24.51,19.45,36.5,108.06,1639.82,694.28,88.24,80.95,227.5,122.82,134.35,5.59
3285.44,28.59,19.66,35.25,87.28,1639.82,694.28,87.84,80.74,226.81,123.09,134.46,5.59
3286.45,26.91,20.03,29.45,108.63,1641.31,693.46,87.59,80.37,227.0,123.32,134.54,5.59
3287.45,31.93,21.03,39.92,117.17,1627.12,693.05,79.19,79.37,226.83,123.47,134.65,5.59
3289.0,30.0,20.0,0.0,47.48,1664.56,288.85,47.52,80.46,228.04,123.93,134.31,4.07
3290.0,26.22,20.65,45.8,122.32,1655.5,696.94,80.79,79.75,224.2,123.47,134.35,5.21
3291.01,31.09,20.49,40.53,119.08,1662.96,697.35,80.19,79.91,224.21,123.7,134.69,5.21
3292.01,26.14,20.99,35.06,91.82,1654.75,697.56,81.54,79.41,223.91,123.96,134.92,4.83
3293.01,26.93,22.11,28.99,124.22,1667.44,704.81,81.19,78.29,224.08,124.19,135.19,5.59
3294.01,31.38,21.82,37.11,178.06,1679.39,703.17,79.34,78.58,223.68,124.38,135.45,5.97
3295.01,30.33,21.61,29.54,110.61,1668.94,695.51,79.74,78.79,223.57,124.65,135.68,5.21
3296.02,30.07,23.27,33.72,122.97,1671.92,696.53,89.79,77.13,223.79,124.84,135.87,4.83
3297.02,29.81,21.98,47.76,106.04,1665.2,696.94,89.94,78.42,224.03,125.03,135.1,4.83
3298.02,33.08,23.39,51.2,124.8,1661.47,694.89,89.34,77.01,223.6,125.18,135.22,4.83
3299.02,31.68,22.48,35.61,107.26,1669.68,696.12,90.44,77.92,223.39,125.37,135.29,4.83
3300.02,29.09,22.65,45.13,108.25,1663.71,694.89,90.39,77.75,222.44,125.57,135.29,4.83
3301.03,29.32,22.15,37.6,115.3,1664.46,694.48,91.04,78.25,222.81,125.76,135.37,5.21
3302.03,30.56,21.9,38.33,132.42,1667.44,694.07,90.54,78.5,222.06,125.87,135.48,5.21
3303.03,34.05,22.31,45.13,128.07,1668.19,729.74,89.39,78.09,221.9,126.02,135.52,5.21
3304.03,31.35,21.82,33.84,144.58,1672.67,731.04,87.74,78.58,222.0,126.14,135.56,5.59
3305.03,35.03,21.15,48.4,142.29,1669.68,729.96,80.99,79.25,221.7,126.25,135.6,5.59
3306.04,38.77,22.31,30.79,160.06,1685.36,728.88,85.79,78.09,221.7,126.33,135.63,5.59
3307.04,35.03,20.86,41.23,155.94,1674.16,728.45,83.94,79.54,221.61,126.44,135.63,5.59
3308.04,32.54,22.77,43.85,145.04,1669.68,728.23,85.99,77.63,221.55,126.56,135.56,5.59
3309.04,26.73,22.94,47.39,149.73,1670.43,728.66,83.49,77.46,221.35,126.71,135.48,5.59
3310.04,28.62,22.27,32.01,161.09,1670.43,727.8,84.79,78.13,221.04,126.86,135.6,5.59
3311.05,25.89,23.73,46.29,154.42,1665.2,728.02,87.79,76.67,220.87,126.98,135.71,5.59
3312.05,26.93,21.73,43.85,151.64,1668.19,727.8,81.94,78.67,220.64,127.13,135.83,5.59
3313.05,25.67,22.07,45.68,158.04,1671.18,727.37,87.94,78.33,220.26,127.24,135.02,5.21
3314.05,22.73,22.9,45.22,144.2,1658.48,728.02,87.19,77.5,219.91,127.4,135.21,5.59
3315.07,21.5,22.4,43.52,149.77,1692.08,735.35,90.79,78.0,219.67,127.55,135.36,5.59
3316.08,31.66,21.03,46.9,148.28,1708.51,736.86,89.04,79.37,219.54,127.62,135.47,5.21
3317.08,43.17,21.94,38.6,138.29,1710.0,735.99,89.59,78.46,219.5,127.74,135.51,5.59
3318.08,38.74,21.36,38.51,138.94,1711.5,735.78,88.84,79.04,219.48,127.85,135.59,5.21
3319.08,34.67,22.11,42.87,147.44,1711.5,736.86,89.84,78.29,219.3,127.97,135.7,5.21
3320.08,37.55,22.27,46.35,151.98,1719.71,737.5,87.99,78.13,219.5,128.04,135.74,5.21
3321.08,35.63,21.48,35.43,131.35,1715.98,736.64,86.74,78.92,219.38,128.2,135.85,5.21
3322.12,38.97,21.14,34.12,163.64,1734.64,727.17,89.54,64.26,216.56,127.55,135.9,4.83
3323.12,35.3,21.07,53.55,128.65,1706.27,736.86,89.79,79.33,216.63,127.59,135.17,4.45
3324.12,40.97,21.32,37.2,117.13,1704.78,735.57,83.74,79.08,216.54,127.66,135.4,4.07
3325.12,45.6,21.53,40.56,116.6,1695.82,735.36,84.74,78.87,216.52,127.7,135.55,4.07
3326.12,23.9,21.36,49.4,122.85,1687.6,732.56,87.69,79.04,216.44,127.81,136.85,4.07
3327.12,27.33,22.23,43.03,122.89,1687.6,732.56,87.84,78.17,216.44,127.97,136.05,4.07
3328.12,23.72,21.28,40.28,116.18,1676.4,731.05,92.8,79.12,216.47,128.12,136.2,3.69
3329.13,26.92,21.73,41.53,117.21,1682.38,731.05,91.39,78.67,216.58,128.2,136.27,4.07
3330.13,22.28,21.07,36.5,118.96,1658.48,728.25,85.84,79.33,216.53,128.31,136.2,3.69
3331.13,22.55,21.82,46.87,114.92,1656.99,725.45,88.94,78.58,216.41,128.39,136.93,3.69
3332.13,20.16,21.98,46.72,128.19,1656.24,725.67,90.89,78.42,216.25,128.42,136.66,4.07
3333.14,20.62,21.9,41.5,122.05,1657.74,725.67,91.75,78.5,215.93,128.46,136.85,3.69
3334.16,28.25,20.57,38.69,122.93,1669.68,725.67,89.99,79.83,215.37,128.5,136.08,3.69
3335.16,36.79,21.9,51.39,127.08,1664.46,725.23,90.89,78.5,216.24,128.58,136.12,3.69
3336.16,21.59,21.57,39.73,106.8,1664.46,726.96,90.99,78.83,215.79,128.58,136.24,3.69
3337.16,22.13,21.36,36.93,117.13,1657.74,727.39,84.94,79.04,216.0,128.62,136.43,3.69
3338.16,24.23,21.15,40.71,119.31,1658.48,725.02,85.44,79.25,215.31,128.69,136.5,3.69
3339.17,25.58,21.78,41.23,121.48,1672.67,728.03,84.19,78.62,215.13,128.77,136.5,3.31
3340.17,24.36,21.28,40.86,116.37,1663.71,726.96,85.24,79.12,214.91,128.88,136.66,3.31
3341.17,24.89,21.82,39.18,119.0,1670.43,728.68,83.04,78.58,214.75,129.0,136.73,3.31
3342.17,24.05,21.61,37.84,114.88,1662.96,726.1,82.79,78.79,214.67,129.07,136.62,2.92
3343.17,24.07,22.52,43.18,124.45,1651.76,726.74,85.89,77.88,214.63,129.19,136.39,3.31
3344.2,24.19,22.02,41.68,122.58,1659.98,725.67,86.89,78.38,214.63,129.23,136.12,3.31
3345.2,23.89,21.69,53.58,106.84,1671.92,726.1,89.04,78.71,214.61,129.26,136.89,3.31
3346.2,26.14,22.73,48.52,131.51,1665.95,725.88,91.9,77.67,214.58,129.3,136.63,2.92
3347.2,24.89,21.28,43.58,121.33,1665.2,725.45,82.84,79.12,214.55,129.42,136.4,3.31
3348.2,25.57,20.99,51.63,124.8,1662.96,724.37,84.54,79.41,214.19,129.49,136.17,3.31
3349.21,25.78,21.9,49.62,110.88,1660.72,725.67,87.84,78.5,213.91,129.61,136.9,2.92
3350.21,23.29,20.61,50.44,118.01,1663.71,723.51,87.94,79.79,213.92,129.68,136.67,3.31
3351.21,23.9,21.78,56.27,119.15,1661.47,725.02,86.99,78.62,213.71,129.76,136.48,2.92
3352.21,22.99,21.53,48.37,115.91,1659.98,724.59,88.19,78.87,213.81,129.8,136.29,2.54
3353.22,20.26,21.69,45.99,112.25,1658.48,725.88,88.94,78.71,213.09,129.87,136.02,2.54
3354.23,46.86,20.74,38.24,129.29,1754.8,735.35,93.7,79.66,212.29,128.5,136.5,2.54
3355.23,27.53,21.69,38.76,124.11,1753.31,737.93,93.55,78.71,212.6,128.73,136.35,2.54
3356.23,21.1,21.4,40.49,121.9,1751.81,738.8,94.05,79.0,212.48,128.96,136.12,2.54
3357.24,19.93,20.45,41.62,123.04,1752.56,737.72,93.7,79.95,212.54,129.23,137.93,2.16
3358.24,22.0,21.19,41.9,136.84,1744.35,736.21,93.15,79.21,212.74,129.53,137.74,2.54
3359.24,23.43,21.24,45.71,127.35,1746.59,734.05,94.5,79.16,213.38,129.8,137.55,2.16
3360.24,21.99,20.82,36.71,110.16,1738.37,733.84,93.55,79.58,212.99,129.99,137.43,2.16
3361.24,20.04,22.07,49.53,133.03,1732.4,729.74,93.8,78.33,213.2,130.18,138.28,2.16
3362.25,22.97,21.4,38.48,135.81,1742.11,728.88,93.4,79.0,213.16,130.29,138.17,2.54
3363.27,23.4,21.11,47.82,137.91,1722.7,725.65,92.1,79.29,213.33,130.48,138.09,2.54
3364.27,32.19,21.86,40.56,138.06,1742.11,725.0,86.49,78.54,213.25,130.52,138.05,2.54
3365.29,25.7,21.48,50.47,125.06,1737.63,730.39,86.44,78.92,213.09,130.6,139.05,2.16
3366.29,20.62,21.07,42.36,127.16,1738.37,730.17,89.89,79.33,213.24,130.64,138.01,2.54
3367.29,19.94,21.07,42.81,134.25,1726.43,726.94,91.95,79.33,213.02,130.75,139.97,2.16
3368.32,22.28,21.48,44.83,126.47,1730.16,725.22,91.95,78.92,213.28,130.83,139.97,2.16
3369.32,25.77,21.36,43.61,128.07,1728.67,728.02,91.04,79.04,213.21,130.79,139.97,2.16
3370.32,22.99,21.73,40.07,140.73,1737.63,726.29,90.29,78.67,213.38,130.86,139.97,2.16
3371.32,35.7,21.86,39.88,136.65,1735.39,726.08,89.99,78.54,213.17,130.86,139.97,2.54
3371.32,35.7,21.86,39.88,136.65,1735.39,726.08,89.99,78.54,213.17,130.86,139.97,2.54
3372.32,30.26,22.23,37.6,129.33,1735.39,726.94,90.09,78.17,213.31,130.94,139.01,2.54
3373.33,23.81,21.61,46.51,134.1,1725.68,726.73,90.14,78.79,213.15,130.98,139.05,2.16
3374.33,29.09,21.11,41.23,135.28,1742.11,723.71,81.79,79.29,213.19,131.02,139.09,2.16
3375.33,46.18,22.02,57.0,136.19,1734.64,725.65,80.59,78.38,213.22,131.09,139.13,2.16
3376.33,28.2,22.36,53.06,123.84,1721.95,726.73,83.39,78.04,213.07,131.09,139.13,2.16
3377.33,18.31,22.44,54.62,118.62,1712.24,727.37,89.69,77.96,213.31,131.13,140.2,2.16
3378.34,16.48,21.36,33.97,119.57,1708.51,725.22,83.09,79.04,213.53,131.17,140.24,1.78
3379.34,19.08,21.9,35.19,121.94,1717.47,726.29,87.34,78.5,213.48,131.21,140.28,2.16
3380.34,19.82,22.77,42.78,125.63,1721.95,727.16,88.64,77.63,213.43,131.28,140.36,1.78
3381.34,24.55,21.86,40.83,128.57,1733.15,726.08,87.79,78.54,213.51,131.36,140.39,2.16
3382.34,23.88,21.82,35.52,130.55,1736.13,727.37,87.79,78.58,213.67,131.4,140.47,2.16
3383.35,23.58,21.24,35.52,135.24,1736.88,727.37,86.99,79.16,213.64,131.44,140.55,2.54
3384.37,21.0,22.44,39.64,127.31,1732.4,726.08,85.04,77.96,213.98,131.55,140.62,2.54
3385.37,27.12,22.65,40.43,136.42,1740.61,723.28,83.44,77.75,213.85,131.59,140.7,2.54
3386.37,17.53,14.38,44.31,113.55,1712.8,731.47,86.69,86.02,213.3,130.9,140.93,2.16
3387.38,20.25,14.01,45.68,122.51,1706.6,734.48,87.39,86.39,212.95,131.09,140.85,2.54
3388.38,16.95,14.72,46.2,112.98,1708.85,730.82,79.49,85.68,212.9,131.32,140.78,2.54
3389.38,17.61,14.8,42.14,116.33,1716.34,730.39,83.24,85.6,213.2,131.59,140.74,2.92
3390.38,20.38,14.42,41.23,125.44,1726.08,728.45,85.64,85.98,213.3,131.78,140.74,2.92
3391.39,17.02,14.26,40.8,118.35,1715.59,727.37,86.84,86.14,213.17,131.93,140.74,2.92
3392.39,17.87,15.13,45.71,118.47,1718.59,726.73,89.04,85.27,212.87,131.89,140.78,2.92
3393.39,16.87,14.84,46.17,101.58,1714.84,726.73,87.74,85.56,212.5,132.01,140.93,2.92
3394.39,19.4,14.76,40.74,115.07,1710.35,725.43,90.84,85.64,212.43,132.05,140.04,3.31
3395.4,16.11,15.26,44.25,119.57,1715.59,726.08,87.69,85.14,212.41,132.31,140.19,3.31
3396.4,15.89,14.38,43.06,108.25,1716.34,727.16,91.34,86.02,212.79,132.85,140.35,2.92
3397.42,19.46,15.26,42.87,110.42,1723.08,728.66,89.94,85.14,212.69,133.19,140.39,2.92
3398.42,11.79,14.88,44.43,100.47,1717.09,730.17,88.84,85.52,212.86,133.0,140.65,3.69
3399.43,15.83,16.5,47.85,104.86,1728.32,729.1,92.6,83.9,213.1,132.85,140.77,4.45
3400.43,15.23,16.63,43.85,114.96,1729.82,732.54,91.85,83.77,213.34,132.96,140.71,5.21
3401.43,14.96,17.75,43.91,110.73,1726.08,732.98,85.34,82.65,213.38,133.27,140.86,5.21
3402.43,12.76,17.04,45.19,110.99,1727.58,734.27,88.99,83.36,213.92,133.65,140.02,5.97
3403.44,13.82,16.63,45.71,103.98,1729.07,735.99,90.04,83.77,214.07,133.84,140.13,5.59
3404.44,15.9,16.71,44.67,100.74,1737.31,735.78,92.15,83.69,214.68,134.03,140.17,5.59
3405.44,14.27,17.21,46.99,101.01,1730.57,737.07,85.14,83.19,215.33,134.03,140.28,5.59
3406.44,16.49,17.58,41.47,116.87,1739.56,734.27,92.5,82.82,215.77,134.07,140.32,5.97
3407.45,16.56,16.54,43.67,100.55,1729.07,735.78,91.19,83.86,216.05,134.22,140.25,5.59
3408.45,15.23,16.54,42.08,117.28,1730.57,736.21,86.14,83.86,216.22,134.37,140.09,5.97
3409.45,13.32,16.42,43.3,105.58,1726.83,734.92,92.35,83.98,216.61,134.56,140.94,5.97
3410.46,16.64,16.33,32.59,106.5,1726.83,734.05,84.34,84.07,216.97,134.72,140.86,5.97
3411.46,17.17,16.25,37.96,103.9,1726.08,733.62,90.04,84.15,217.59,134.87,140.6,5.97
3412.46,15.7,16.13,32.47,117.32,1731.32,732.33,89.49,84.27,218.04,135.02,140.41,5.97
3413.46,20.49,17.46,39.88,118.16,1731.32,732.98,91.9,82.94,218.06,135.21,140.29,5.59
3414.47,15.43,16.75,42.87,124.83,1720.08,730.17,89.89,83.65,218.15,135.36,140.22,5.59
3415.47,16.56,16.75,42.57,112.29,1728.32,733.62,91.29,83.65,218.93,135.59,140.22,5.59
3416.47,16.04,16.04,48.06,112.33,1725.33,733.41,83.44,84.36,219.58,135.78,140.1,5.59
3417.47,16.48,16.42,30.98,137.64,1717.84,731.47,89.44,83.98,219.92,135.97,140.03,5.59
3418.48,30.59,19.2,42.94,163.0,1745.55,730.39,93.5,81.2,219.37,134.64,140.19,5.59
3419.49,22.71,18.25,40.71,158.38,1739.56,730.82,92.8,82.15,219.36,134.72,140.11,5.59
3420.49,15.69,19.41,47.6,176.38,1732.07,734.48,82.99,80.99,219.53,134.79,140.92,5.97
3421.49,18.23,18.66,40.74,168.87,1741.06,731.25,88.39,81.74,219.43,135.1,140.77,5.97
3422.49,26.54,18.62,39.88,166.69,1744.8,728.88,83.64,81.78,220.69,135.25,140.65,5.97
3423.5,34.68,18.49,41.81,175.65,1749.3,733.93,91.54,81.91,220.98,135.29,140.54,6.36
3424.5,22.97,19.16,42.9,148.17,1735.07,727.59,84.59,81.24,221.33,135.29,140.42,5.59
3425.5,16.86,19.24,43.03,164.22,1730.57,729.53,87.69,81.16,221.15,135.25,140.31,5.97
3426.5,14.74,19.16,43.15,172.45,1728.32,728.88,85.59,81.24,221.07,135.33,140.16,5.97
3427.51,16.04,19.45,46.2,163.87,1720.83,730.39,87.04,80.95,221.1,135.4,140.97,5.97
3428.51,19.93,18.79,43.09,161.47,1728.32,728.88,86.24,81.61,221.04,135.63,140.97,5.59
3429.51,18.32,19.53,44.74,165.17,1723.08,729.31,83.99,80.87,221.04,135.86,140.89,5.97
3430.51,15.1,18.62,45.86,163.19,1713.34,729.1,85.84,81.78,220.73,136.05,140.81,5.97
3431.51,17.95,18.99,40.71,159.87,1724.58,725.86,86.69,81.41,220.61,136.16,140.74,5.97
3432.52,21.74,18.0,38.88,164.22,1734.89,726.51,86.74,82.4,220.22,136.39,140.66,5.59
3433.52,18.79,19.28,41.07,169.94,1719.13,728.45,87.74,81.12,219.81,136.58,140.66,5.97
3434.52,16.79,17.79,41.35,168.98,1714.63,726.73,82.39,82.61,219.38,136.77,140.59,5.59
3435.53,19.0,19.82,44.13,154.84,1716.13,727.59,86.24,80.58,219.36,136.93,140.59,5.59
3436.53,14.68,19.32,37.35,155.52,1722.89,726.94,86.69,81.08,219.19,136.93,140.59,5.59
3437.53,17.35,18.62,35.37,166.58,1725.14,724.79,91.75,81.78,218.85,136.85,140.59,5.59
3438.53,23.14,18.45,39.85,161.32,1736.39,726.51,84.24,81.95,218.56,136.81,140.55,5.97
3439.54,18.42,19.08,35.86,158.31,1723.64,725.43,89.04,81.32,217.84,136.85,140.51,5.59
3440.54,20.54,19.86,29.91,158.08,1738.64,723.71,90.89,80.54,217.47,136.85,140.47,5.59
3441.54,22.15,19.28,39.12,158.84,1732.64,725.0,91.95,81.12,217.66,136.77,140.43,5.59
3442.54,23.13,18.58,40.13,165.36,1731.14,724.57,87.09,81.82,217.74,136.81,140.43,5.59
3443.55,20.16,18.91,38.15,155.3,1728.14,723.92,86.64,81.49,217.99,136.77,140.39,5.59
3444.55,24.37,18.83,44.03,170.05,1702.63,736.42,90.54,81.57,217.83,136.85,140.39,5.59
3445.55,23.9,19.49,43.79,142.49,1663.61,736.21,93.85,80.91,217.45,136.89,140.36,5.21
3446.55,13.27,19.45,33.78,159.87,1687.62,736.42,86.09,80.95,221.67,136.39,140.28,5.59
3447.56,14.33,19.08,45.77,149.61,1707.13,730.6,89.44,81.32,223.64,135.4,140.2,5.21
3448.56,14.79,19.99,37.93,164.67,1722.14,727.37,85.39,80.41,222.1,135.9,140.13,5.59
3449.6,14.0,20.0,0.0,82.97,1720.77,300.18,1.54,107.32,222.26,131.36,140.8,3.69
3450.83,14.03,18.0,0.0,82.97,1713.03,302.12,1.54,105.62,222.22,131.36,140.84,4.07
3452.02,22.55,20.0,0.0,85.11,1715.29,303.19,1.49,102.21,222.17,131.36,140.84,3.69
3453.11,21.56,17.0,36.59,91.32,1704.85,673.92,83.69,105.08,215.63,131.17,140.73,5.21
3454.13,21.55,21.8,36.5,89.61,1708.09,672.63,84.19,98.6,215.05,131.17,140.76,4.83
3455.15,21.77,20.0,43.61,92.62,1711.9,675.86,85.44,101.09,214.68,131.17,140.73,4.83
3456.16,17.07,19.83,44.16,99.56,1718.9,676.07,88.34,96.57,214.57,131.13,140.73,4.83
3457.16,21.71,18.54,60.66,161.51,1694.88,721.34,88.89,81.86,213.68,130.52,140.61,5.59
3458.18,26.93,20.36,51.91,185.53,1699.13,714.44,86.99,80.04,211.05,134.14,140.9,5.97
3459.18,20.98,20.11,45.38,165.86,1697.63,712.5,86.49,80.29,211.04,134.07,140.82,5.59
3460.19,16.87,20.45,48.76,169.63,1692.36,713.36,87.44,79.95,211.07,134.11,140.71,5.59
3461.19,15.69,20.65,51.78,170.74,1684.83,715.73,80.79,79.75,211.48,133.99,140.63,5.97
3462.19,11.14,21.57,62.07,161.74,1677.3,715.09,91.04,78.83,212.55,133.99,140.44,5.97
3463.19,13.32,21.94,47.97,155.52,1679.56,712.93,81.59,78.46,212.88,133.99,140.36,6.36
3464.2,12.76,21.69,51.63,168.94,1686.34,713.79,82.74,78.71,213.09,133.95,140.29,6.36
3465.2,15.3,19.41,52.82,169.55,1685.58,712.28,83.39,80.99,213.13,133.88,140.17,6.36
3466.2,19.72,20.45,47.88,176.04,1689.35,713.36,84.34,79.95,213.65,133.84,140.1,6.36
3467.21,16.11,21.44,48.12,168.14,1663.75,717.03,82.99,78.96,214.98,133.72,140.02,6.36
3468.21,12.89,19.95,55.08,167.91,1633.64,723.71,84.24,80.45,215.8,133.34,140.94,6.74
3469.21,14.32,20.7,50.81,175.54,1627.62,728.45,82.99,79.7,216.72,133.08,140.87,6.36
3470.21,12.07,21.57,47.39,164.83,1614.07,728.88,85.34,78.83,218.69,132.89,140.75,6.36
3471.22,12.85,20.65,50.23,156.71,1644.93,722.85,84.54,79.75,219.45,132.92,140.71,6.74
3472.22,11.5,23.44,52.82,169.59,1657.73,723.71,84.79,76.96,220.48,132.89,140.6,6.74
3473.22,11.0,20.94,55.32,159.64,1662.25,722.63,85.89,79.46,222.16,133.0,140.52,7.12
3474.22,11.79,22.27,49.92,160.94,1660.74,723.06,84.74,78.13,223.7,133.27,140.45,6.74
3475.23,15.11,21.69,52.27,151.86,1654.72,724.57,85.29,78.71,225.26,133.34,140.37,6.74
3476.23,15.97,22.65,50.72,158.54,1655.47,724.79,83.79,77.75,226.42,133.23,140.29,6.74
3477.23,15.56,21.98,60.94,175.43,1659.24,723.92,83.24,78.42,227.86,133.27,140.22,7.12
3478.24,12.45,22.02,53.03,159.98,1653.21,725.65,84.39,78.38,229.17,133.46,140.14,7.12
3479.24,11.61,20.78,52.82,166.5,1597.51,736.21,85.14,79.62,230.78,133.53,140.07,7.12
3480.24,13.52,22.19,55.2,165.82,1618.59,732.54,84.34,78.21,232.8,133.65,140.03,7.12
3481.26,10.37,22.61,41.26,157.28,1609.56,720.69,83.39,77.79,224.8,133.46,140.68,7.12
3482.26,11.91,24.52,52.15,160.71,1609.56,718.1,83.74,75.88,226.64,133.42,140.68,7.12
3483.26,11.01,21.11,63.41,165.63,1599.02,716.59,83.64,79.29,228.13,133.34,140.65,7.12
3484.27,10.97,21.03,66.09,150.72,1607.3,717.67,82.54,79.37,228.33,133.65,140.65,7.12
3485.27,11.01,22.4,56.82,164.98,1597.51,713.58,82.49,78.0,228.34,133.84,140.61,7.12
3486.27,11.6,22.61,61.27,160.29,1611.06,717.03,82.69,77.79,228.77,133.84,140.61,7.5
3487.27,11.39,22.4,58.37,164.67,1614.83,715.95,81.39,78.0,228.3,133.88,140.61,7.88
3488.28,12.2,23.23,58.37,176.76,1610.31,715.3,81.59,77.17,228.28,133.69,140.65,7.88
3489.28,13.18,21.9,58.37,163.91,1630.63,717.67,81.24,78.5,227.78,133.57,140.61,7.88
3490.28,16.28,25.68,58.83,158.12,1625.36,718.53,80.29,74.72,227.87,133.5,140.61,8.26
3491.29,14.56,26.63,46.35,160.02,1641.92,0.0,82.29,73.77,227.68,133.5,140.57,7.88
3492.29,17.42,26.72,47.48,164.79,1632.14,686.85,82.14,73.68,227.45,133.5,140.57,8.26
3493.29,13.6,27.26,44.71,128.61,1634.4,717.46,81.99,73.14,227.16,133.5,140.57,7.88
3494.29,15.11,27.67,50.11,125.6,1648.7,719.18,87.44,72.73,227.0,133.53,140.49,8.26
3495.3,17.1,27.38,46.99,125.48,1649.45,718.53,87.59,73.02,227.01,133.53,140.49,7.5
3496.3,15.1,27.88,46.35,135.28,1644.18,715.95,89.69,72.52,227.41,133.57,140.46,8.26
3497.3,16.78,28.17,46.26,132.04,1647.19,715.73,90.24,72.23,227.35,133.57,140.42,8.26
3498.3,17.86,28.79,51.6,128.19,1656.23,717.24,82.09,71.61,227.41,133.53,140.38,8.26
3499.3,16.4,28.21,42.75,135.24,1662.25,719.18,88.04,72.19,227.47,133.57,140.3,7.88
3500.31,19.95,26.84,38.91,126.78,1658.48,719.4,87.14,73.56,227.3,133.69,140.27,8.26
3501.31,16.56,27.34,43.58,123.0,1659.99,719.4,87.39,73.06,227.33,133.84,140.23,8.64
3502.31,20.99,27.22,35.77,132.12,1680.31,718.1,89.59,73.18,227.34,133.99,140.19,8.26
3503.32,37.19,27.17,37.96,125.52,1691.6,717.46,89.29,73.23,226.98,134.11,140.11,8.64
3504.32,19.5,27.55,44.4,123.38,1672.79,722.63,94.05,72.85,226.88,134.3,140.11,8.26
3505.32,14.61,27.59,47.97,130.17,1667.52,721.12,91.9,72.81,227.03,134.52,140.0,8.64
3506.32,14.27,27.96,42.84,135.39,1669.78,721.55,92.6,72.44,226.57,134.72,140.92,8.64
3507.33,14.78,27.76,51.02,131.92,1664.51,720.91,90.59,72.64,226.44,134.91,140.85,8.64
3508.33,16.86,27.46,48.79,127.39,1666.76,721.77,92.15,72.94,226.49,134.94,140.81,8.64
3509.33,15.29,27.96,38.91,140.16,1666.01,720.91,88.64,72.44,226.45,134.94,140.9,8.26
3510.35,17.41,29.71,42.48,138.22,1522.99,712.96,85.29,70.69,226.28,134.14,140.32,7.88
3511.35,19.54,28.38,43.0,135.2,1481.59,709.08,85.39,72.02,226.5,134.3,140.32,8.26
3512.35,15.61,28.0,44.0,141.42,1457.5,710.59,86.29,72.4,226.52,134.41,140.12,8.26
3513.35,16.2,29.67,41.14,145.04,1489.12,710.59,86.34,70.73,226.62,134.52,140.42,7.88
3514.35,24.51,25.6,38.39,137.57,1785.7,719.61,92.25,74.8,226.02,134.22,140.0,8.26
3515.35,24.88,26.68,44.58,142.87,1801.5,720.47,91.8,73.72,226.54,134.26,140.23,8.26
3516.36,15.89,27.92,57.76,139.51,1799.25,721.12,92.45,72.48,226.43,134.37,140.49,8.64
3517.36,14.92,27.71,49.86,130.29,1790.21,720.26,90.29,72.69,226.66,134.45,140.57,8.26
3518.36,16.18,27.17,53.19,142.45,1762.36,725.0,92.55,73.23,226.41,134.56,140.69,8.26
3519.36,14.68,27.38,54.9,155.71,1754.08,723.28,91.54,73.02,226.38,134.64,140.76,8.64
3520.37,18.33,27.51,56.79,148.78,1756.34,720.47,89.99,72.89,226.3,134.72,140.84,8.64
3521.39,19.36,28.67,56.85,145.84,1749.57,722.63,91.39,71.73,226.32,134.72,140.8,8.26
3522.39,18.63,28.5,56.18,142.83,1748.81,721.77,91.95,71.9,226.18,134.75,140.84,8.26
3523.39,18.46,27.67,56.48,124.99,1750.32,723.71,91.24,72.73,226.21,134.83,140.99,8.26
3524.4,20.86,28.3,61.76,132.65,1747.31,723.28,92.5,72.1,226.16,134.91,141.03,8.26
3525.4,19.83,27.63,54.93,153.27,1752.58,722.2,90.99,72.77,226.2,134.98,141.1,9.03
3526.4,29.99,27.05,52.76,133.87,1761.61,719.61,92.25,73.35,226.0,135.06,141.14,8.64
3527.4,31.91,27.88,58.95,137.53,1757.85,722.41,84.99,72.52,226.08,135.1,141.22,8.64
3528.4,23.29,27.71,52.82,146.83,1715.69,726.94,89.04,72.69,226.11,135.17,141.26,8.64
3529.41,22.99,27.92,43.52,140.05,1752.58,722.41,91.95,72.48,226.13,135.25,141.37,8.64
3530.41,23.9,27.92,47.42,130.55,1754.08,722.63,83.24,72.48,225.85,135.36,141.41,8.64
3531.41,21.74,27.76,47.7,139.55,1757.09,723.06,90.49,72.64,226.04,135.44,141.49,9.03
3532.41,22.0,28.46,53.28,139.97,1749.57,723.28,89.44,71.94,225.74,135.52,141.56,8.64
3533.42,20.99,27.8,49.95,133.26,1754.83,723.49,89.19,72.6,225.72,135.63,141.64,9.03
3534.42,25.22,27.42,42.33,140.73,1764.62,720.26,93.65,72.98,225.75,135.78,141.68,9.03
3535.42,23.14,28.09,47.18,130.86,1744.3,723.28,84.29,72.31,225.31,135.86,141.75,9.03
3536.42,19.6,27.59,45.77,122.74,1739.78,724.79,91.14,72.81,225.68,135.59,141.83,8.64
3537.43,15.52,28.59,44.16,142.45,1743.54,724.79,91.09,71.81,225.4,135.82,141.91,9.03
3538.43,14.1,28.34,45.44,148.47,1745.05,724.14,83.84,72.06,225.14,135.97,141.98,9.41
3544.0,14.1,27.01,42.2,142.64,1750.32,724.35,84.99,73.39,225.07,136.09,142.06,9.41
3545.0,23.24,27.63,44.8,133.14,1773.65,725.65,90.64,72.77,223.83,134.83,141.07,9.03
3546.0,13.93,27.76,52.42,136.58,1774.41,723.06,92.9,72.64,224.08,135.1,141.45,9.41
3547.02,15.0,28.34,49.92,129.52,1764.62,723.06,93.4,72.06,224.12,135.29,141.83,9.03
3548.03,14.05,28.38,49.43,154.95,1769.89,721.77,91.14,72.02,223.99,135.48,141.94,9.41
3549.05,12.18,28.63,41.68,138.71,1749.57,723.71,92.65,71.77,224.32,135.67,141.71,9.41
3550.07,13.78,28.83,50.2,140.05,1755.59,722.41,89.09,71.57,224.24,135.78,141.79,9.41
3551.07,12.57,28.17,53.77,125.14,1748.06,724.35,89.54,72.23,224.23,135.86,141.87,9.03
3552.08,11.64,27.88,47.08,115.53,1750.32,724.57,87.99,72.52,224.11,135.97,141.91,9.03
3553.08,14.55,27.51,37.99,132.99,1756.34,723.28,89.74,72.89,224.09,135.97,141.98,9.79
3554.08,14.42,28.67,49.74,133.03,1752.58,725.43,89.84,71.73,223.82,136.05,142.1,9.41
3555.08,12.36,28.21,48.88,139.63,1758.6,722.63,89.59,72.19,224.0,136.16,142.17,9.79
3556.1,12.06,29.17,50.9,142.45,1755.59,725.0,90.84,71.23,223.65,136.28,142.21,9.79
3557.11,12.58,28.38,47.94,141.23,1758.6,724.57,86.64,72.02,223.75,136.43,142.29,9.79
3558.11,12.84,28.46,44.03,133.75,1755.59,725.22,88.59,71.94,223.75,136.58,142.59,9.41
3559.13,14.78,28.25,34.48,138.9,1784.19,718.97,85.49,72.15,223.77,136.74,142.55,9.79
3560.13,18.6,28.3,37.63,136.31,1784.94,718.1,85.59,72.1,223.52,136.85,142.59,9.79
3561.14,20.15,28.5,45.35,144.09,1772.15,719.4,86.04,71.9,223.8,136.96,142.63,9.41
3562.14,20.97,28.63,41.96,140.81,1776.66,718.97,87.69,71.77,223.63,136.96,142.71,9.41
3563.14,18.6,28.25,37.6,141.34,1769.89,719.4,86.94,72.15,223.85,137.04,142.78,9.41
3564.14,22.83,27.42,41.84,146.76,1780.43,717.46,86.89,72.98,223.87,137.04,142.82,9.41
3565.14,35.33,27.42,34.85,153.2,1802.26,713.58,87.24,72.98,223.9,137.04,142.86,9.79
3566.16,37.9,28.5,43.06,138.48,1791.72,714.87,87.04,71.9,223.74,137.04,142.9,9.79
3567.17,28.19,27.38,39.4,135.47,1787.2,715.52,87.84,73.02,223.71,137.04,142.9,9.41
3568.17,25.05,27.63,41.96,150.49,1785.7,716.16,87.54,72.77,223.6,137.0,142.97,9.79
3569.17,18.14,28.54,47.57,147.63,1763.87,720.26,88.59,71.86,223.5,137.08,142.97,9.41
3570.17,16.38,28.46,39.76,137.83,1766.88,720.04,88.04,71.94,223.22,137.16,143.05,9.79
3571.18,17.59,27.76,44.55,139.28,1766.13,720.47,87.74,72.64,223.23,137.23,143.09,9.41
3572.2,15.01,29.67,39.55,133.79,1764.62,721.34,88.04,70.73,222.99,136.85,143.2,9.41
3573.2,12.67,27.92,32.47,135.7,1764.62,721.77,87.79,72.48,222.57,137.23,143.24,9.41
3574.2,14.16,27.84,28.84,129.94,1772.15,721.12,87.99,72.56,222.09,137.42,143.28,9.41
3575.2,17.43,28.17,33.36,126.97,1766.88,721.34,86.59,72.23,222.03,137.46,143.32,9.03
3576.21,15.56,28.63,33.08,132.27,1762.36,722.2,85.84,71.77,222.09,137.42,143.35,9.03
3577.21,14.37,28.59,35.31,132.76,1766.88,721.34,87.09,71.81,222.21,137.42,143.35,9.03
3578.23,27.1,27.63,53.0,152.51,1409.33,728.25,77.59,72.77,222.85,135.59,142.1,9.03
3579.23,27.95,27.76,44.86,163.26,1405.56,731.27,74.18,72.64,223.84,135.63,141.91,9.79
3580.23,15.61,28.42,51.97,158.35,1344.59,739.66,73.93,71.98,223.57,135.63,141.83,9.41
3581.24,13.67,27.8,56.45,153.08,1324.27,746.13,74.98,72.6,223.87,135.59,141.71,9.41
3582.24,12.21,28.88,57.52,151.71,1357.39,740.53,77.84,71.52,224.02,135.44,141.6,9.41
3583.24,14.73,28.71,56.33,150.72,1319.0,735.36,74.48,71.69,224.9,135.25,141.49,9.41
3584.24,15.33,28.59,58.56,150.0,1332.55,733.63,77.59,71.81,225.7,134.87,141.45,9.41
3585.24,18.89,27.8,59.2,143.48,1340.83,734.5,77.09,72.6,225.79,134.64,141.33,9.03
3586.25,21.35,28.42,52.73,143.82,1424.38,630.9,80.94,71.98,225.65,134.56,141.22,9.03
3587.25,18.41,27.67,47.54,163.87,1427.39,631.55,81.29,72.73,225.88,134.49,141.14,9.41
3588.25,20.05,28.34,46.75,158.57,1431.16,630.69,80.24,72.06,226.24,134.41,141.07,9.41
3589.25,24.71,27.46,46.78,156.36,1429.65,627.24,80.24,72.94,226.53,134.41,141.1,9.41
3590.26,26.73,28.63,37.57,163.72,1434.17,627.46,79.94,71.77,226.62,134.45,141.1,9.41
3591.26,24.89,28.67,37.47,157.35,1434.17,627.46,80.44,71.73,226.78,134.41,141.07,9.41
3592.26,20.75,28.42,46.17,146.26,1431.16,630.69,79.79,71.98,227.15,134.45,141.07,9.03
3593.26,18.79,28.46,58.5,155.75,1423.63,633.06,84.24,71.94,227.34,134.41,141.03,9.41
3594.27,15.63,28.13,55.47,146.53,1411.59,632.63,74.73,72.27,227.57,134.45,140.95,9.41
3595.27,14.04,27.71,50.96,134.44,1419.11,633.27,80.49,72.69,227.57,134.37,140.88,9.03
3596.27,16.62,26.92,49.01,147.33,1790.97,724.8,86.29,73.48,227.01,134.33,140.88,9.41
3597.27,22.39,28.92,53.67,131.62,1754.83,725.23,83.14,71.48,226.98,134.49,140.95,9.03
3598.28,19.84,28.63,60.54,150.07,1751.07,726.1,89.74,71.77,226.84,134.64,141.03,9.41
3599.28,22.41,27.55,53.86,146.87,1769.14,722.65,91.24,72.85,226.94,134.87,141.03,9.41
3600.28,27.13,27.26,50.68,142.56,1771.4,726.1,86.64,73.14,226.79,135.06,141.1,9.41
3601.28,28.87,27.22,46.05,145.15,1788.71,721.79,81.24,73.18,226.69,135.17,141.14,9.41
3602.28,20.16,29.67,49.28,146.98,1769.14,724.59,89.69,70.73,226.53,135.36,141.26,9.41
3603.29,18.32,27.63,56.73,149.23,1757.09,720.28,81.84,72.77,226.6,135.55,141.3,9.79
3604.29,18.61,28.09,58.74,150.42,1756.34,721.79,89.24,72.31,226.32,135.71,141.37,9.41
3605.29,17.87,28.13,58.46,141.34,1760.1,723.51,90.09,72.27,226.18,135.86,141.49,9.79
3607.0,18.0,25.0,0.0,63.6,1751.38,0.0,0.69,107.94,231.73,135.82,139.12,7.88
3608.02,11.44,23.23,28.47,135.89,1757.85,722.0,89.79,77.17,224.4,135.33,141.22,9.79
3609.02,15.77,21.69,50.23,155.98,1761.61,724.37,91.34,78.71,224.32,135.48,141.52,9.79
3610.02,14.21,22.81,51.57,156.97,1768.38,725.88,87.24,77.59,224.57,135.86,141.83,9.79
3611.02,12.15,23.6,53.22,156.9,1770.64,727.39,93.0,76.8,224.3,136.28,142.06,9.79
3612.03,10.52,23.31,56.21,157.28,1751.07,725.23,86.69,77.09,224.77,136.47,142.13,10.17
3612.03,10.52,23.31,56.21,157.28,1751.07,725.23,86.69,77.09,224.77,136.47,142.13,10.17
3613.03,14.01,23.89,51.51,167.34,1769.14,724.59,89.14,76.51,224.03,136.62,142.25,9.79
3614.03,17.39,25.22,54.56,160.79,1757.85,725.23,90.64,75.18,223.78,136.81,142.36,9.41
3615.03,14.1,24.85,55.41,155.22,1764.62,725.45,91.44,75.55,222.95,136.96,142.44,9.41
3616.04,14.25,24.35,56.12,164.94,1761.61,725.88,85.54,76.05,222.79,137.12,142.59,9.03
3617.04,14.84,24.77,53.64,162.92,1779.68,731.48,88.19,75.63,222.61,137.23,142.74,9.41
3618.04,15.42,24.89,53.28,162.08,1771.4,728.25,91.19,75.51,222.23,137.38,142.9,9.03
3619.05,13.72,25.68,51.36,155.41,1766.13,728.9,88.44,74.72,221.64,137.5,143.01,9.03
3620.05,13.08,23.56,50.32,168.83,1776.66,730.62,85.74,76.84,221.35,137.57,143.09,9.03
3621.05,14.67,26.05,49.77,169.44,1787.2,728.68,88.39,74.35,221.14,137.5,143.2,8.64
3622.05,16.12,24.23,51.66,164.98,1783.44,729.54,90.89,76.17,221.11,137.61,143.32,8.64
3623.06,11.49,24.77,53.13,165.4,1770.64,728.68,93.25,75.63,220.99,137.77,143.47,8.26
3624.06,13.62,24.64,47.02,160.33,1754.83,732.13,91.6,75.76,220.23,137.92,143.54,8.26
3625.06,11.76,25.31,55.35,151.1,1736.77,739.02,91.29,75.09,219.65,138.03,143.66,7.88
3626.06,14.5,25.8,51.45,147.06,1726.23,736.86,88.44,74.6,218.36,138.11,143.81,7.88
3627.07,13.03,25.26,54.32,156.59,1743.54,730.83,91.09,75.14,217.15,138.11,143.85,7.88
3628.07,14.05,25.55,47.42,162.62,1769.89,729.54,90.14,74.85,215.58,138.18,143.93,7.88
3629.07,12.7,24.93,45.38,164.45,1781.18,729.11,88.44,75.47,215.04,138.3,144.04,7.5
3630.07,12.42,26.34,45.01,175.81,1771.4,726.53,87.14,74.06,214.42,138.3,143.96,7.88
3631.08,13.32,25.84,50.78,162.42,1769.89,725.67,88.24,74.56,213.55,138.3,143.93,7.5
3632.08,14.44,25.8,51.91,172.26,1781.93,726.31,87.94,74.6,213.01,138.15,143.89,7.12
3633.08,16.33,25.51,51.54,180.72,1778.17,724.59,89.29,74.89,212.34,138.15,143.89,7.5
3634.08,13.93,24.72,61.73,180.15,1771.4,725.67,89.29,75.68,211.91,138.11,143.89,7.12
3635.11,13.87,26.26,50.93,172.49,1769.89,721.57,92.0,74.14,211.21,138.11,143.96,6.74
3636.11,18.88,24.06,54.01,159.49,1773.65,723.51,83.04,76.34,211.12,138.11,143.96,6.36
3637.11,14.05,25.35,49.56,159.34,1761.61,721.79,83.14,75.05,210.77,138.15,144.04,5.97
3638.11,13.88,26.34,44.61,159.98,1770.64,721.14,82.29,74.06,210.44,138.15,144.04,7.12
3639.11,12.31,26.38,46.78,156.02,1754.83,719.42,82.14,74.02,209.73,138.07,144.08,7.12
3640.12,12.62,24.68,36.96,153.31,1753.33,719.42,88.09,75.72,209.24,138.03,144.04,6.74
3641.13,12.52,22.19,49.28,164.14,1854.19,744.4,86.54,78.21,213.27,135.44,143.62,6.74
3642.14,11.11,22.44,50.78,153.54,1842.12,743.76,87.84,77.96,213.82,135.9,143.35,6.74
3643.14,11.52,23.81,48.76,158.12,1844.38,740.53,87.44,76.59,213.53,136.39,143.13,6.74
3644.14,12.8,21.28,46.9,154.91,1829.31,739.66,86.74,79.12,213.07,136.7,143.09,6.36
3645.14,13.71,22.48,47.79,143.36,1833.83,737.08,86.74,77.92,212.75,136.89,143.05,6.36
3646.14,11.75,23.81,51.17,136.73,1833.08,738.59,86.24,76.59,211.95,137.08,142.93,5.97
3647.15,11.54,23.6,55.72,166.58,1838.35,737.3,91.75,76.8,211.44,137.12,143.01,6.74
3648.15,12.77,23.19,51.91,146.6,1826.29,737.08,89.89,77.21,211.33,137.04,143.01,6.36
3649.15,12.52,22.9,48.55,158.46,1840.61,738.8,85.24,77.5,210.86,137.0,143.05,6.36
3650.15,12.56,21.9,51.54,157.74,1851.92,739.45,85.64,78.5,210.19,137.04,143.09,5.97
3651.15,10.96,23.1,45.38,149.81,1845.14,737.3,88.09,77.3,209.54,137.04,143.13,5.59
3652.16,10.14,23.6,47.57,158.35,1839.86,736.0,87.14,76.8,209.1,137.04,143.2,5.59
3653.16,12.49,22.48,47.85,149.69,1838.35,737.08,85.44,77.92,208.71,137.08,143.16,5.21
3654.16,18.5,22.15,55.11,146.87,1843.63,734.71,83.49,78.25,208.42,137.08,143.2,5.21
3655.16,18.42,22.23,48.61,151.48,1844.38,733.42,79.29,78.17,207.84,137.12,143.28,5.21
3656.17,14.91,21.73,49.28,161.13,1846.65,734.93,87.74,78.67,207.64,137.12,143.24,5.21
3657.17,17.61,21.78,46.54,148.32,1843.63,733.2,89.74,78.62,207.52,137.19,143.28,5.21
3658.17,18.71,23.64,51.39,153.24,1851.92,734.71,90.14,76.76,207.14,137.19,143.28,5.59
3659.17,15.29,23.35,51.66,165.44,1845.14,736.65,86.09,77.05,206.88,137.27,143.28,5.21
3660.18,12.15,22.9,50.2,161.78,1852.68,736.86,83.19,77.5,206.54,137.16,143.24,5.21
3661.18,13.03,23.27,53.49,158.23,1840.61,733.85,83.54,77.13,205.93,137.16,143.2,5.21
3662.18,14.8,21.94,49.53,158.12,1858.71,737.3,84.39,78.46,205.38,137.16,143.24,5.21
3663.19,13.67,22.4,49.19,155.26,1842.12,734.93,85.14,78.0,205.07,137.04,143.32,4.83
3664.19,11.61,23.1,51.02,155.75,1848.91,735.36,87.09,77.3,204.2,136.96,143.28,4.83
3665.19,13.32,23.44,47.18,165.17,1843.63,732.56,89.79,76.96,203.99,137.0,143.24,4.83
3666.19,20.17,21.86,49.98,163.53,1860.22,731.7,83.29,78.54,203.56,137.04,143.28,4.45
3667.2,17.96,22.73,46.84,164.98,1860.22,733.42,84.94,77.67,203.42,137.12,143.32,5.21
3668.2,19.38,23.15,49.65,170.66,1860.22,732.13,85.69,77.25,203.16,137.19,143.28,4.83
3669.2,25.77,22.48,46.47,165.02,1860.22,733.63,84.24,77.92,203.0,137.19,143.32,4.83
3670.2,25.23,21.98,52.49,167.46,1870.02,733.42,84.99,78.42,202.86,137.19,143.32,4.83
3671.2,35.65,21.61,49.37,167.08,1885.88,731.05,85.69,78.79,203.02,137.16,143.32,4.45
3672.22,11.2,21.28,44.4,158.46,1817.16,729.76,91.9,79.12,207.52,135.29,142.59,4.07
3673.22,11.71,19.66,49.83,159.34,1811.12,727.39,91.95,80.74,206.92,135.78,142.86,4.07
3674.24,15.62,19.28,46.29,115.61,1811.88,722.41,88.24,81.12,205.28,135.29,141.68,3.31
3675.24,12.67,19.91,45.19,161.51,1873.8,727.8,91.85,80.49,204.73,135.44,141.75,3.31
3676.24,12.97,20.28,50.5,149.42,1860.21,724.57,89.29,80.12,203.97,135.63,141.91,3.31
3677.24,18.88,19.95,47.36,168.56,1869.27,721.34,83.89,80.45,203.62,135.78,141.91,3.69
3678.25,16.94,19.91,49.37,166.01,1845.1,721.12,85.04,80.49,203.31,136.05,141.79,3.69
3679.27,12.35,21.32,52.79,154.88,1836.8,721.12,90.79,79.08,203.31,136.16,141.75,3.31
3680.27,13.66,20.94,52.42,157.93,1827.73,719.18,80.89,79.46,202.46,136.28,141.87,3.31
3681.29,12.41,20.53,55.47,159.98,1872.29,730.39,90.89,79.87,202.11,136.28,141.94,3.31
3682.29,11.39,20.78,50.96,159.41,1864.74,728.66,91.85,79.62,201.62,136.43,142.02,3.31
3683.3,11.1,22.11,42.81,162.65,1877.58,729.1,93.75,78.29,201.39,136.58,142.06,2.92
3684.3,11.68,20.99,45.16,164.6,1881.35,729.53,93.75,79.41,201.36,136.51,142.17,3.31
3685.3,11.07,21.98,50.14,170.55,1870.02,729.53,94.55,78.42,200.47,136.77,142.36,3.31
3686.3,10.05,19.99,51.23,164.41,1869.27,729.1,94.1,80.41,201.04,136.66,142.44,3.31
3687.31,12.11,19.7,49.56,173.71,1863.23,729.31,89.04,80.7,202.06,136.28,142.48,2.92
3688.31,10.8,20.61,55.44,166.2,1853.41,729.1,89.59,79.79,202.75,135.9,142.52,2.92
3689.31,12.62,20.36,54.44,167.19,1857.94,726.73,93.4,80.04,203.36,136.01,142.52,2.92
3690.33,18.67,21.48,55.69,158.31,1860.96,725.0,88.39,78.92,205.29,135.97,142.48,2.54
3691.34,16.05,20.57,51.6,175.73,1852.66,723.92,88.69,79.83,206.3,136.01,142.48,2.92
3692.34,21.48,21.03,55.54,163.8,1857.94,723.92,88.69,79.37,206.9,136.13,142.44,2.92
3693.34,19.61,21.48,53.98,168.33,1860.21,723.28,85.59,78.92,207.45,136.24,142.36,2.92
3694.34,22.85,20.61,57.43,161.47,1857.19,723.28,82.14,79.79,208.44,136.32,142.36,2.54
3695.35,21.11,20.74,53.52,169.74,1873.8,728.45,83.84,79.66,208.78,136.35,142.36,2.92
3696.35,22.55,20.78,51.94,167.95,1876.07,724.57,82.94,79.62,208.94,136.47,142.4,2.92
3697.35,22.41,20.65,49.89,171.84,1876.82,723.06,83.59,79.75,209.88,136.58,142.44,2.92
3698.35,23.12,21.15,57.64,166.43,1856.43,726.51,87.04,79.25,207.87,136.7,142.48,2.54
3699.35,21.48,20.78,56.33,168.33,1871.53,723.92,87.44,79.62,208.65,136.7,142.52,2.92
3700.36,23.44,20.94,53.71,165.47,1859.45,725.43,86.19,79.46,208.73,136.66,142.52,2.92
3701.36,24.72,19.82,52.58,169.48,1882.86,721.98,86.69,80.58,208.84,136.51,142.52,2.92
3702.36,25.06,21.94,58.43,169.17,1870.78,723.28,84.69,78.46,208.81,136.47,142.55,2.92
3703.37,21.74,20.86,57.85,167.61,1877.58,723.49,84.19,79.54,208.92,136.51,142.55,2.92
3704.38,19.28,18.91,54.1,121.17,1854.17,730.17,94.9,81.49,207.1,135.78,142.25,2.54
3705.38,17.0,15.88,60.81,150.34,1865.49,727.37,92.0,84.52,206.63,136.01,142.48,2.92
3706.38,16.21,16.21,64.72,122.36,1875.31,731.68,92.3,84.19,206.97,136.35,142.59,2.92
3707.38,17.18,20.86,46.93,147.02,1868.51,731.47,93.5,79.54,206.91,136.77,142.48,2.92
3708.38,15.09,20.78,45.13,167.27,1866.99,731.9,95.55,79.62,206.54,137.12,142.55,3.31
3709.39,16.18,19.08,50.47,171.69,1871.53,730.39,95.25,81.32,206.18,137.16,142.63,3.31
3710.39,15.29,16.75,51.72,152.66,1878.34,729.96,91.95,83.65,205.77,137.23,142.74,3.31
3711.39,13.37,15.13,47.24,165.86,1880.61,730.39,92.05,85.27,204.93,137.27,142.78,3.31
3712.39,15.16,17.21,45.35,169.71,1879.85,728.02,94.05,83.19,204.54,137.35,142.86,3.69
3713.4,13.88,15.79,42.66,179.66,1882.88,730.17,87.34,84.61,203.55,137.27,143.01,3.31
3714.4,15.01,18.04,49.74,171.99,1882.12,734.36,92.15,82.36,203.11,137.19,143.05,3.31
3715.4,16.47,18.87,53.77,167.65,1879.85,726.51,90.39,81.53,202.69,137.16,143.09,3.31
3716.4,14.94,18.08,52.61,167.0,1892.71,731.9,91.29,82.32,202.14,137.08,143.13,3.69
3717.4,19.59,19.16,52.85,166.12,1897.25,728.45,91.14,81.24,202.13,137.19,143.16,3.31
3718.41,16.11,20.49,51.51,166.05,1892.71,730.39,90.24,79.91,201.65,137.35,143.2,3.31
3719.41,15.82,20.24,50.68,160.52,1890.44,729.53,90.09,80.16,201.35,137.46,143.24,3.31
3720.41,16.19,20.53,48.58,179.58,1894.22,730.17,89.94,79.87,200.63,137.5,143.24,3.69
3721.41,16.08,18.66,50.23,179.73,1891.96,735.87,89.49,81.74,200.43,137.65,143.35,3.69
3722.42,16.56,20.74,51.14,173.98,1886.66,729.1,91.24,79.66,199.82,137.77,143.43,3.31
3723.42,18.99,18.95,47.27,167.23,1897.25,729.1,91.29,81.45,199.61,137.73,143.51,3.31
3724.42,14.79,20.78,51.3,167.8,1891.96,730.17,92.75,79.62,199.48,137.73,143.51,2.92
3725.42,15.42,19.53,50.35,163.49,1898.01,729.31,93.85,80.87,198.95,137.84,143.58,3.31
3726.43,15.3,19.2,47.36,165.89,1901.03,727.8,92.2,81.2,198.63,137.92,143.66,3.31
3727.43,19.41,19.74,54.25,153.92,1901.79,726.08,90.94,80.66,198.42,137.88,143.74,2.92
3728.43,19.2,19.16,50.01,161.55,1903.3,728.66,87.84,81.24,197.75,137.88,143.74,3.31
3729.43,16.66,20.16,49.28,159.98,1903.3,729.31,91.14,80.24,197.88,137.92,143.77,3.31
3730.44,16.18,19.62,47.48,170.93,1905.57,728.45,91.49,80.78,198.5,137.8,143.85,3.31
3731.44,14.98,19.86,46.23,167.95,1901.79,729.96,93.95,80.54,199.83,137.38,143.85,3.31
3732.44,16.95,20.82,46.54,169.1,1913.13,727.8,86.84,79.58,200.79,137.08,143.81,3.31
3733.44,17.42,19.53,55.29,165.67,1905.57,727.37,91.09,80.87,201.32,137.0,143.85,3.31
3734.45,18.51,19.95,53.34,159.45,1910.11,727.8,90.89,80.45,202.2,136.96,143.85,3.31
3735.47,9.47,9.98,55.66,168.87,1887.42,732.11,92.35,90.42,199.06,135.94,144.12,3.31
3736.47,11.9,19.62,54.71,188.43,1889.69,734.58,91.75,80.78,197.73,136.16,144.27,3.31
3737.47,10.61,20.28,54.62,183.93,1835.98,736.64,95.7,80.12,197.12,136.39,143.93,3.31
3738.47,9.46,19.82,53.61,181.37,1842.79,735.78,93.05,80.58,198.07,136.24,143.74,3.31
3739.47,10.33,20.49,54.53,183.32,1862.46,739.53,90.54,79.91,204.24,134.91,143.62,3.69
3740.47,10.32,20.99,53.8,182.82,1855.65,741.04,91.54,79.41,212.46,133.23,143.32,3.31
3741.48,8.98,19.74,58.16,170.16,1849.6,737.5,92.75,80.66,220.83,132.5,143.09,3.69
3742.48,10.71,18.08,54.19,166.77,1841.28,740.95,92.65,82.32,226.08,132.43,142.36,3.31
3743.48,10.17,18.25,45.19,162.2,1775.47,725.65,88.29,82.15,226.25,134.18,141.71,3.31
3744.49,10.35,18.2,45.07,179.35,1782.28,725.43,84.49,82.2,226.2,135.13,134.55,3.69
3745.49,13.08,18.33,48.92,185.99,1781.52,723.28,84.79,82.07,226.19,135.63,141.56,4.07
3746.49,11.32,19.16,52.61,179.54,1789.84,722.85,89.64,81.24,225.72,135.97,141.64,4.07
3747.49,9.81,18.74,55.29,181.83,1775.47,726.51,84.74,81.66,225.33,136.05,141.79,3.69
3748.5,12.8,17.71,57.73,175.08,1784.55,724.57,87.79,82.69,224.74,136.01,141.91,3.69
3749.5,11.28,17.79,57.0,166.05,1789.84,728.76,88.24,82.61,223.79,135.94,141.94,3.69
3750.5,11.53,20.16,57.06,175.46,1797.41,728.33,87.39,80.24,223.85,135.97,142.1,3.69
3751.5,10.75,18.7,56.88,184.65,1818.58,729.31,83.09,81.7,223.56,135.94,142.36,4.07
3752.51,10.41,18.33,55.75,178.48,1823.12,728.88,89.59,82.07,223.13,136.01,142.55,4.07
3753.51,10.0,18.7,54.74,174.32,1820.1,728.23,81.39,81.7,222.3,136.2,142.67,3.69
3754.51,10.68,18.7,55.02,178.63,1817.83,728.88,80.29,81.7,221.8,136.43,142.78,4.45
3755.52,10.81,18.37,53.34,170.43,1829.17,730.17,81.69,82.03,221.38,136.66,142.9,4.07
3756.52,12.36,18.7,55.47,175.43,1843.55,728.02,83.69,81.7,221.3,137.08,143.01,4.45
3757.52,16.04,19.66,49.25,168.3,1836.74,729.74,80.89,80.74,221.2,137.38,143.13,4.83
3758.52,10.03,18.45,52.82,172.87,1823.12,727.8,90.69,81.95,221.4,137.69,143.32,4.45
3759.53,9.5,18.12,58.28,181.83,1823.12,728.66,84.29,82.28,221.28,137.61,143.47,4.83
3760.53,10.0,19.28,56.7,168.49,1821.61,727.8,90.99,81.12,221.04,137.61,143.66,4.83
3761.53,9.81,18.37,53.31,181.72,1820.76,726.94,91.44,82.03,220.97,137.61,143.81,4.83
3762.54,10.47,18.29,54.32,171.77,1823.79,726.94,93.1,82.11,220.98,137.54,143.93,4.45
3763.54,12.58,18.7,52.97,174.36,1826.82,726.51,93.75,81.7,220.85,137.5,143.96,4.83
3764.54,11.54,17.83,55.2,167.08,1829.09,725.65,93.25,82.57,221.4,137.46,144.08,4.83
3765.55,11.61,18.74,56.27,158.46,1824.55,725.86,93.45,81.66,221.38,137.77,144.12,4.83
3766.55,11.08,18.12,54.32,179.35,1831.37,725.43,93.6,82.28,222.59,137.92,144.23,5.21
3767.82,10.0,5.0,0.0,48.16,1825.0,295.49,6.19,103.92,231.68,133.23,141.98,4.07
3769.06,22.29,4.0,94.56,94.14,1801.06,733.11,96.8,104.79,223.8,132.77,140.38,5.97
3770.14,22.68,4.61,107.59,96.39,1813.94,733.54,98.2,99.68,223.81,132.77,140.46,5.97
3771.23,21.54,2.95,119.45,98.76,1802.58,732.04,95.85,101.34,223.82,132.66,140.61,5.59
3772.29,15.16,20.68,122.78,104.89,1828.34,727.3,95.45,83.61,223.81,132.66,140.76,5.97
3773.3,11.49,28.64,42.9,107.83,1796.52,718.75,94.8,78.65,224.74,137.38,143.32,6.36
3774.3,12.17,29.23,43.45,114.2,1795.0,718.97,94.6,78.06,225.03,137.27,143.43,5.97
3775.3,11.6,28.08,43.39,83.28,1791.97,718.75,91.65,79.21,225.59,137.31,143.51,6.36
3776.32,11.03,28.51,39.92,107.98,1797.27,718.53,90.59,78.78,226.44,137.38,143.54,6.36
3777.32,12.23,29.15,42.33,104.59,1795.76,718.32,92.4,78.14,226.69,137.54,143.62,5.97
3778.32,11.1,28.64,43.64,90.6,1791.21,720.26,93.9,78.65,227.22,137.69,143.7,5.97
3779.33,9.97,27.57,49.19,108.94,1793.49,721.12,93.75,79.72,228.38,137.84,143.77,5.97
3780.35,9.78,29.11,41.32,112.14,1772.27,726.94,92.6,78.18,228.95,138.11,143.89,6.36
3781.35,9.94,28.34,50.41,99.18,1684.39,739.66,92.75,78.95,228.62,138.34,144.04,5.97
3782.35,11.27,27.66,39.7,106.61,1741.97,730.82,93.1,79.63,228.38,138.6,144.19,5.97
3783.35,12.36,28.55,38.21,113.55,1769.24,726.94,93.5,78.74,228.92,138.68,144.27,6.36
3784.36,11.92,28.25,39.67,115.45,1776.82,724.57,93.05,79.04,229.74,138.87,144.46,6.36
3785.36,11.53,29.15,40.07,93.42,1779.85,723.49,95.25,78.14,228.9,139.06,144.96,6.36
3786.36,11.0,27.96,38.15,109.35,1773.03,724.79,93.15,79.33,227.49,139.29,144.84,6.36
3787.36,10.97,28.51,38.18,102.49,1762.42,726.51,93.3,78.78,227.18,139.37,144.84,6.36
3788.37,11.53,28.68,41.41,103.67,1765.45,726.51,92.0,78.61,227.49,139.48,144.92,6.36
3789.37,10.55,29.02,40.98,89.87,1768.48,726.73,92.45,78.27,228.06,139.63,144.99,6.74
3790.37,10.1,28.89,43.61,99.94,1773.03,725.86,92.05,78.4,228.22,139.63,145.22,5.97
3791.37,11.42,28.25,39.85,109.89,1775.3,725.0,89.19,79.04,228.52,139.67,145.34,6.36
3792.38,9.65,27.66,37.93,84.84,1778.33,724.79,89.24,79.63,227.94,139.82,145.34,6.74
3793.38,17.03,28.21,24.45,135.13,1800.3,720.91,87.59,79.08,228.27,139.86,145.3,7.12
3794.38,13.26,28.51,34.73,113.85,1781.36,723.49,87.59,78.78,229.21,139.6,145.34,6.74
3795.38,16.18,28.47,31.13,125.06,1814.7,719.18,88.74,78.82,231.5,139.21,145.34,6.74
3796.39,14.9,28.68,40.28,104.32,1816.21,717.24,86.64,78.61,232.82,138.95,145.37,6.36
3797.39,12.71,28.89,30.95,110.04,1822.28,717.89,87.69,78.4,234.79,138.72,145.34,6.36
3798.4,12.4,27.91,87.27,120.18,1812.43,720.69,89.69,79.38,236.61,137.8,144.65,7.12
3799.4,12.11,28.21,70.0,131.66,1862.43,731.47,87.19,79.08,236.3,138.18,144.69,7.12
3800.4,12.07,28.13,67.83,132.95,1866.97,729.53,87.19,79.16,236.51,138.57,144.8,7.12
3801.4,11.63,27.96,71.74,124.19,1861.67,728.45,86.79,79.33,236.51,138.87,144.88,7.12
3802.41,12.97,28.81,66.64,123.46,1858.64,728.88,89.09,78.48,236.9,139.18,144.88,7.12
3803.41,14.42,28.68,64.69,123.31,1860.16,729.53,88.54,78.61,236.92,139.33,144.88,7.12
3804.41,14.42,27.87,86.35,123.42,1863.19,729.1,92.55,79.42,236.73,139.4,144.99,7.12
3805.41,12.6,27.15,68.66,144.28,1853.34,729.1,93.7,80.14,236.56,139.56,145.07,7.5
3806.41,15.1,28.94,56.3,163.0,1875.31,725.43,91.95,78.35,237.52,139.48,145.22,7.5
3807.42,14.42,28.98,53.03,159.34,1894.25,722.63,91.24,78.31,237.69,139.56,145.37,7.88
3808.42,15.15,27.79,55.57,170.28,1938.95,715.09,86.39,79.5,238.07,139.67,145.45,7.88
3809.44,12.95,29.87,51.75,158.76,1887.43,723.49,85.34,77.42,238.1,139.79,145.53,7.5
3810.44,12.62,27.83,54.74,157.93,1856.37,729.1,87.24,79.46,238.1,139.98,145.68,7.5
3811.46,10.39,29.79,46.96,160.1,1848.79,730.6,91.24,77.5,236.95,140.13,145.87,7.5
3812.47,11.5,29.19,49.62,158.61,1853.34,730.39,93.05,78.1,236.47,140.28,145.95,7.5
3813.47,12.19,28.64,37.9,146.72,1849.55,731.04,89.44,78.65,236.21,140.28,146.1,7.12
3814.47,12.45,28.34,41.44,145.15,1850.31,729.31,92.05,78.95,236.04,140.4,146.18,7.5
3815.47,12.49,28.81,41.14,166.28,1857.88,729.31,80.84,78.48,235.75,140.47,146.25,7.88
3816.48,13.32,28.85,41.78,138.6,1847.28,730.82,88.44,78.44,235.74,140.62,146.33,7.12
3817.48,14.43,29.19,39.43,154.91,1848.03,730.17,90.64,78.1,234.98,140.7,146.4,7.5
3818.48,11.75,28.38,43.55,156.06,1838.19,729.96,91.8,78.91,234.77,140.78,146.52,7.88
3819.48,12.93,29.57,35.19,148.81,1841.97,728.88,92.1,77.72,234.49,140.78,146.56,8.64
3820.48,13.93,28.0,34.64,148.7,1840.46,728.02,89.94,79.29,234.37,140.82,146.63,8.64
3821.49,12.59,29.87,40.07,155.45,1838.94,729.1,83.19,77.42,234.22,140.85,146.67,8.64
3822.49,11.84,27.49,36.93,144.24,1841.97,729.53,85.74,79.8,234.24,140.85,146.71,8.26
3823.49,12.94,28.89,39.67,160.82,1845.76,728.88,85.89,78.4,234.74,140.93,146.79,8.64
3824.49,17.11,28.04,50.32,123.12,1847.28,728.23,85.29,79.25,236.8,140.51,146.82,8.26
3825.5,14.73,28.72,58.62,116.06,1842.73,729.74,86.34,78.57,238.89,140.05,146.79,7.88
3826.5,11.87,28.17,53.8,131.81,1848.03,729.1,87.54,79.12,241.7,139.67,146.67,8.26
3827.5,12.75,28.47,56.42,122.2,1850.31,728.66,87.64,78.82,244.14,139.14,146.56,8.26
3828.5,18.21,27.79,56.24,119.04,1845.76,728.88,88.19,79.5,245.88,138.95,146.48,7.88
3829.5,14.92,28.81,56.48,112.48,1845.76,730.39,89.54,78.48,248.13,138.87,146.44,7.88
3830.51,13.02,28.13,58.19,125.06,1846.52,731.25,89.04,79.16,249.87,138.83,146.25,8.26
3831.8,13.0,27.91,38.21,117.21,1821.52,728.16,80.49,79.38,239.29,139.75,145.87,7.88
3832.8,13.66,29.15,18.62,141.23,1835.91,721.27,83.49,78.14,240.54,139.86,145.87,8.26
3833.8,20.65,28.3,24.75,125.82,1843.49,723.85,85.39,78.99,241.12,139.98,145.83,8.64
3834.8,21.59,28.38,25.54,123.61,1814.7,719.98,86.19,78.91,241.2,140.01,145.79,8.26
3835.81,38.29,27.4,15.78,132.19,1840.46,723.21,86.44,79.89,241.11,140.01,145.83,8.26
3836.81,36.78,29.28,22.62,145.19,1838.19,719.33,85.84,78.01,241.22,139.98,145.87,8.64
3837.81,51.18,27.79,21.06,130.51,1835.91,719.33,87.09,79.5,241.35,140.13,145.83,8.26
3838.81,45.61,29.32,25.39,126.7,1827.58,721.27,86.79,77.97,241.5,140.09,145.87,8.64
3839.81,39.93,28.85,21.55,129.07,1813.94,718.68,87.84,78.44,241.44,140.05,145.87,8.64
3840.81,46.18,28.34,17.98,124.72,1839.7,722.13,85.49,78.95,241.48,140.13,145.83,8.64
3841.81,31.94,28.68,19.96,133.18,1824.55,721.05,84.04,78.61,241.72,140.13,145.91,8.64
3842.81,21.61,27.32,33.17,125.6,1798.79,721.7,79.14,79.97,241.88,140.21,145.95,8.26
3843.82,21.59,28.42,34.06,103.71,1800.3,721.7,86.49,78.87,242.34,140.13,145.95,8.26
3844.82,21.08,27.66,39.58,115.19,1792.73,722.34,86.64,79.63,242.62,140.09,145.98,8.64
3845.82,20.05,28.94,34.12,106.8,1795.0,716.53,87.29,78.35,242.88,139.9,146.1,7.88
3846.82,19.5,28.42,32.41,116.71,1805.61,716.53,81.84,78.87,242.87,140.09,146.14,8.64
3847.82,21.1,29.23,33.32,130.48,1808.64,713.52,85.34,78.06,242.91,139.94,146.18,8.26
3848.83,23.27,28.89,19.63,122.43,1843.49,709.85,84.89,78.4,243.49,139.98,146.21,8.64
3849.85,19.05,28.51,30.67,105.92,1824.55,713.08,85.59,78.78,243.89,140.05,146.21,7.88
3850.85,15.54,29.19,24.75,119.84,1812.43,713.3,89.64,78.1,244.02,140.05,146.25,8.26
3851.85,12.7,28.42,39.34,135.13,1811.67,712.22,90.59,78.87,244.41,140.09,146.29,7.88
3852.85,13.41,29.06,33.6,100.05,1788.94,720.62,93.0,78.23,244.56,140.05,146.33,7.5
3853.86,12.84,28.38,36.93,112.52,1776.82,721.48,92.0,78.91,244.57,140.05,146.44,7.88
3854.86,15.1,29.32,30.98,113.7,1797.27,720.84,90.39,77.97,244.73,140.13,146.44,7.88
3855.86,16.55,28.04,25.09,127.65,1797.27,720.62,89.64,79.25,244.69,140.13,146.4,7.88
3856.86,23.9,28.13,18.44,112.82,1792.73,714.16,91.75,79.16,245.01,140.09,146.44,8.26
3857.87,21.6,29.23,31.49,111.95,1790.46,720.19,91.49,78.06,245.29,140.01,146.44,7.88
3858.87,21.86,28.42,25.85,123.77,1791.21,717.61,91.65,78.87,245.42,140.17,146.44,7.88
3859.87,25.76,27.7,22.52,107.79,1805.61,719.55,90.04,79.59,245.84,140.24,146.48,7.88
3860.87,13.31,28.72,40.1,107.26,1789.7,723.42,90.59,78.57,246.23,140.28,146.52,7.88
3861.89,16.22,27.27,42.6,145.0,1846.52,725.58,91.29,80.02,246.44,139.21,145.91,8.64
3862.89,22.6,28.47,58.19,134.44,1820.76,722.78,92.0,78.82,246.84,139.29,145.98,7.88
3863.89,20.83,29.62,50.59,141.0,1829.85,722.56,91.19,77.67,246.86,139.37,146.02,7.88
3864.89,16.1,27.91,63.77,115.87,1811.67,723.85,93.1,79.38,246.87,139.44,146.1,7.5
3865.89,17.34,29.02,51.66,133.3,1810.15,722.99,91.85,78.27,247.23,139.67,146.18,8.26
3866.89,13.66,28.64,60.81,121.75,1798.79,723.85,91.85,78.65,247.67,139.75,146.29,7.5
3867.9,11.42,27.91,61.82,125.06,1791.21,722.56,90.29,79.38,248.52,139.94,146.33,7.5
3868.9,12.97,27.66,62.74,135.24,1787.42,720.41,91.85,79.63,248.63,140.01,146.33,7.5
3869.9,12.05,29.79,57.09,134.21,1785.91,719.33,93.25,77.5,249.43,140.05,146.37,7.88
3870.9,11.52,28.51,56.12,131.09,1841.22,718.25,88.84,78.78,250.12,140.21,146.29,7.88
3871.9,12.75,28.25,59.44,115.49,1823.79,717.18,86.49,79.04,250.55,140.24,146.33,7.88
3872.91,14.85,30.0,56.73,124.95,1796.52,724.07,84.34,77.29,250.59,140.36,146.4,8.26
3873.91,17.25,29.15,56.66,128.19,1792.73,721.91,84.59,78.14,250.57,140.43,146.48,8.26
3874.91,14.49,28.13,45.93,127.85,1781.36,721.05,87.19,79.16,250.83,140.51,146.56,7.88
3875.91,12.36,28.47,21.88,125.29,1799.55,723.42,83.89,78.82,251.79,140.62,146.67,8.26
3876.91,13.1,28.0,27.86,116.79,1770.76,722.56,88.89,79.29,252.25,140.66,146.79,8.64
3877.94,12.81,29.23,34.27,107.07,1788.18,725.58,90.99,78.06,252.3,140.74,146.9,9.03
3878.94,12.03,30.13,20.69,149.16,1791.97,723.85,92.2,77.16,252.78,140.89,147.01,9.79
3879.94,12.86,28.21,10.99,123.69,1794.24,727.3,91.24,79.08,252.55,141.04,147.05,10.17
3880.94,13.51,28.17,38.3,144.32,1797.27,726.44,93.25,79.12,252.6,141.23,147.13,10.55
3881.94,17.09,28.51,69.91,127.92,1792.73,725.36,88.99,78.78,252.53,141.39,147.13,10.55
3882.95,14.86,28.51,74.42,119.5,1784.39,723.42,90.74,78.78,252.41,141.54,147.13,10.55
3883.95,13.77,29.02,59.38,122.77,1816.97,722.34,91.24,78.27,252.57,141.65,147.17,10.55
3884.95,12.11,28.76,54.1,124.95,1807.12,724.93,89.44,78.53,252.62,141.77,147.24,10.93
3885.95,12.18,27.96,61.21,113.97,1804.09,724.93,89.24,79.33,252.41,141.96,147.32,10.93
3886.96,13.82,28.76,58.19,132.88,1804.85,730.31,85.34,78.53,252.23,142.07,147.43,10.93
3887.96,11.71,28.89,40.77,112.98,1821.52,729.02,87.54,78.4,252.26,142.19,147.62,10.55
3888.96,17.87,28.89,59.65,127.39,1826.82,730.74,88.54,78.4,252.25,142.38,147.74,10.55
3889.96,17.26,28.51,57.49,137.99,1835.15,731.18,90.49,78.78,252.0,142.49,147.85,10.17
3890.96,21.87,29.15,48.12,141.04,1829.09,727.51,89.84,78.14,251.89,142.61,147.93,10.17
3891.97,22.41,28.17,61.73,122.66,1822.28,731.39,90.39,79.12,251.11,142.68,148.01,10.17
3892.97,17.75,27.62,55.23,113.82,1826.82,732.25,89.94,79.67,250.65,142.8,148.12,9.79
3894.0,22.15,27.14,46.41,108.4,1734.39,715.02,89.64,90.15,248.86,142.34,147.32,9.03
3895.0,26.46,27.49,53.37,132.08,1757.12,712.87,88.49,79.8,249.01,142.19,147.55,9.41
3896.0,21.72,28.85,56.57,125.48,1760.15,714.16,82.74,78.44,248.82,142.19,147.7,8.64
3897.0,21.47,28.89,56.94,142.18,1806.37,724.28,85.59,78.4,248.6,142.23,147.81,9.41
3898.0,20.37,28.17,54.62,118.47,1792.73,724.28,88.14,79.12,248.47,142.26,147.93,8.26
3899.0,15.81,28.59,50.38,139.4,1817.73,728.59,91.19,78.7,248.08,142.42,148.12,8.64
3900.01,16.77,28.38,62.86,129.45,1818.49,727.73,89.89,78.91,247.49,142.57,148.23,8.26
3901.01,19.4,28.3,56.82,138.1,1809.4,725.58,87.39,78.99,247.32,142.68,148.23,8.26
3902.01,22.38,28.17,55.93,106.0,1810.91,723.42,89.79,79.12,247.33,142.76,148.31,7.88
3903.01,18.39,28.47,45.41,113.32,1820.76,724.28,89.34,78.82,246.88,142.84,148.42,7.5
3904.01,18.21,28.55,49.34,130.32,1821.52,726.22,90.29,78.74,246.87,142.95,148.35,7.88
3905.02,18.31,28.59,43.06,136.27,1812.43,725.14,88.04,78.7,246.87,143.03,148.46,7.5
3906.02,15.35,28.85,53.06,128.38,1810.91,726.65,86.54,78.44,246.83,143.14,148.5,7.12
3907.02,15.47,29.11,46.02,134.21,1815.46,724.07,84.19,78.18,246.27,143.22,148.5,7.12
3908.02,12.75,29.02,51.75,128.91,1796.52,725.36,87.79,78.27,245.23,143.18,148.58,6.74
3909.02,13.21,28.81,43.33,124.8,1807.88,724.5,89.04,78.48,244.92,143.22,148.65,6.74
3910.02,13.8,28.51,46.41,121.97,1810.15,726.01,89.44,78.78,244.92,143.37,148.73,6.74
3911.03,17.56,28.34,44.55,129.9,1810.91,721.91,81.59,78.95,244.94,143.29,148.81,5.97
3912.03,21.99,29.62,42.72,149.54,1806.37,721.7,88.24,77.67,244.96,143.18,148.84,6.36
3913.03,17.86,28.98,38.94,121.44,1806.37,723.85,83.79,78.31,244.92,143.1,148.88,5.97
3914.03,17.34,28.25,50.11,133.03,1806.37,724.28,88.64,79.04,244.58,143.18,148.88,5.97
3915.03,17.86,28.04,48.52,110.38,1808.64,723.85,86.49,79.25,244.17,143.26,148.84,6.36
3916.04,19.39,27.1,45.44,127.01,1826.82,726.87,88.19,80.19,243.66,143.26,148.88,6.74
3917.04,24.71,27.49,54.62,159.18,1848.03,724.28,87.64,79.8,243.24,143.26,148.88,6.74
3918.04,27.97,29.57,53.4,144.81,1841.97,725.36,85.14,77.72,243.19,143.29,148.92,6.74
3919.04,21.73,27.23,49.37,141.49,1841.97,724.07,87.84,80.06,243.19,143.29,148.92,6.36
3920.04,31.37,27.4,34.7,198.45,1864.7,721.27,89.34,79.89,243.19,143.29,148.96,7.5
3921.05,27.75,29.62,39.79,217.59,1834.4,722.56,88.39,77.67,243.18,143.29,149.0,7.12
3922.05,25.76,28.81,60.23,153.62,1833.64,723.64,89.29,78.48,243.18,143.33,148.96,6.74
3923.05,28.37,28.25,44.55,176.19,1845.76,724.07,90.94,79.04,243.11,143.33,149.0,6.74
3924.05,26.34,28.3,53.03,144.51,1831.37,723.21,93.5,78.99,242.83,143.41,149.03,6.36
3925.05,21.87,27.66,55.72,133.37,1838.19,722.78,94.35,79.63,242.39,143.41,149.03,5.97
3926.06,20.17,28.13,53.06,144.35,1842.73,726.87,92.15,79.16,241.29,143.41,149.23,5.97
3927.08,24.66,29.49,44.31,151.86,1839.7,722.99,94.45,77.8,241.24,143.41,149.72,5.97
3928.09,25.19,28.85,43.67,165.32,1874.55,725.58,92.05,78.44,237.94,142.65,148.62,5.97
3929.09,22.83,29.23,75.86,150.07,1864.7,724.5,91.7,78.06,237.89,142.84,148.77,5.97
3930.11,25.34,29.06,52.21,159.34,1856.37,722.78,90.49,78.23,237.89,142.91,148.84,5.97
3931.11,21.97,29.4,45.8,156.29,1844.25,720.62,89.24,77.89,237.55,142.99,149.03,5.97
3932.12,18.22,30.0,55.2,210.88,1840.46,723.21,90.94,77.29,237.46,143.14,149.11,6.36
3933.12,17.27,29.57,48.7,208.98,1829.85,720.41,91.34,77.72,237.14,143.26,149.23,6.36
3934.12,15.42,27.49,46.6,122.55,1856.37,730.1,95.35,79.8,236.12,143.37,149.3,5.59
3935.12,15.56,28.0,55.54,133.56,1837.43,726.87,92.55,79.29,235.81,143.48,149.26,5.59
3936.13,16.18,28.59,52.55,140.12,1846.52,728.59,92.15,78.7,235.71,143.56,149.26,5.59
3937.15,19.64,29.23,44.8,148.81,1871.52,724.28,91.49,78.06,235.68,143.52,149.26,6.36
3938.15,19.5,27.87,44.37,130.97,1870.76,727.94,87.69,79.42,235.73,143.52,149.26,5.97
3939.15,23.58,27.57,49.1,139.51,1870.76,732.04,86.64,79.72,234.97,143.52,149.26,5.97
3940.15,22.98,23.27,60.11,166.5,1847.28,735.05,85.94,84.02,234.63,143.48,149.26,6.36
3941.15,20.24,19.74,47.85,136.8,1841.22,732.9,88.59,87.55,234.18,143.52,149.3,5.97
3942.15,20.14,20.67,54.16,127.31,1824.55,726.65,89.39,86.61,233.95,143.52,149.34,5.59
3943.16,18.88,20.38,45.89,124.64,1843.49,728.81,92.55,86.91,233.73,143.45,149.42,5.59
3944.16,23.25,20.5,34.21,135.24,1860.91,726.87,92.65,86.79,233.09,143.48,149.45,6.36
3945.16,24.9,19.74,48.46,136.12,1852.58,728.38,91.85,87.55,232.93,143.48,149.45,5.97
3946.16,22.83,20.21,55.57,144.47,1851.06,728.38,93.65,87.08,232.43,143.52,149.49,5.97
3947.16,16.93,20.33,52.09,127.2,1837.43,727.51,92.15,86.96,232.01,143.48,149.49,5.97
3948.18,15.39,21.1,47.66,137.91,1811.67,731.61,90.39,86.19,230.47,143.41,149.45,5.59
3949.18,12.38,20.76,46.84,139.93,1813.94,729.67,88.49,86.53,228.76,143.33,149.42,5.59
3950.19,13.36,19.91,48.27,117.44,1823.03,727.73,89.84,87.38,228.76,143.33,149.38,5.21
3951.19,14.9,20.08,55.32,136.31,1839.7,729.02,94.55,87.21,228.75,143.45,149.42,5.59
3952.19,14.3,20.04,55.35,130.4,1829.85,727.51,92.9,87.25,228.42,143.37,149.38,5.21
3953.19,15.96,20.46,50.72,138.98,1840.46,727.73,95.1,86.83,228.43,143.33,149.45,5.21
3954.19,16.26,20.59,51.11,143.63,1838.94,726.65,94.55,86.7,227.39,143.14,149.49,5.21
3955.2,20.03,19.7,55.87,145.08,1829.85,725.58,94.35,87.59,227.73,142.84,149.49,5.21
3956.2,20.84,19.61,49.68,146.87,1842.73,726.44,92.2,87.68,229.56,142.45,149.42,4.83
3957.2,23.42,20.67,51.72,147.37,1834.4,726.22,92.35,86.61,230.46,142.0,149.26,4.83
3958.21,13.2,19.61,46.05,142.49,1832.12,729.88,93.9,87.68,239.42,139.21,147.97,4.45
3959.21,13.13,20.21,49.37,148.05,1811.67,724.07,94.8,87.08,241.09,139.37,147.97,4.45
3960.22,14.9,19.95,48.55,146.72,1810.91,724.5,94.3,87.34,241.4,139.94,147.89,4.45
3961.22,11.45,20.12,43.52,207.3,1814.7,726.87,92.9,87.17,241.81,140.74,147.66,4.83
3962.23,4.8,16.16,44.31,170.66,1866.22,725.14,88.69,91.13,216.34,138.79,144.54,7.88
3963.23,14.73,17.52,51.11,146.56,1870.01,727.08,89.74,89.77,216.63,139.1,144.76,7.5
3964.23,16.32,17.86,43.36,154.99,1879.85,729.02,89.29,89.42,216.63,139.33,144.99,7.88
3965.23,13.82,17.14,49.37,132.23,1879.1,730.1,90.19,90.15,216.63,139.52,145.22,7.88
3966.24,15.28,17.06,53.25,135.13,1870.76,726.44,90.34,90.23,216.59,139.63,145.41,7.5
3967.24,15.69,17.57,57.98,155.6,1879.85,729.45,91.04,89.72,216.6,139.75,145.53,8.26
3968.24,18.5,16.72,62.03,174.17,1879.85,727.94,89.44,90.57,216.61,139.79,145.64,7.88
3969.24,17.01,17.74,65.85,152.02,1860.16,726.01,89.64,89.55,216.62,139.98,145.79,7.5
3970.25,18.31,16.72,66.18,111.15,1879.1,728.81,90.89,90.57,216.57,140.21,145.91,8.26
3971.25,19.94,17.99,63.59,139.51,1873.04,728.38,90.24,89.3,216.62,140.47,146.06,7.88
3972.25,17.02,17.78,40.07,222.28,1882.89,732.25,88.29,89.51,216.57,140.78,146.29,9.03
3973.25,11.14,16.37,70.88,162.04,1605.6,772.74,84.94,90.92,216.59,141.12,146.37,8.64
3974.26,16.87,16.29,62.61,134.94,1774.55,719.33,88.69,91.0,214.77,141.16,146.14,7.88
3975.26,18.78,17.57,38.79,160.25,1820.0,713.08,90.09,89.72,213.85,141.2,146.25,8.26
3976.26,13.31,16.46,66.28,181.07,1804.09,715.67,91.39,90.83,213.77,141.31,146.59,9.03
3977.26,15.69,15.99,80.19,165.36,1801.06,716.53,91.44,91.3,213.84,141.5,146.75,8.26
3978.26,16.71,18.55,86.41,133.64,1810.91,714.38,90.49,88.74,213.99,141.77,146.86,8.26
3979.5,16.0,17.23,89.19,180.88,1801.82,713.95,89.74,90.06,213.92,141.77,146.86,8.26
3980.5,16.48,18.59,58.1,132.08,1791.97,0.0,84.24,88.7,210.02,141.16,145.95,7.5
3981.51,16.04,18.33,55.84,160.9,1783.64,0.0,81.09,88.96,209.97,140.89,146.21,8.64
3982.51,16.97,17.65,53.34,155.87,1779.85,704.74,82.39,89.64,209.84,141.2,146.56,8.26
3983.51,15.75,18.72,64.41,118.81,1857.13,721.98,86.79,88.57,209.83,141.58,146.94,8.26
3984.53,17.09,20.08,53.34,80.0,1857.13,719.4,88.44,87.21,209.84,141.92,147.2,8.26
3985.53,17.5,19.35,49.37,145.73,1851.82,717.89,88.94,87.93,210.09,142.23,147.43,8.64
3986.53,17.17,19.78,53.95,121.02,1854.1,719.4,89.04,87.51,210.47,142.49,147.55,7.88
3987.54,19.08,19.44,67.43,116.03,1857.13,718.1,88.39,87.85,211.13,142.57,147.59,8.26
3988.54,17.18,19.57,60.45,115.19,1791.97,738.36,89.49,87.72,209.95,142.72,147.66,8.26
3989.54,15.04,19.87,65.27,112.21,1717.72,742.89,91.29,87.42,209.13,142.61,147.81,8.26
3990.54,13.12,20.42,60.11,155.37,1771.51,733.41,93.95,86.87,209.63,142.23,147.89,8.64
3991.55,13.46,18.84,57.79,115.26,1788.18,730.6,92.6,88.45,210.44,142.23,148.04,7.88
3992.55,14.04,19.99,64.05,103.98,1810.15,725.43,88.99,87.3,210.88,142.23,148.04,7.88
3993.55,16.7,19.31,60.75,94.56,1809.4,724.57,91.09,87.98,211.19,142.15,148.12,7.88
3994.55,15.76,19.31,56.12,108.48,1814.7,725.86,92.4,87.98,210.71,142.07,148.92,8.26
3995.55,17.18,20.16,54.68,103.9,1814.7,725.22,91.75,87.13,210.17,142.15,148.62,8.26
3996.55,17.94,20.04,64.35,107.87,1812.43,727.59,90.99,87.25,210.28,142.34,148.39,7.88
3997.56,15.76,20.29,38.15,139.51,1798.03,728.88,91.6,87.0,210.08,142.42,148.27,8.64
3998.56,16.55,19.61,60.42,103.56,1799.55,729.53,85.09,87.68,210.49,142.57,148.31,8.26
3999.58,15.71,19.95,59.78,100.01,1801.82,728.88,85.94,87.34,211.24,142.61,148.39,8.26
4000.58,17.02,19.14,58.56,104.55,1811.67,728.45,82.49,88.15,211.76,142.72,148.46,8.26
4001.58,22.96,24.17,52.42,104.13,1826.82,725.0,86.04,83.12,211.79,142.76,148.5,8.26
4002.59,21.87,24.0,52.0,114.2,1826.82,723.49,86.44,83.29,212.29,142.91,148.62,8.26
4003.59,20.99,24.04,48.92,108.17,1827.58,723.49,88.54,83.25,212.15,143.06,148.73,8.26
4004.59,22.97,24.72,47.48,120.3,1831.37,721.34,89.09,82.57,212.52,143.1,148.77,8.26
4005.59,22.12,25.23,35.61,133.95,1830.61,721.77,89.04,82.06,213.0,143.18,148.84,8.64
4006.6,22.83,23.74,41.29,116.37,1829.85,722.2,91.8,83.55,214.68,142.91,148.84,8.64
4007.62,23.09,24.55,33.84,123.19,1829.09,722.85,87.54,82.74,215.51,142.49,148.88,8.64
4008.62,19.07,25.23,38.76,123.0,1826.06,723.28,83.74,82.06,217.8,142.11,148.88,8.64
4009.62,18.98,24.42,41.75,125.82,1833.64,723.71,87.74,82.87,219.25,141.84,148.88,8.64
4010.62,18.58,24.68,37.44,123.38,1820.76,725.43,88.29,82.61,221.94,141.81,148.88,9.03
4011.62,17.85,24.17,41.17,123.61,1823.79,727.37,87.09,83.12,222.92,141.81,148.84,9.03
4012.62,17.4,23.61,43.42,110.88,1819.24,727.16,91.7,83.68,222.9,142.38,148.84,9.03
4014.01,31.59,18.63,48.03,75.27,1756.36,728.88,87.94,98.66,222.37,142.91,148.16,8.64
4015.35,30.38,13.22,56.15,94.83,1732.88,727.8,91.8,104.07,222.33,142.87,148.16,9.03
4016.5,30.67,17.0,59.84,85.72,1728.33,727.8,91.6,107.95,222.3,142.87,148.2,9.03
4017.52,25.9,17.74,50.11,112.67,1766.21,723.28,85.29,89.55,222.32,142.84,148.27,9.03
4018.53,19.7,25.02,45.41,113.47,1790.46,709.27,92.0,82.27,221.57,144.25,149.45,8.64
4019.55,17.92,25.02,41.04,108.9,1788.94,709.7,92.4,82.27,221.72,144.44,149.53,9.03
4020.57,20.51,24.17,34.76,109.93,1788.18,709.7,93.2,83.12,221.59,144.55,149.64,9.03
4021.57,20.13,24.55,41.07,140.2,1785.15,708.62,92.3,82.74,221.1,144.67,149.76,9.03
4022.57,18.98,24.25,25.27,109.13,1786.67,708.62,92.35,83.04,221.26,144.63,149.87,9.41
4023.57,17.59,23.83,35.12,141.23,1786.67,699.35,93.1,83.46,222.12,144.4,149.91,9.41
4024.57,17.05,24.93,50.11,120.6,1791.21,700.21,86.04,82.36,222.96,144.32,149.99,9.79
4025.57,20.37,25.27,41.07,142.14,1769.24,695.04,82.74,82.02,223.43,144.28,150.06,9.41
4026.58,19.18,24.51,28.23,153.5,1779.85,698.49,84.54,82.78,223.64,144.17,150.1,10.17
4027.6,20.62,24.04,48.09,119.5,1788.18,702.8,89.59,83.25,224.04,144.17,150.18,9.41
4028.6,20.37,25.32,51.45,125.21,1798.03,705.17,91.14,81.97,224.45,144.17,150.18,9.41
4029.6,20.47,24.89,48.37,126.93,1792.73,703.88,83.84,82.4,224.83,144.25,150.22,9.41
4030.62,21.09,25.1,52.67,112.94,1790.46,703.88,83.89,82.19,224.84,144.32,150.29,9.41
4031.62,22.38,25.02,44.58,128.76,1810.15,701.94,83.99,82.27,224.84,144.36,150.29,9.79
4032.62,28.24,25.19,47.97,106.99,1800.3,703.23,83.59,82.1,224.86,144.4,150.29,9.79
4033.64,24.15,25.32,63.56,115.19,1788.18,704.96,83.84,81.97,224.84,144.44,150.33,9.79
4034.64,23.41,23.87,61.15,113.78,1800.3,703.45,83.29,83.42,224.84,144.44,150.29,9.79
4035.64,21.84,23.36,63.77,112.98,1794.24,704.09,84.04,83.93,224.84,144.48,150.29,9.41
4036.64,22.65,24.34,60.23,116.83,1801.06,705.17,83.34,82.95,225.18,144.55,150.33,9.41
4037.64,19.06,24.59,63.9,113.89,1799.55,707.11,85.14,82.7,224.85,144.82,150.41,9.79
4038.64,19.64,24.25,58.89,105.77,1805.61,707.76,89.09,83.04,224.84,144.97,150.48,9.41
4039.66,21.35,24.89,58.74,111.57,1812.43,706.68,88.74,82.4,224.83,145.12,150.6,9.79
4040.68,22.11,24.29,54.99,118.01,1810.15,705.82,88.84,83.0,224.83,145.24,150.67,9.41
4041.68,30.01,24.68,50.75,108.71,1813.94,702.58,88.54,82.61,224.83,145.31,150.71,9.79
4042.68,28.32,24.89,58.98,114.73,1786.67,698.49,91.95,82.4,224.83,145.39,150.79,9.79
4043.68,27.29,23.7,64.96,110.0,1785.91,699.78,92.05,83.59,224.46,145.5,150.83,9.41
4044.68,23.08,24.89,58.1,108.1,1770.0,708.19,89.74,82.4,223.64,145.47,150.94,9.79
4045.69,14.14,4.58,56.91,110.8,1669.24,734.7,85.19,102.71,172.11,132.47,140.19,3.31
4046.69,8.83,5.6,59.84,109.89,1627.57,731.04,88.34,101.69,172.64,134.94,142.29,3.31
4047.7,13.71,9.48,52.73,108.02,1694.24,725.65,89.29,97.81,172.81,136.35,142.52,3.31
4048.7,12.8,9.77,55.11,103.86,1716.97,718.97,91.85,97.51,172.2,137.31,142.63,3.31
4049.7,14.9,19.34,57.0,103.64,1732.88,715.95,91.54,98.45,171.32,137.73,142.82,2.92
4050.7,16.11,19.85,58.19,112.94,1739.69,712.93,91.8,97.94,170.91,137.99,143.35,3.31
4051.7,15.81,19.38,55.9,122.43,1716.97,712.72,88.04,98.41,172.66,137.57,143.32,2.54
4052.71,15.63,19.08,60.23,107.26,1684.39,725.0,83.49,98.71,173.76,138.22,143.09,2.54
4053.71,13.73,19.89,54.47,107.87,1681.36,723.92,82.04,97.9,174.87,138.34,142.71,2.92
4054.71,12.93,19.59,57.61,113.01,1695.75,721.77,86.09,98.2,177.12,138.3,142.86,2.54
4055.71,13.27,19.38,57.95,116.29,1714.69,717.46,89.19,98.41,178.73,138.3,143.16,2.54
4056.72,13.61,19.3,53.67,111.11,1726.06,710.13,88.04,98.49,181.67,137.96,143.51,2.54
4057.74,15.19,17.42,58.59,116.71,1748.03,710.13,87.99,100.37,184.55,137.77,143.7,2.54
4058.74,13.82,19.25,57.4,113.93,1755.6,704.96,80.74,98.54,187.78,137.8,143.74,2.16
4059.74,14.49,19.81,58.98,108.48,1738.94,713.36,84.59,97.98,191.9,137.54,143.7,2.16
4060.76,16.2,19.93,55.54,113.97,1732.88,716.81,89.94,97.86,196.27,137.0,143.66,2.54
4061.77,14.49,20.4,63.44,131.16,1710.91,718.32,83.84,97.39,200.4,136.66,143.58,2.16
4062.77,14.32,19.51,57.31,124.57,1703.33,717.89,88.89,98.28,204.47,136.43,143.74,2.16
4063.77,14.51,19.08,45.86,130.67,1716.97,711.85,89.49,98.71,208.24,136.35,143.81,2.16
4064.77,18.05,20.62,57.21,106.57,1729.85,713.79,89.34,97.17,211.42,136.32,143.85,2.16
4065.78,19.94,18.91,55.35,108.55,1726.06,710.99,83.84,98.88,215.12,136.28,143.62,2.16
4066.78,18.8,19.64,52.94,117.36,1728.33,712.72,83.39,98.15,218.83,136.24,143.47,2.16
4067.78,23.73,18.95,60.39,115.34,1727.57,710.99,84.99,98.83,221.91,136.2,143.35,2.16
4068.78,25.59,19.81,58.1,100.47,1732.88,712.28,83.39,97.98,224.54,136.09,143.28,2.16
4069.8,27.41,19.3,38.48,100.66,1731.36,715.52,85.39,98.49,226.99,136.05,143.2,1.78
4070.8,11.12,15.93,51.08,107.56,1709.39,718.32,88.04,101.86,233.47,135.9,143.09,1.78
4071.81,18.7,19.21,59.2,113.17,1712.42,717.03,90.24,98.58,234.71,135.94,142.97,1.78
4072.81,16.93,18.32,59.69,115.42,1703.33,716.81,86.24,99.47,234.17,136.96,142.93,1.78
4073.81,17.53,19.17,58.16,108.86,1713.94,717.67,85.69,98.62,233.87,137.92,143.05,1.78
4074.82,17.11,19.17,57.15,98.91,1706.36,716.16,82.89,98.62,233.78,138.57,143.16,1.78
4075.82,14.62,19.55,53.92,112.14,1705.6,715.73,85.14,98.24,233.77,139.02,143.35,1.78
4076.83,28.62,21.72,62.8,110.61,1732.88,706.03,84.74,96.07,232.45,139.18,143.47,1.78
4077.83,30.85,22.02,52.42,119.53,1728.33,705.17,86.64,95.77,232.43,139.4,143.7,1.78
4078.83,36.43,21.64,58.56,131.09,1741.21,700.86,88.44,96.15,232.15,139.56,143.85,2.16
4079.83,44.34,21.04,61.45,121.44,1728.33,701.51,89.29,96.75,232.45,139.71,144.0,1.78
4080.84,35.38,22.7,53.19,107.98,1728.33,705.17,89.29,95.09,232.09,139.9,144.12,1.78
4081.84,24.05,22.02,61.73,101.69,1713.94,706.9,88.54,95.77,232.01,140.13,144.31,1.78
4082.84,22.14,22.45,56.05,125.06,1734.39,700.86,88.99,95.34,232.55,140.4,144.54,1.78
4083.84,27.34,22.11,58.92,112.52,1703.33,695.69,88.64,95.68,232.81,140.55,144.61,1.78
4084.85,24.22,22.4,56.45,144.73,1697.27,693.32,84.04,95.39,233.05,140.62,144.73,2.16
4085.85,24.55,22.74,43.52,114.84,1723.78,711.21,83.89,95.05,232.93,140.82,144.92,2.16
4086.85,23.58,22.32,52.45,126.17,1720.0,706.68,85.14,95.47,231.51,141.04,144.99,2.16
4087.85,23.14,22.36,66.18,130.32,1705.6,696.12,85.59,95.43,229.7,141.27,145.03,1.78
4088.86,18.61,20.53,61.27,123.96,1694.24,693.53,88.59,97.26,230.15,141.54,145.26,1.78
4089.88,19.46,22.62,57.95,125.94,1692.72,694.83,85.49,95.17,230.31,141.73,145.45,1.78
4090.88,21.99,22.62,56.54,129.9,1712.42,701.08,83.39,95.17,230.31,141.96,145.57,1.78
4091.88,27.75,21.77,59.75,155.91,1724.54,699.57,86.69,96.02,229.46,142.07,145.68,2.16
4092.88,25.96,20.23,64.05,113.97,1650.3,744.18,85.99,97.56,230.14,142.3,145.83,1.4
4093.89,25.41,21.0,61.76,157.66,1694.24,709.05,87.44,96.79,228.53,142.42,146.02,2.16
4094.89,24.71,20.36,58.53,114.54,1764.7,731.25,83.74,97.43,228.45,142.57,146.21,1.78
4095.89,21.35,20.23,55.84,112.52,1729.85,730.82,83.04,97.56,228.76,142.68,146.4,1.4
4096.9,19.67,20.49,60.6,91.82,1764.7,724.57,86.09,97.3,228.44,142.87,146.56,1.02
4097.91,17.38,20.19,57.09,112.86,1746.51,735.78,90.69,97.6,228.59,143.06,146.79,1.4
4098.92,22.85,21.21,56.85,114.27,1786.67,724.57,90.24,96.58,228.21,143.22,146.98,1.4
4099.93,18.65,20.06,58.1,138.75,1791.21,719.61,88.34,97.73,228.24,143.37,147.2,1.4
4100.94,17.29,19.51,57.95,108.59,1838.19,732.54,90.59,98.28,227.29,143.6,148.42,1.4
4101.95,20.31,20.1,59.2,120.83,1841.97,731.47,86.59,97.69,226.22,143.71,147.93,1.78
4102.96,18.95,20.06,56.79,114.92,1820.0,734.27,86.74,97.73,226.11,143.87,148.16,1.78
4103.98,22.44,21.08,63.8,130.32,1798.79,736.21,86.34,96.71,225.69,144.06,147.89,1.78
4104.98,21.77,20.62,58.31,118.12,1806.37,734.05,87.29,97.17,226.01,144.21,148.16,1.4
4106.0,29.1,21.59,53.77,162.65,1801.82,732.54,89.54,96.19,225.77,144.32,148.2,1.78
4107.01,24.09,21.21,56.33,117.02,1807.12,733.19,86.49,96.58,225.73,144.51,148.08,1.4
4108.86,18.61,20.53,61.27,123.96,1694.24,693.53,88.59,97.26,230.15,141.54,145.26,1.78
4109.88,19.46,22.62,57.95,125.94,1692.72,694.83,85.49,95.17,230.31,141.73,145.45,1.78
4111.88,21.99,22.62,56.54,129.9,1712.42,701.08,83.39,95.17,230.31,141.96,145.57,1.78
4112.88,27.75,21.77,59.75,155.91,1724.54,699.57,86.69,96.02,229.46,142.07,145.68,2.16
4114.88,25.96,20.23,64.05,113.97,1650.3,744.18,85.99,97.56,230.14,142.3,145.83,1.4
4116.89,25.41,21.0,61.76,157.66,1694.24,709.05,87.44,96.79,228.53,142.42,146.02,2.16
4117.89,24.71,20.36,58.53,114.54,1764.7,731.25,83.74,97.43,228.45,142.57,146.21,1.78
4119.89,21.35,20.23,55.84,112.52,1729.85,730.82,83.04,97.56,228.76,142.68,146.4,1.4
4120.9,19.67,20.49,60.6,91.82,1764.7,724.57,86.09,97.3,228.44,142.87,146.56,1.02
4121.91,17.38,20.19,57.09,112.86,1746.51,735.78,90.69,97.6,228.59,143.06,146.79,1.4
4122.92,22.85,21.21,56.85,114.27,1786.67,724.57,90.24,96.58,228.21,143.22,146.98,1.4
4123.93,18.65,20.06,58.1,138.75,1791.21,719.61,88.34,97.73,228.24,143.37,147.2,1.4
4124.94,17.29,19.51,57.95,108.59,1838.19,732.54,90.59,98.28,227.29,143.6,148.42,1.4
4125.95,20.31,20.1,59.2,120.83,1841.97,731.47,86.59,97.69,226.22,143.71,147.93,1.78
4126.96,18.95,20.06,56.79,114.92,1820.0,734.27,86.74,97.73,226.11,143.87,148.16,1.78
4127.98,22.44,21.08,63.8,130.32,1798.79,736.21,86.34,96.71,225.69,144.06,147.89,1.78
4128.98,21.77,20.62,58.31,118.12,1806.37,734.05,87.29,97.17,226.01,144.21,148.16,1.4
4129.3,30.0,20.0,0.0,33.14,1800.59,304.06,52.17,119.74,227.66,144.36,146.82,-0.13
4130.32,15.87,19.98,53.13,106.42,1797.27,734.92,90.94,97.81,222.86,146.15,151.44,4.45
4131.35,15.72,23.38,58.34,123.35,1781.36,733.19,92.25,94.41,223.27,146.27,151.55,4.45
4132.36,21.93,24.28,52.79,122.32,1807.12,733.84,92.45,93.51,224.01,146.31,151.59,4.45
4133.37,19.75,24.66,55.32,118.09,1802.58,732.98,91.95,93.13,224.76,146.31,151.67,4.45
4134.38,19.34,25.64,51.33,111.95,1796.52,733.84,92.9,92.15,224.31,146.27,151.67,4.45
4135.39,20.31,24.7,52.85,132.19,1799.55,733.19,92.3,93.09,220.02,146.23,151.7,5.21
4136.4,19.24,24.62,57.52,106.08,1795.76,734.27,92.15,93.17,220.68,146.19,151.7,4.83
4137.41,21.4,24.83,59.81,106.23,1796.52,733.84,92.6,92.96,219.11,140.01,151.7,5.21
4138.42,23.0,24.19,56.82,113.24,1809.4,731.47,89.84,93.6,220.0,140.82,151.51,5.21
4139.43,37.96,24.45,65.21,127.81,1832.88,727.16,88.04,93.34,220.2,141.84,151.25,5.21
4140.44,57.1,24.4,48.7,129.45,1830.61,726.08,89.14,93.38,220.26,133.88,149.8,5.59
4141.45,42.37,23.55,70.12,172.3,1791.21,732.11,89.69,94.24,220.26,133.46,149.49,5.21
4142.48,28.96,24.15,81.07,113.24,1787.42,732.76,89.64,93.64,221.13,132.89,149.0,5.21
4143.49,21.27,25.47,50.32,127.2,1785.91,731.47,89.34,92.32,221.42,132.28,148.39,5.21
4144.5,27.14,24.62,57.58,125.52,1797.27,731.68,92.05,93.17,221.8,131.82,148.08,5.21
4145.51,21.17,25.64,62.71,112.1,1780.61,732.98,90.59,92.15,222.12,131.28,147.62,5.21
4146.52,20.76,24.4,64.9,108.63,1782.88,734.05,83.49,93.38,222.59,130.94,147.05,5.21
4147.53,18.19,24.49,56.24,116.56,1771.51,733.62,85.89,93.3,223.74,130.45,146.4,5.59
4148.54,16.67,24.92,66.61,120.72,1782.12,733.84,87.54,92.87,224.78,129.87,145.91,5.21
4149.55,17.38,24.66,76.1,107.49,1773.03,734.27,85.99,93.13,225.26,129.34,145.15,5.21
4150.56,18.0,24.45,77.84,115.57,1773.79,733.84,85.94,93.34,225.21,128.81,144.5,5.21
4151.57,15.08,24.92,65.57,108.67,1776.06,734.48,81.99,92.87,225.33,128.16,143.66,5.59
4152.58,17.32,24.96,65.02,110.69,1778.33,732.76,83.14,92.83,225.56,127.47,143.01,5.21
4153.59,21.68,25.3,48.58,116.71,1785.91,732.11,88.44,92.49,225.66,126.82,142.44,5.59
4154.6,22.45,25.77,56.76,110.84,1782.12,731.9,87.59,92.02,225.86,126.25,141.94,5.59
4155.61,23.19,25.72,50.38,124.11,1791.21,730.17,82.29,92.06,226.49,125.64,141.45,5.59
4156.62,23.7,26.36,49.28,120.11,1790.46,729.96,87.54,91.43,226.66,125.11,141.07,5.97
4157.63,19.55,25.9,60.54,101.69,1788.94,732.33,90.94,91.89,226.67,124.5,140.57,5.59
4158.66,15.02,26.79,57.73,105.96,1793.49,729.1,92.05,91.0,226.72,123.7,139.96,5.59
4159.67,15.35,26.41,48.52,117.82,1793.49,728.66,83.84,91.38,227.75,123.24,139.47,5.59
4160.68,15.62,26.36,48.95,102.84,1795.0,728.45,86.94,91.43,228.4,122.86,138.93,6.36
4161.69,15.15,25.85,54.53,101.08,1798.79,729.31,87.09,91.94,228.47,122.21,138.25,6.36
4162.7,15.6,26.66,42.26,100.24,1799.55,728.02,86.34,91.13,229.61,121.41,137.67,6.74
4163.71,16.76,26.28,49.77,101.77,1792.73,727.59,83.94,91.51,229.97,120.91,137.18,6.36
4164.72,18.55,25.13,54.99,109.24,1796.52,727.37,84.99,92.66,230.31,120.49,136.64,6.36
4165.74,15.69,26.02,49.07,113.93,1807.12,727.37,86.24,91.77,230.91,120.0,136.07,6.74
4166.75,16.3,25.94,49.92,101.27,1804.09,728.23,87.59,91.85,231.09,119.73,135.54,6.74
4167.76,15.08,26.02,36.96,130.78,1804.85,728.88,89.34,91.77,230.97,119.54,135.04,7.12
4168.77,13.69,25.21,51.33,48.51,1789.7,729.31,90.49,92.58,230.92,119.39,134.62,6.74
4169.78,15.97,25.85,61.18,116.79,1800.3,726.94,88.69,91.94,230.77,119.31,134.13,7.12
4170.79,15.21,26.41,58.62,113.36,1799.55,726.94,84.64,91.38,230.61,119.12,133.67,6.74
4171.8,17.77,26.32,50.01,110.99,1839.7,733.97,84.79,91.47,228.54,115.96,132.45,7.12
4172.81,14.55,25.85,52.85,109.77,1821.52,729.88,83.74,91.94,228.71,116.49,132.03,7.12
4173.82,17.49,26.02,48.49,119.15,1819.24,729.45,85.69,91.77,229.31,116.57,131.69,7.12
4174.83,17.31,26.02,46.57,126.85,1807.88,727.51,85.54,91.77,230.2,116.42,131.5,7.12
4175.84,17.59,25.85,57.98,110.23,1813.94,726.87,84.74,91.94,229.49,116.38,131.15,7.12
4176.85,16.99,25.77,40.77,129.37,1821.52,729.02,85.74,92.02,229.48,116.34,130.89,7.5
4177.86,18.18,25.55,36.93,135.89,1820.0,727.3,86.14,92.24,229.81,116.19,130.66,7.5
4178.9,18.49,28.36,42.2,135.89,1816.21,725.58,86.69,89.42,229.99,116.03,130.32,7.5
4179.91,23.82,28.83,55.81,111.6,1814.7,722.13,86.64,88.96,229.95,115.92,130.09,7.5
4180.92,20.54,28.41,54.25,117.32,1816.21,722.56,82.99,89.38,229.86,115.65,129.78,7.5
4181.93,21.63,28.24,54.8,118.62,1807.88,720.41,86.19,89.55,229.67,115.54,129.51,7.5
4183.97,25.78,28.79,49.28,117.28,1815.46,717.61,85.04,89.0,229.35,115.23,129.06,7.5
4184.98,35.92,27.85,33.69,154.15,1848.79,714.81,84.89,89.94,229.46,115.04,128.94,7.88
4185.99,29.79,29.3,32.59,172.07,1816.21,716.31,86.34,88.49,229.62,114.93,128.83,8.26
4187.0,31.48,27.68,55.93,121.78,1812.43,715.02,86.69,90.11,229.58,114.85,128.68,7.5
4188.01,28.43,28.36,55.99,118.66,1801.82,714.81,82.94,89.42,229.56,114.7,128.49,7.5
4189.03,29.37,28.32,62.83,126.21,1805.61,716.96,80.69,89.47,229.52,114.62,128.33,7.5
4190.04,23.96,28.75,58.46,113.7,1798.79,716.53,80.79,89.04,229.58,114.55,128.14,7.5
4191.05,24.6,28.49,63.53,119.38,1797.27,718.04,85.49,89.3,229.53,114.32,127.99,7.12
4192.06,21.5,28.49,62.07,133.03,1800.3,718.68,88.39,89.3,230.25,114.17,127.8,7.88
4193.07,21.76,28.32,65.79,119.53,1785.15,717.61,90.19,89.47,230.57,114.05,127.65,7.5
4194.08,23.45,27.68,62.37,129.87,1795.76,714.81,90.24,90.11,230.22,113.94,127.46,7.88
4195.09,25.26,28.71,64.9,130.51,1806.37,716.75,86.64,89.08,230.2,113.82,127.34,7.5
4196.1,25.81,28.15,61.82,132.5,1791.21,715.45,84.94,89.64,230.18,113.75,127.23,7.88
4197.13,24.84,28.79,67.22,128.95,1782.12,717.39,82.79,89.0,230.21,113.59,127.04,7.5
4198.14,20.64,28.49,56.79,127.81,1783.64,715.67,84.39,89.3,230.22,113.44,126.88,7.5
4199.17,21.57,28.62,56.05,135.81,1835.91,727.51,86.09,89.17,230.17,113.25,126.77,7.5
4200.18,28.27,28.88,63.22,133.37,1828.34,723.42,85.74,88.91,230.2,113.1,126.66,7.5
4201.19,33.45,31.86,57.61,130.17,1845.0,724.28,87.14,85.93,230.23,113.06,126.58,7.88
4202.21,23.81,29.22,55.99,127.43,1834.4,726.87,88.24,88.57,230.33,113.02,126.46,7.88
4203.22,25.91,30.28,48.09,155.45,1843.49,721.27,89.54,87.51,230.05,112.91,126.35,8.26
4204.24,34.79,28.45,57.34,113.78,1819.24,722.56,88.94,89.34,228.53,109.59,125.55,7.88
4205.25,16.08,28.54,50.26,116.71,1820.76,722.78,87.89,89.25,228.66,110.2,125.24,7.5
4206.26,16.61,27.39,54.5,115.19,1809.4,726.65,89.29,90.4,228.78,110.51,125.17,7.5
4207.27,16.33,28.45,45.59,133.68,1814.7,721.05,83.94,89.34,229.03,110.73,125.09,7.88
4208.28,17.59,28.15,47.73,114.39,1815.46,724.93,83.29,89.64,229.24,110.89,125.02,7.88
4209.29,16.16,28.11,48.58,117.7,1834.4,725.58,86.39,89.68,229.26,110.96,124.9,7.88
4210.3,20.22,28.41,43.58,127.39,1823.03,723.64,88.54,89.38,229.43,111.0,124.79,8.26
4211.31,17.17,28.19,48.73,124.07,1805.61,721.05,88.69,89.6,229.39,111.04,124.56,7.88
4212.32,18.76,28.28,29.05,115.99,1822.28,724.93,89.39,89.51,229.54,111.0,124.44,8.26
4213.33,18.63,28.79,34.94,123.08,1818.49,721.91,88.04,89.0,229.53,111.04,124.25,7.88
4214.34,18.95,29.0,42.33,112.56,1822.28,723.64,80.24,88.79,229.68,111.04,124.1,7.88
4215.35,16.99,28.32,40.16,117.67,1815.46,724.5,83.29,89.47,229.7,110.85,123.95,8.26
4216.37,17.74,28.58,44.55,114.31,1814.7,722.13,87.44,89.21,229.76,110.73,123.83,7.88
4217.38,20.67,29.09,46.11,133.41,1827.58,726.87,86.24,88.7,229.8,110.7,123.76,7.88
4218.39,23.05,27.68,44.52,120.56,1823.03,725.79,88.19,90.11,229.82,110.62,123.64,8.26
4219.4,19.86,28.41,43.67,129.03,1830.61,725.36,88.64,89.38,229.8,110.47,123.57,8.26
4220.41,20.41,28.83,44.8,116.64,1820.0,723.21,90.39,88.96,230.19,110.47,123.41,7.88
4221.42,23.37,27.98,39.49,121.67,1826.06,724.71,80.39,89.81,230.4,110.24,123.3,7.88
4222.43,23.35,28.19,30.37,131.85,1829.09,723.21,87.44,89.6,230.89,110.09,123.22,8.64
4223.44,25.78,28.28,35.7,135.78,1826.82,720.41,87.44,89.51,230.88,109.97,123.15,8.26
4224.45,23.48,27.9,42.42,123.73,1827.58,688.1,87.24,89.89,230.3,109.93,123.0,8.26
4225.46,25.24,28.32,38.88,127.46,1833.64,0.0,86.44,89.47,230.42,109.86,122.96,8.64
4226.47,23.63,28.24,39.34,124.57,1828.34,0.0,88.09,89.55,231.11,109.82,122.84,8.64
4227.48,25.79,28.36,38.48,133.37,1832.88,0.0,86.09,89.42,231.43,109.59,122.77,8.26
4228.49,20.65,28.19,43.48,135.81,1807.88,0.0,85.24,89.6,231.41,109.51,122.69,8.64
4229.5,21.13,28.41,38.69,136.77,1811.67,0.0,80.64,89.38,231.71,109.36,122.65,8.64
4230.51,20.34,28.92,37.57,127.04,1836.67,0.0,83.24,88.87,229.53,109.13,122.54,8.64
4231.52,20.08,27.94,2.66,152.89,1839.7,0.0,87.74,89.85,230.49,109.13,122.46,9.41
4232.53,14.34,28.49,46.44,190.94,1835.91,0.0,84.39,89.3,230.74,109.02,122.39,9.41
4233.55,18.77,28.58,23.96,112.82,1829.09,0.0,87.04,89.21,230.79,108.98,122.19,8.64
4234.55,20.78,28.07,50.78,130.13,1818.49,718.9,81.49,89.72,229.38,105.93,120.86,8.64
4235.56,17.75,27.6,59.9,127.73,1821.52,722.34,81.34,90.19,229.24,106.5,120.82,8.64
4236.57,20.54,27.81,55.87,117.89,1822.28,721.05,84.49,89.98,229.64,106.85,120.71,8.64
4237.58,19.05,28.02,65.6,116.83,1809.4,721.27,84.99,89.77,229.77,107.11,120.56,8.64
4238.59,22.21,28.75,45.44,120.11,1825.31,717.18,85.19,89.04,230.16,107.23,120.4,8.64
4239.6,21.46,27.26,25.64,137.38,1836.67,713.3,86.14,90.53,230.69,107.27,120.29,9.03
4240.62,38.19,25.17,65.33,148.7,1866.97,721.27,85.84,92.62,231.0,107.27,120.4,9.03
4241.63,29.44,27.94,53.52,166.12,1787.42,727.51,87.49,89.85,231.54,107.34,120.48,9.03
4242.64,23.31,25.55,68.87,117.93,1748.03,732.04,87.89,92.24,230.87,107.53,120.44,8.64
4243.65,19.75,27.64,68.41,131.01,1713.94,721.91,88.29,90.15,230.15,107.88,120.4,9.03
4244.66,21.95,27.98,70.12,123.84,1712.42,735.91,88.14,89.81,229.53,108.14,120.36,8.64
4245.67,20.53,27.9,64.81,123.8,1743.48,729.02,85.89,89.89,229.49,108.37,120.33,9.03
4246.68,19.4,28.45,69.33,121.1,1751.82,632.11,82.34,89.34,229.43,108.45,120.29,9.03
4247.69,15.46,28.71,70.46,126.55,1754.09,729.88,82.24,89.08,230.15,108.49,120.21,8.64
4248.7,15.54,28.49,54.22,135.24,1766.97,593.77,85.79,89.3,230.02,108.37,120.25,9.03
4249.71,15.53,28.62,40.92,168.26,1774.55,721.7,88.54,89.17,230.02,108.18,120.33,9.41
4250.72,17.99,29.09,49.16,122.39,1769.24,0.0,85.89,88.7,230.04,108.14,120.4,8.64
4251.73,15.94,27.17,43.15,113.66,1777.58,727.73,81.09,90.62,230.09,108.07,120.44,9.03
4252.74,16.37,26.96,61.45,112.63,1765.45,726.22,79.89,90.83,230.65,108.07,120.33,8.64
4253.75,16.67,28.79,54.68,130.29,1777.58,0.0,80.19,89.0,231.52,108.07,120.25,9.03
4254.78,17.24,29.13,61.49,118.43,1784.39,638.35,78.59,88.66,231.62,107.99,120.17,8.26
4255.79,22.73,28.02,65.73,124.57,1776.06,0.0,79.34,89.77,231.79,107.91,120.14,8.64
4256.8,18.45,28.92,60.45,124.95,1779.85,0.0,79.24,88.87,231.92,107.88,120.06,9.03
4257.81,19.14,28.11,64.26,118.43,1782.12,1417.55,78.89,89.68,232.39,107.8,119.98,9.03
4258.82,17.76,28.07,63.04,117.55,1767.73,726.01,80.24,89.72,232.34,107.72,119.91,9.03
4259.83,16.52,29.0,65.36,113.51,1779.09,726.87,85.09,88.79,232.9,107.68,119.87,9.03
4260.84,18.08,27.56,65.15,116.83,1784.39,726.01,86.94,90.23,233.03,107.57,119.87,9.41
4261.85,17.55,28.83,62.92,119.38,1777.58,725.36,88.19,88.96,233.22,107.49,119.79,9.03
4262.86,19.23,28.36,66.55,126.28,1784.39,726.65,85.94,89.42,233.29,107.42,119.75,9.41
4263.87,19.44,28.83,64.93,120.56,1771.51,727.3,85.69,88.96,233.26,107.34,119.72,9.03
4264.88,18.46,29.3,64.6,118.54,1780.61,727.73,85.44,88.49,233.67,107.27,119.72,9.41
4265.89,14.3,29.05,68.26,125.9,1721.51,714.59,88.89,88.74,234.38,106.16,119.18,9.41
4266.9,14.48,28.32,62.8,111.6,1723.03,715.88,88.09,89.47,234.86,106.24,119.03,9.41
4267.91,14.03,28.07,67.98,128.57,1730.6,717.39,87.09,89.72,234.57,106.24,118.84,9.41
4268.92,15.09,28.79,57.15,124.8,1738.94,720.41,86.24,89.0,234.72,106.24,118.65,9.41
4269.93,13.26,27.51,64.23,91.13,1741.97,720.84,85.14,90.28,234.95,106.16,118.53,9.41
4270.94,13.83,28.15,70.76,113.85,1728.33,719.33,86.29,89.64,236.54,106.01,118.42,9.41
4271.95,13.52,28.96,44.22,89.19,1744.24,719.55,87.09,88.83,237.14,106.01,118.34,9.41
4272.96,13.93,28.24,56.3,125.02,1743.48,721.27,86.44,89.55,237.26,105.97,118.34,9.41
4273.97,12.5,28.24,54.38,95.74,1738.18,721.7,87.39,89.55,237.52,105.89,118.31,9.41
4275.0,14.1,29.47,45.47,110.77,1751.06,721.91,88.54,88.32,237.56,105.93,118.19,9.41
4276.01,13.52,27.85,53.06,101.23,1765.45,729.02,90.09,89.94,237.6,105.85,118.19,9.41
4277.02,15.35,28.62,45.28,121.36,1763.18,727.73,89.79,89.17,237.94,105.85,118.12,9.41
4278.03,14.78,29.13,44.06,105.05,1750.3,725.79,87.79,88.66,238.5,105.82,118.08,9.41
4279.04,14.49,29.26,38.63,120.22,1791.21,733.54,86.24,88.53,238.7,105.78,118.08,9.41
4280.05,14.5,29.0,45.53,116.6,1773.03,731.39,87.64,88.79,238.76,105.82,118.04,9.79
4281.06,13.43,28.79,31.25,124.11,1776.82,732.9,81.59,89.0,238.77,105.85,117.96,9.79
4282.07,13.93,28.79,26.92,120.3,1766.97,731.61,81.69,89.0,238.9,105.85,117.92,9.79
4283.08,13.82,29.47,41.75,120.07,1771.51,731.39,84.39,88.32,239.2,105.85,117.89,9.79
4284.09,14.37,28.07,51.81,106.88,1778.33,731.18,86.64,89.72,239.25,105.82,117.85,9.41
4285.1,13.36,29.51,50.65,106.88,1775.3,732.9,84.04,88.28,239.45,105.74,117.77,9.41
4286.11,14.6,30.07,51.72,105.05,1781.36,732.9,86.14,87.72,240.09,105.7,117.7,9.79
4287.12,13.98,28.36,49.74,103.9,1776.82,732.9,86.59,89.42,240.11,105.63,117.66,9.41
4288.13,12.98,28.75,51.11,110.84,1776.82,734.41,85.24,89.04,240.34,105.59,117.58,9.79
4289.14,13.48,29.09,50.44,101.73,1770.76,730.96,85.14,88.7,240.44,105.51,117.54,9.79
4290.15,12.32,28.75,44.71,95.52,1785.91,732.47,85.84,89.04,240.61,105.51,117.47,9.41
4291.16,14.84,27.77,22.22,129.29,1793.49,732.25,85.24,90.02,241.1,105.4,117.43,9.79
4292.17,19.22,28.96,39.73,120.22,1767.73,731.18,81.59,88.83,241.25,105.32,117.39,9.79
4297.0,16.0,23.85,63.01,125.52,1724.54,724.5,80.99,93.94,239.57,103.64,116.97,9.79
4298.01,12.54,28.62,50.04,125.14,1770.0,730.31,84.94,89.17,239.94,103.87,117.01,9.79
4299.02,11.91,28.54,56.3,109.66,1769.24,729.45,85.74,89.25,239.53,104.14,116.9,9.41
4300.03,11.61,29.34,56.82,110.12,1758.64,728.16,88.94,88.45,239.53,104.25,116.82,9.41
4301.04,12.0,29.43,51.51,108.33,1766.21,728.59,89.79,88.36,239.52,104.37,116.78,9.41
4302.05,10.81,29.0,54.53,106.15,1756.36,726.01,92.3,88.79,239.27,104.41,116.7,9.41
4303.06,11.57,28.75,54.53,107.64,1755.6,727.51,90.94,89.04,237.98,104.44,116.59,9.41
4304.07,11.66,29.34,56.39,119.38,1772.27,728.59,91.95,88.45,237.74,104.44,116.55,9.79
4305.08,12.39,29.09,57.49,102.68,1774.55,728.59,89.74,88.7,237.38,104.44,116.48,9.41
4306.09,12.84,28.36,54.59,112.98,1763.94,724.71,87.34,89.42,237.12,104.48,116.44,9.79
4307.1,13.67,28.58,57.95,110.42,1780.61,729.02,89.09,89.21,236.56,104.48,116.4,9.79
4308.11,12.41,29.0,56.57,102.72,1763.94,728.81,89.44,88.79,237.22,104.41,116.29,9.79
4309.12,12.55,29.13,52.21,99.75,1770.76,727.94,89.44,88.66,237.9,104.29,116.29,9.79
4310.13,11.69,28.92,57.09,115.8,1762.42,726.44,91.95,88.87,239.09,104.14,116.25,10.55
4311.15,12.39,29.3,56.7,109.09,1773.03,729.02,91.09,88.49,239.16,104.02,116.29,10.55
4312.17,13.42,28.02,52.67,106.76,1765.45,726.22,92.05,89.77,239.28,103.95,116.29,10.55
4313.18,17.74,28.32,3.88,115.72,1771.51,726.65,92.7,89.47,239.24,103.95,116.32,10.93
4314.18,17.9,28.62,47.36,128.53,1776.82,726.65,90.64,89.17,239.21,103.95,116.29,10.55
4315.19,14.53,28.75,50.56,99.94,1767.73,727.73,88.74,89.04,239.02,103.99,116.25,10.55
4316.2,15.28,27.85,51.72,108.55,1776.06,726.44,87.84,89.94,237.36,103.99,116.21,10.17
4317.21,16.68,28.62,53.03,106.57,1778.33,727.51,88.29,89.17,237.26,104.02,116.17,10.55
4318.22,17.39,28.66,50.62,108.94,1784.39,726.22,91.8,89.13,237.05,104.02,116.09,10.17
4319.23,18.08,27.09,52.42,107.52,1782.88,725.79,87.09,90.7,237.08,103.91,116.06,10.17
4320.24,15.07,29.34,53.58,108.02,1788.18,727.73,84.19,88.45,236.72,103.83,116.06,10.55
4321.25,17.24,29.13,50.38,112.75,1788.94,726.01,81.39,88.66,236.42,103.83,116.02,10.93
4322.26,17.61,28.79,48.7,111.38,1799.55,723.42,87.69,89.0,236.33,103.8,115.98,11.31
4323.27,17.39,28.71,43.61,116.79,1789.7,726.22,85.19,89.08,235.99,103.83,115.94,11.31
4324.28,15.16,29.34,50.5,109.66,1791.21,726.44,84.79,88.45,237.14,103.68,115.9,11.69
4325.3,19.88,25.38,0.0,135.66,1854.85,712.22,82.49,92.41,237.08,103.64,115.87,12.08
4326.31,91.41,28.79,37.87,153.47,1866.97,717.39,86.09,89.0,237.07,103.64,115.87,12.08
4327.33,52.13,27.9,52.82,142.64,1793.49,729.67,85.84,89.89,237.2,103.64,115.87,12.08
4328.34,18.49,29.73,50.9,104.4,1793.49,727.3,86.64,88.06,237.01,103.64,115.87,11.69
4329.35,15.54,29.51,52.94,107.83,1778.33,728.59,85.99,88.28,235.9,103.68,115.79,12.08
4330.35,12.99,26.41,45.04,143.48,1770.76,716.31,86.19,91.38,233.7,102.42,115.56,12.08
4331.37,22.08,26.24,60.42,119.34,1776.06,718.25,84.14,91.55,233.83,102.58,115.52,12.08
4332.38,18.95,26.79,52.39,151.75,1769.24,719.98,80.59,91.0,233.69,102.61,115.48,12.46
4333.39,16.03,26.41,60.78,168.26,1751.06,720.41,83.89,91.38,233.7,102.61,115.48,12.84
4334.4,16.68,26.45,56.88,189.3,1775.3,719.98,85.49,91.34,233.64,102.69,115.41,12.84
4335.41,19.77,27.73,59.44,185.72,1767.73,717.82,87.59,90.06,233.63,102.65,115.29,17.03
4336.42,21.29,25.09,54.65,181.75,1777.58,716.31,87.29,92.7,233.63,102.73,115.22,17.03
4337.43,16.6,27.17,58.83,189.07,1761.67,720.62,87.74,90.62,233.18,102.69,115.14,17.41
4338.44,13.98,27.22,56.73,174.66,1758.64,717.82,84.29,90.57,232.69,102.73,115.14,17.03
4339.45,13.51,25.6,55.72,188.16,1760.91,721.48,88.24,92.19,232.37,102.73,115.07,17.41
4340.46,14.08,26.24,55.08,189.26,1752.57,720.41,88.79,91.55,232.28,102.8,115.03,17.03
4341.47,15.53,25.98,56.91,169.33,1793.49,729.74,88.29,91.81,231.36,99.49,114.19,16.27
4342.48,13.61,27.9,56.82,178.06,1807.12,730.17,88.04,89.89,231.45,100.48,114.19,16.27
4343.49,13.08,26.49,61.09,197.27,1801.06,728.88,91.95,91.3,231.25,101.24,114.19,16.27
4344.5,14.75,26.96,62.61,177.94,1789.7,728.02,90.99,90.83,231.19,101.55,114.23,15.89
4345.51,14.04,26.7,61.27,181.98,1783.64,728.02,80.04,91.09,230.99,101.89,114.38,15.51
4346.52,12.54,27.22,61.09,185.87,1775.3,725.86,84.69,90.57,231.09,102.19,114.3,15.12
4347.53,13.83,26.15,62.58,183.01,1801.06,730.6,86.04,91.64,231.58,102.35,114.23,15.12
4348.54,14.38,27.09,61.3,174.24,1802.58,729.1,87.14,90.7,232.58,102.5,114.19,14.74
4349.55,13.41,28.71,61.76,174.32,1798.03,730.6,87.49,89.08,231.87,102.65,114.19,13.98
4350.56,13.67,28.62,58.1,159.87,1788.94,730.39,86.09,89.17,231.95,102.77,114.23,13.98
4351.57,15.21,27.77,57.31,172.99,1786.67,730.39,87.89,90.02,231.62,102.92,114.26,13.6
4352.58,14.21,28.19,58.98,173.52,1783.64,729.96,90.39,89.6,230.89,103.03,114.3,13.6
4353.59,14.48,28.24,54.99,169.74,1790.46,729.96,91.49,89.55,230.28,103.15,114.34,13.22
4354.6,15.33,28.11,54.01,182.14,1788.18,729.1,90.64,89.68,229.19,103.19,114.46,13.22
4355.61,13.66,27.56,56.6,167.84,1792.73,730.6,88.59,90.23,229.37,103.15,114.53,13.22
4356.62,14.27,27.6,56.18,171.61,1801.82,731.9,88.89,90.19,229.46,103.22,114.57,13.22
4357.63,13.89,27.85,56.73,173.98,1801.82,732.33,90.69,89.94,228.82,103.38,114.57,13.6
4358.64,13.61,28.11,60.94,177.52,1788.94,731.04,89.74,89.68,227.87,103.57,114.57,12.84
4359.65,12.98,28.41,58.65,171.84,1780.61,729.74,87.09,89.38,228.1,103.49,114.57,12.84
4360.66,14.15,27.85,59.47,166.05,1779.09,730.6,84.59,89.94,228.47,103.57,114.57,12.46
4361.67,13.04,24.53,53.95,163.64,1748.79,0.0,91.09,93.26,224.91,96.48,112.97,11.69
4362.68,13.13,25.68,56.6,163.11,1774.55,3317.51,90.74,92.11,224.85,98.38,112.74,11.69
4363.69,13.21,26.58,55.78,148.7,1776.82,727.3,89.39,91.21,224.91,99.68,112.89,11.31
4364.7,18.44,26.83,57.31,163.57,1777.58,729.45,90.99,90.96,224.91,100.4,113.08,11.31
4365.71,18.55,26.92,56.02,236.43,1808.64,736.34,90.39,90.87,225.02,101.66,113.62,12.08
4366.72,14.96,26.79,54.47,232.04,1788.18,732.68,88.39,91.0,225.06,102.23,113.39,12.08
4367.73,14.08,27.22,52.45,244.58,1793.49,732.9,90.44,90.57,224.94,102.54,113.35,12.08
4368.74,14.84,25.64,54.41,236.27,1789.7,733.11,90.69,92.15,224.54,102.73,113.31,11.69
4369.75,13.17,26.24,52.97,240.01,1781.36,733.54,90.84,91.55,224.44,102.96,113.39,12.08
4370.76,14.78,27.04,56.6,230.63,1784.39,733.33,90.94,90.74,224.57,103.07,113.39,11.31
4371.77,15.87,25.81,53.77,240.89,1773.79,730.1,88.74,91.98,224.4,103.07,113.39,11.69
4372.78,14.13,27.04,55.05,230.94,1771.51,730.74,91.39,90.74,224.31,103.11,113.5,11.31
4373.79,14.35,26.36,54.1,241.0,1764.7,729.67,82.64,91.43,224.2,103.19,113.54,11.31
4374.8,15.67,25.21,58.07,245.35,1777.58,730.31,85.39,92.58,224.07,103.19,113.62,11.69
4375.81,19.64,26.58,58.22,251.52,1779.09,729.45,85.19,91.21,223.71,103.22,113.69,11.69
4376.82,17.9,26.19,58.62,251.6,1770.76,729.02,86.19,91.6,223.61,103.22,113.73,11.31
4377.83,18.64,26.79,54.35,250.99,1770.76,727.94,86.24,91.0,223.61,103.3,113.77,11.69
4378.84,17.14,25.6,54.83,251.98,1779.85,731.82,89.29,92.19,223.55,103.26,113.81,11.31
4379.85,18.27,25.64,61.15,244.7,1768.48,728.59,88.44,92.15,223.5,103.38,113.85,10.93
4380.86,14.95,25.3,62.61,247.37,1761.67,729.45,87.04,92.49,223.48,103.38,113.92,11.31
4381.87,16.08,25.13,61.33,236.54,1767.73,730.1,85.34,92.66,223.35,103.41,113.96,10.93
4382.88,14.62,26.19,58.16,251.83,1774.55,730.74,86.09,91.6,223.12,103.38,114.0,10.93
4383.88,15.8,23.55,61.52,243.63,1765.45,730.53,87.49,94.24,223.07,103.41,114.04,10.17
4384.89,17.56,26.53,58.4,246.07,1767.73,729.67,88.34,91.26,222.86,103.45,114.07,10.93
4385.9,16.08,24.62,59.2,246.11,1767.73,730.96,88.34,93.17,222.79,103.49,114.11,10.17
4386.91,16.22,25.17,58.95,248.74,1766.97,730.74,85.39,92.62,222.43,103.49,114.15,10.55
4387.92,15.53,26.11,60.45,243.48,1753.33,727.73,84.94,91.68,222.34,103.57,114.19,10.17
4388.95,16.03,26.45,57.67,249.24,1774.55,731.61,84.64,91.34,222.09,103.61,114.19,10.17
4389.98,14.25,27.85,60.33,249.01,1752.57,728.81,81.54,89.94,221.91,103.61,114.26,9.79
4390.99,15.01,26.28,56.66,241.31,1760.15,729.67,78.24,91.51,222.0,103.68,114.3,9.79
4392.0,14.78,25.04,58.86,244.58,1769.24,731.82,78.64,92.75,222.13,103.76,114.34,9.41
4392.0,14.78,25.04,58.86,244.58,1769.24,731.82,78.64,92.75,222.13,103.76,114.34,9.41
4393.01,15.59,26.62,57.31,247.14,1759.39,729.24,83.94,91.17,221.86,103.76,114.34,9.41
4394.02,4.62,11.59,21.61,144.05,1831.47,732.9,82.07,99.7,203.79,103.68,116.13,2.89
4395.03,5.15,12.1,23.62,146.95,1819.34,732.68,85.13,99.19,204.37,104.71,115.98,2.89
4396.04,5.85,11.42,27.1,138.86,1823.13,736.13,83.86,99.87,206.08,104.86,116.09,2.89
4397.05,5.49,10.02,25.15,138.33,1810.25,735.7,86.17,101.27,208.47,104.83,116.29,3.66
4398.05,5.64,10.36,25.73,130.82,1811.01,736.34,86.07,100.93,210.42,104.94,116.4,3.66
4399.06,6.72,11.64,58.92,149.58,1779.95,728.59,82.73,99.65,212.37,103.26,115.83,4.42
4400.07,7.03,11.47,32.87,161.51,1782.22,726.65,83.67,99.82,214.15,103.8,115.83,4.42
4401.08,5.38,11.93,25.45,181.37,1782.98,729.02,81.22,99.36,216.24,104.22,115.87,4.42
4402.09,5.52,11.51,32.14,165.63,1779.95,728.16,83.48,99.78,217.58,104.37,115.75,4.42
4403.1,5.62,12.23,28.57,173.21,1785.25,728.81,86.4,99.06,219.38,104.48,115.68,4.8
4404.11,5.56,12.23,23.07,182.4,1783.74,729.24,86.97,99.06,220.77,104.37,115.6,4.8
4405.12,5.43,10.44,19.78,182.33,1775.4,726.87,88.24,100.85,222.14,104.33,115.52,4.8
4406.13,6.06,12.1,25.33,177.94,1772.37,727.51,85.6,99.19,221.56,104.29,115.45,4.8
4407.14,4.66,11.12,29.02,176.76,1769.34,727.94,77.83,100.17,221.32,104.22,115.37,4.8
4408.15,5.07,12.23,32.23,167.38,1774.64,728.38,81.69,99.06,221.2,104.14,115.26,4.42
4409.16,4.56,11.76,29.24,167.69,1779.19,728.38,81.31,99.53,220.89,104.25,115.26,4.8
4410.17,4.72,12.74,30.15,174.43,1773.89,727.51,84.56,98.55,220.52,104.29,115.22,5.18
4411.18,4.43,12.83,27.38,182.06,1776.92,727.08,84.66,98.46,220.33,104.22,115.18,4.8
4412.19,5.02,11.85,24.51,176.45,1783.74,727.51,82.63,99.44,219.43,104.29,115.1,5.56
4413.2,5.67,13.55,26.46,169.48,1776.16,726.65,86.68,97.74,219.2,104.22,115.1,4.8
4414.21,5.79,14.36,25.88,172.91,1776.16,729.88,85.65,96.93,219.7,104.1,115.07,5.18
4415.21,5.72,13.38,21.18,183.43,1705.7,745.39,88.61,97.91,218.03,104.6,115.1,5.56
4416.22,5.64,13.93,19.87,180.76,1698.88,744.96,87.15,97.35,217.99,104.98,115.26,5.18
4417.23,5.82,13.42,24.6,177.67,1734.49,739.57,86.49,97.87,217.73,105.05,115.56,5.18
4418.24,5.42,14.57,26.28,170.7,1720.1,738.71,85.36,96.72,217.55,105.17,115.52,5.18
4419.25,6.21,14.36,36.07,159.76,1718.58,737.85,82.16,96.93,216.91,105.24,115.37,5.18
4420.26,5.2,13.04,21.55,177.79,1729.95,737.21,85.74,98.25,216.31,105.09,115.45,5.56
4421.27,5.8,13.38,1.69,200.47,1732.22,736.99,87.15,97.91,216.67,105.02,115.45,5.56
4422.28,5.51,13.51,48.09,132.0,1734.49,736.77,85.65,97.78,216.05,105.05,115.37,5.56
4423.29,5.71,13.51,46.93,133.41,1742.82,736.34,84.8,97.78,215.25,104.9,115.33,5.18
4424.3,6.3,13.0,42.78,131.39,1736.01,735.27,83.48,98.29,214.96,104.63,115.26,5.94
4425.31,6.15,13.59,42.75,129.29,1748.89,735.91,83.34,97.7,215.71,104.48,115.18,5.56
4426.32,6.24,12.32,42.26,130.4,1741.31,733.54,75.99,98.97,214.36,104.52,115.07,5.56
4427.33,5.01,12.96,45.56,129.48,1748.89,736.56,79.01,98.33,213.1,104.56,115.03,5.56
4428.34,6.69,16.62,45.74,131.66,1770.1,732.9,84.85,94.67,211.62,104.41,114.95,5.94
4429.35,6.9,11.59,42.75,124.19,1744.34,732.68,84.8,99.7,210.16,104.29,114.84,5.94
4430.36,4.09,11.34,39.52,125.29,1746.61,733.54,86.64,99.95,209.39,104.14,114.76,5.94
4431.37,4.52,14.4,39.55,129.18,1759.49,730.53,77.26,96.89,208.35,102.35,114.11,5.94
4432.38,4.86,14.32,30.91,129.83,1763.28,732.68,78.77,96.97,207.77,103.03,114.19,5.94
4433.39,5.2,14.4,32.59,134.48,1761.77,732.47,76.28,96.89,207.61,103.26,114.04,6.33
4434.4,6.21,13.51,33.78,137.03,1767.07,732.25,77.69,97.78,207.2,103.34,113.92,5.94
4435.41,5.85,12.91,32.78,134.75,1745.1,729.02,76.51,98.38,207.05,103.3,113.85,5.94
4436.42,5.83,13.98,30.21,110.92,1754.95,728.16,77.5,97.31,207.79,103.19,113.77,5.94
4437.43,5.25,13.76,32.87,133.41,1638.27,746.47,78.35,97.53,208.28,103.22,113.73,6.33
4438.44,5.08,14.4,19.9,154.61,1670.09,731.82,78.35,96.89,210.47,103.41,113.77,5.94
4439.45,5.13,14.36,56.51,138.56,1695.85,727.51,78.44,96.93,211.85,103.19,113.81,5.94
4440.48,8.26,21.39,60.27,133.91,1720.85,0.0,78.82,89.9,211.88,101.97,112.97,6.33
4441.5,10.64,24.07,59.38,153.39,1757.98,740.95,78.54,87.22,212.47,102.46,112.97,6.33
4442.51,10.58,23.69,55.87,154.15,1771.61,735.56,75.95,87.6,212.64,102.73,113.04,6.33
4443.52,12.8,24.79,59.38,150.91,1771.61,732.98,77.5,86.5,212.54,102.8,113.08,5.94
4444.53,14.04,23.0,60.91,160.37,1784.49,729.1,76.46,88.29,212.09,102.92,113.08,5.56
4445.54,45.12,17.21,58.8,171.5,1805.71,727.37,76.32,94.08,212.24,102.96,113.04,5.94
4446.56,56.28,19.73,59.26,164.33,1811.77,725.22,76.23,91.56,211.48,103.0,113.01,5.56
4447.57,56.99,24.07,65.57,150.3,1799.65,724.57,75.38,87.22,211.51,103.0,113.01,5.56
4448.58,19.66,24.11,60.75,137.61,1767.83,728.23,75.99,87.18,211.22,103.07,112.97,5.56
4449.59,16.53,23.56,59.26,155.45,1778.43,1244.23,74.53,87.73,210.99,103.19,112.97,5.56
4450.6,19.97,24.11,54.8,142.9,1770.86,654.09,75.29,87.18,211.01,103.22,112.97,5.18
4451.61,31.92,22.96,52.82,157.09,1776.92,725.0,74.77,88.33,210.91,103.19,112.97,5.18
4452.62,14.66,23.13,64.51,154.19,1752.67,728.88,75.8,88.16,210.72,103.19,112.97,5.18
4453.63,9.9,24.15,58.25,142.87,1749.64,728.88,75.76,87.14,210.66,103.15,113.01,4.42
4454.64,9.39,24.24,57.34,159.34,1757.98,727.8,75.24,87.05,210.73,103.03,113.08,4.42
4455.65,8.25,23.39,55.05,147.14,1755.7,726.51,76.94,87.9,210.74,103.0,113.12,4.42
4456.66,9.59,24.37,58.92,146.56,1779.95,729.96,77.78,86.92,210.76,103.03,113.12,3.66
4457.67,8.72,23.17,61.88,142.52,1770.1,729.31,81.97,88.12,210.51,102.96,113.08,3.66
4458.7,9.32,24.79,56.3,170.77,1776.92,730.82,84.33,86.5,210.82,102.84,113.04,4.04
4459.71,8.72,24.24,59.23,157.81,1776.16,732.76,82.44,87.05,212.27,102.84,113.01,4.04
4460.72,9.6,23.64,58.98,159.26,1770.86,731.47,81.6,87.65,212.93,102.84,113.01,4.04
4461.73,9.59,24.58,48.95,174.85,1779.95,731.68,83.29,86.71,213.7,102.84,113.04,3.28
4462.74,10.07,23.39,52.79,155.56,1776.16,732.76,79.71,87.9,214.74,102.84,113.01,3.28
4463.74,9.23,22.66,62.92,145.65,1687.52,752.16,88.99,88.63,226.45,101.36,112.59,2.89
4464.75,8.86,23.22,39.46,232.08,1711.0,746.77,85.79,88.07,235.29,101.74,112.82,3.28
4465.76,9.17,22.58,59.38,244.7,1725.4,738.15,79.67,88.71,244.7,101.89,112.59,3.28
4466.77,9.06,22.92,58.28,226.25,1740.55,734.48,84.75,88.37,248.37,102.16,112.4,3.28
4467.78,10.87,24.58,58.62,227.89,1752.67,732.98,85.93,86.71,248.24,102.54,112.47,2.89
4468.79,12.26,26.71,55.69,243.44,1746.61,730.82,84.0,84.58,248.13,102.88,112.4,3.28
4469.8,11.32,27.09,59.96,234.14,1750.4,733.19,81.36,84.2,248.29,103.03,112.32,3.28
4470.81,9.44,25.52,56.88,239.89,1736.01,733.62,82.12,85.77,248.01,103.22,112.36,3.28
4471.82,10.78,23.43,58.5,236.92,1747.37,732.54,82.44,87.86,247.84,103.22,112.47,3.28
4472.83,10.56,26.07,57.24,236.92,1745.86,732.33,88.19,85.22,247.69,103.34,112.63,2.89
4473.84,11.29,25.69,53.83,244.13,1751.92,731.04,86.64,85.6,247.63,103.3,112.74,2.51
4474.85,11.4,24.49,57.34,236.39,1748.89,729.96,84.56,86.8,247.39,103.34,112.78,2.51
4475.86,12.99,25.52,55.54,243.63,1748.89,729.53,85.08,85.77,247.43,103.49,112.82,2.51
4476.87,12.15,25.98,61.97,243.55,1749.64,729.96,82.59,85.31,247.36,103.53,112.85,2.13
4477.88,14.76,24.49,58.68,233.72,1729.19,724.57,87.67,86.8,247.4,103.53,112.89,1.75
4477.88,14.76,24.49,58.68,233.72,1729.19,724.57,87.67,86.8,247.4,103.53,112.89,1.75
4478.91,14.85,26.67,47.05,247.21,1754.19,726.94,85.69,84.62,247.33,103.64,112.93,1.75
4479.92,13.36,24.71,69.81,256.48,1759.49,731.47,85.22,86.58,247.55,103.57,112.97,1.75
4480.93,14.08,25.56,60.08,236.16,1753.43,730.82,81.93,85.73,247.4,103.64,113.01,1.75
4481.94,14.72,25.81,56.36,238.41,1755.7,728.88,84.05,85.48,247.36,103.68,113.04,1.37
4482.95,15.27,25.81,57.15,248.93,1739.79,725.65,85.65,85.48,247.3,103.72,113.08,1.37
4483.98,12.92,25.86,57.82,233.57,1744.34,726.51,86.07,85.43,247.23,103.76,113.16,1.37
4484.99,13.12,24.41,58.68,244.77,1760.25,728.88,85.36,86.88,246.94,103.83,113.16,1.37
4486.0,12.49,23.56,58.86,241.95,1746.61,726.51,86.54,87.73,246.97,103.83,113.2,0.99
4487.01,12.45,25.35,56.15,248.32,1757.22,727.16,83.67,85.94,246.94,103.87,113.24,0.99
4488.02,12.93,24.28,58.04,241.42,1754.19,727.16,84.8,87.01,246.96,104.02,113.31,0.99
4489.02,13.26,25.43,61.67,234.9,1757.22,728.88,84.14,85.86,247.67,104.02,113.31,0.61
4490.03,13.71,25.9,60.75,229.83,1746.61,725.22,84.8,85.39,249.08,103.99,113.35,0.61
4491.04,13.18,25.86,57.18,255.64,1753.43,726.51,78.3,85.43,248.79,104.06,113.39,0.61
4492.05,13.98,25.52,55.66,248.59,1761.77,726.51,81.93,85.77,248.1,104.1,113.39,0.23
4493.06,13.67,26.15,56.54,245.04,1765.55,728.45,82.16,85.14,249.75,104.06,113.43,-0.16
4494.07,13.37,26.58,59.93,245.27,1758.73,727.59,85.51,84.71,251.21,104.14,113.5,-0.16
4495.08,11.62,24.41,59.41,240.12,1731.46,717.67,86.64,86.88,247.47,103.15,113.27,-0.92
4496.09,14.5,27.52,58.28,246.03,1761.01,724.57,86.54,83.77,247.17,103.45,113.39,-1.3
4497.1,12.85,25.43,52.97,234.4,1781.46,725.86,84.75,85.86,247.23,103.68,113.46,-1.3
4498.11,11.61,25.81,54.16,240.66,1772.37,724.79,86.54,85.48,247.37,104.1,113.62,-1.68
4499.12,12.85,25.77,56.39,241.57,1764.04,722.63,86.59,85.52,247.34,104.25,114.04,-2.06
4500.13,12.03,24.24,56.3,248.21,1798.13,731.47,87.58,87.05,248.46,104.6,114.0,-1.68
4501.14,12.49,24.96,57.55,246.95,1801.92,730.39,85.84,86.33,248.74,104.75,113.92,-2.06
4502.15,12.76,26.5,57.95,243.78,1804.95,733.19,87.95,84.79,249.56,104.9,113.96,-2.06
4503.16,12.68,24.03,57.15,240.2,1811.77,734.05,86.45,87.26,249.33,104.94,114.11,-2.06
4504.17,12.62,25.22,59.65,244.13,1813.28,733.19,85.74,86.07,249.13,104.9,114.15,-2.06
4505.18,13.27,25.47,57.95,244.66,1817.07,731.9,83.29,85.82,249.08,104.98,114.23,-2.44
4506.19,13.07,24.58,58.19,243.59,1791.31,728.23,86.45,86.71,249.07,104.86,114.3,-2.44
4507.2,12.62,23.94,59.81,241.76,1801.92,730.39,86.17,87.35,249.14,104.9,114.42,-2.44
4508.21,12.7,25.47,60.78,245.08,1805.71,730.82,87.25,85.82,249.31,105.05,114.46,-2.44
4509.22,12.12,24.11,58.46,236.54,1805.71,730.6,87.11,87.18,249.19,105.13,114.46,-2.82
4510.23,13.16,24.32,55.87,252.74,1814.04,730.82,85.93,86.97,250.19,105.13,114.42,-2.82
4511.24,12.75,24.41,57.24,227.62,1803.43,731.04,84.0,86.88,250.31,105.17,114.49,-2.82
4512.25,12.23,24.2,56.6,243.78,1807.22,731.25,84.38,87.09,250.35,105.28,114.57,-2.82
4513.25,16.16,24.49,56.15,27.39,1695.85,701.08,83.72,86.8,251.47,106.16,114.61,-3.97
4514.26,13.31,24.88,57.21,40.54,1692.82,700.65,79.67,86.41,251.57,105.97,114.49,-3.97
4515.27,13.2,25.01,54.59,48.28,1692.82,701.08,82.16,86.28,251.94,105.93,114.38,-3.97
4516.28,14.53,24.2,52.3,60.94,1698.13,700.65,76.42,87.09,252.18,105.82,114.34,-3.59
4517.33,18.12,24.88,49.95,74.2,1710.25,697.2,81.6,86.41,252.35,105.74,114.3,-3.97
4518.34,21.92,24.75,49.34,64.37,1697.37,698.92,80.04,86.54,252.29,105.78,114.3,-3.97
4519.35,16.67,25.39,53.31,37.22,1773.89,717.89,82.54,85.9,252.19,105.63,114.34,-3.97
4520.36,15.35,26.03,55.32,49.16,1773.13,717.89,83.53,85.26,252.27,105.55,114.49,-3.59
4521.37,17.63,25.69,53.49,49.08,1773.13,717.03,82.54,85.6,252.36,105.59,114.57,-3.59
4522.38,18.1,28.03,55.11,55.83,1811.01,725.0,83.06,83.26,252.2,105.66,114.57,-3.97
4523.39,16.32,26.2,57.15,75.31,1801.16,725.43,83.48,85.09,252.3,105.74,114.65,-3.59
4524.4,15.67,26.03,56.76,73.21,1795.86,724.57,82.12,85.26,252.27,105.78,114.72,-3.59
4525.43,15.76,26.11,56.02,64.86,1801.16,723.49,85.13,85.18,252.63,106.01,114.76,-3.59
4526.44,16.85,25.56,55.54,41.15,1797.37,723.06,84.99,85.73,252.3,106.08,114.8,-3.97
4527.45,16.52,18.45,60.14,221.86,1763.28,722.63,86.07,92.84,254.23,104.98,114.61,-2.82
4528.46,10.72,18.02,59.32,211.03,1760.25,725.22,84.19,93.27,254.23,105.32,114.72,-2.82
4529.47,11.03,18.58,65.54,207.11,1752.67,726.51,86.87,92.71,254.27,105.59,114.91,-3.21
4530.48,10.24,17.81,62.37,216.45,1757.98,726.73,82.44,93.48,254.12,105.82,114.95,-3.21
4531.51,9.99,20.49,67.13,219.19,1761.01,724.14,83.95,90.8,253.38,106.08,114.99,-3.21
4532.52,8.8,19.04,64.6,198.11,1766.31,724.57,88.61,92.25,252.75,106.27,115.03,-3.21
4533.53,10.37,24.34,63.77,201.2,1773.89,724.14,85.84,91.95,252.36,106.35,115.07,-3.21
4534.54,9.49,23.79,62.68,209.17,1759.49,720.91,80.09,92.5,252.35,106.43,115.18,-3.21
4535.55,9.13,23.96,56.85,202.76,1765.55,724.57,85.74,92.33,251.71,106.58,115.26,-2.82
4536.56,10.01,24.38,59.29,203.49,1725.4,731.9,85.55,91.9,250.71,106.73,115.33,-3.21
4537.57,12.21,24.34,58.92,204.82,1726.16,731.04,85.36,91.95,249.76,106.85,115.41,-2.82
4538.58,11.26,24.98,59.08,202.3,1731.46,729.53,81.69,91.31,249.59,106.85,115.48,-3.21
4539.59,10.75,24.6,59.29,212.48,1751.16,729.31,77.03,91.69,249.62,106.85,115.56,-2.82
4540.6,16.27,28.64,58.71,198.91,1770.86,724.79,82.82,87.65,249.63,106.81,115.6,-2.82
4541.61,15.43,26.09,58.16,203.26,1767.83,725.65,84.14,90.2,249.93,106.77,115.64,-3.21
4542.62,14.5,24.9,60.6,197.31,1768.58,726.51,83.9,91.39,249.6,106.81,115.68,-3.21
4543.63,16.85,26.6,56.57,204.97,1765.55,731.47,74.25,89.69,249.44,106.77,115.68,-3.21
4544.65,14.33,25.02,57.82,198.07,1727.67,739.01,79.76,91.27,249.13,106.73,115.71,-3.97
4545.68,15.86,28.3,63.16,189.46,1757.22,729.31,79.76,87.99,247.65,106.77,115.71,-3.59
4546.69,7.03,12.42,57.24,203.22,1777.68,731.04,82.21,103.87,247.64,106.73,115.83,-4.35
4547.7,9.6,18.76,58.37,199.98,1773.89,726.94,80.89,97.53,247.83,106.92,115.87,-2.82
4548.71,8.01,17.49,62.68,201.96,1767.07,728.45,83.53,98.8,248.72,106.92,116.4,-3.21
4549.72,6.74,16.51,59.96,181.68,1777.68,737.29,82.49,99.78,252.1,107.07,116.32,-3.21
4550.73,13.66,25.36,58.86,188.77,1794.34,735.99,82.4,90.93,252.35,107.19,116.21,-3.21
4551.74,10.09,23.32,57.61,184.16,1779.19,732.98,81.97,92.97,252.4,107.27,116.21,-3.21
4552.75,10.25,24.68,56.73,196.2,1778.43,736.42,81.55,91.61,251.73,107.19,116.21,-2.82
4553.76,12.49,22.89,58.37,195.67,1757.22,740.73,82.92,93.4,249.75,107.19,116.29,-2.82
4554.77,10.92,23.79,58.01,190.52,1773.13,735.35,82.82,92.5,249.98,107.15,116.4,-2.82
4555.78,11.92,24.85,55.99,192.62,1781.46,732.76,84.05,91.44,250.56,107.23,116.48,-2.82
4556.79,9.56,24.9,54.74,197.84,1786.77,734.7,83.9,91.39,251.59,107.23,116.51,-2.82
4557.8,11.08,22.72,55.72,202.07,1792.07,733.62,82.63,93.57,251.55,107.19,116.59,-2.82
4558.81,13.59,24.0,54.53,149.58,1759.49,726.51,84.19,92.29,250.39,105.51,116.36,-3.21
4559.82,9.34,23.28,54.13,145.34,1754.95,725.0,81.22,93.01,250.45,106.01,116.29,-3.21
4560.83,8.59,24.09,52.82,154.11,1752.67,722.85,80.09,92.2,252.12,106.35,116.44,-3.21
4561.84,9.13,23.58,47.85,121.4,1751.16,721.98,81.13,92.71,253.11,106.73,116.4,-3.21
4562.85,9.04,24.77,48.18,135.47,1752.67,722.41,84.09,91.52,253.14,106.92,116.36,-3.59
4563.86,8.67,24.47,45.71,140.96,1757.98,722.63,83.72,91.82,253.17,107.0,116.36,-3.59
4564.87,8.3,24.09,45.59,138.33,1757.98,723.71,81.83,92.2,253.13,106.96,116.36,-3.21
4565.88,9.29,23.87,49.16,136.39,1762.52,723.06,80.18,92.42,253.28,107.0,116.4,-3.21
4565.88,9.29,23.87,49.16,136.39,1762.52,723.06,80.18,92.42,253.28,107.0,116.4,-3.21
4566.89,8.47,23.49,36.35,146.83,1763.28,723.28,80.7,92.8,254.03,106.92,116.4,-3.21
4567.9,8.98,24.09,38.63,139.85,1758.73,722.63,80.42,92.2,254.21,107.0,116.48,-3.21
4568.91,9.75,25.28,35.58,141.8,1776.16,723.28,78.21,91.01,254.26,107.0,116.48,-3.21
4569.92,8.51,23.15,38.88,135.47,1773.13,724.14,78.44,93.14,255.52,106.92,116.51,-2.82
4570.93,9.03,24.26,40.68,131.24,1771.61,724.57,80.51,92.03,255.63,106.92,116.55,-2.82
4571.94,8.22,24.73,36.96,145.38,1775.4,724.57,79.34,91.56,255.74,106.88,116.51,-2.82
4572.95,8.37,23.83,41.1,143.32,1782.98,725.0,81.17,92.46,255.8,106.81,116.55,-2.44
4573.96,9.34,23.15,39.73,143.63,1775.4,724.35,82.96,93.14,255.81,106.73,116.63,-2.06
4574.97,10.41,24.26,36.25,150.0,1783.74,725.0,83.06,92.03,256.05,106.58,116.59,-2.06
4575.98,8.55,24.68,40.43,149.84,1782.22,725.43,82.4,91.61,255.77,106.5,116.59,-1.3
4576.99,9.13,24.94,37.05,139.97,1785.25,724.57,79.05,91.35,255.67,106.43,116.59,-1.3
4578.0,7.78,25.11,35.28,143.21,1786.77,726.08,81.64,91.18,255.2,106.24,116.51,-0.92
4579.01,7.8,24.47,40.74,131.2,1782.22,725.86,82.92,91.82,254.54,106.05,116.67,0.99
4580.02,7.59,23.49,38.79,126.28,1782.22,725.43,81.83,92.8,254.48,105.89,116.55,1.75
4581.03,7.54,24.04,38.79,127.2,1791.31,727.16,88.0,92.25,254.38,105.82,116.48,1.75
4582.04,7.61,24.38,37.5,136.88,1782.22,725.0,84.09,91.9,253.8,105.78,116.36,2.13
4583.05,6.99,23.96,33.02,136.84,1785.25,725.43,86.12,92.33,253.88,105.66,116.36,2.13
4584.06,7.42,23.87,35.43,133.3,1782.98,724.57,88.28,92.42,254.3,105.66,116.25,2.13
4585.07,7.34,23.62,56.54,127.12,1782.22,725.43,86.64,92.67,254.17,105.63,116.13,2.51
4586.08,7.8,23.66,54.62,128.23,1779.95,726.51,87.53,92.63,253.8,105.63,115.98,2.13
4587.09,7.33,23.75,56.94,122.7,1783.74,726.29,85.51,92.54,253.94,105.36,115.83,2.51
4588.1,6.52,23.58,55.57,127.46,1785.25,728.45,87.3,92.71,252.88,105.4,115.75,3.28
4589.11,6.62,22.81,53.49,132.19,1784.49,727.8,87.44,93.48,251.59,105.21,115.71,3.28
4590.12,7.19,23.79,53.64,140.05,1788.28,725.22,84.0,92.5,250.84,105.05,115.64,3.28
4591.12,7.54,23.83,53.13,130.06,1792.83,725.22,84.75,92.46,250.57,105.13,115.56,2.89
4592.15,7.08,24.64,38.57,133.11,1797.37,745.05,85.32,91.65,239.92,104.25,114.95,4.8
4593.16,6.69,23.7,39.24,138.29,1807.22,743.32,86.64,92.59,242.43,104.37,114.91,4.8
4594.17,6.51,24.21,38.79,130.06,1789.8,745.48,85.27,92.08,245.38,104.56,114.76,3.28
4595.18,6.56,24.21,38.33,142.1,1786.77,744.4,88.94,92.08,247.42,104.63,114.72,3.28
4596.19,6.69,23.83,37.44,134.71,1812.53,743.32,86.87,92.46,248.62,104.86,114.8,3.66
4597.2,6.7,23.62,38.18,138.63,1804.95,742.67,84.94,92.67,248.48,105.02,114.87,3.66
4597.2,6.7,23.62,38.18,138.63,1804.95,742.67,84.94,92.67,248.48,105.02,114.87,3.66
4598.21,6.91,23.87,39.03,124.45,1804.19,742.89,82.63,92.42,248.01,105.21,114.91,3.66
4599.22,6.21,23.36,40.46,120.91,1802.68,744.4,79.71,92.93,247.97,105.02,114.91,3.66
4600.23,6.49,24.13,35.19,133.37,1823.13,743.11,80.51,92.16,248.56,104.94,114.99,4.04
4601.24,5.79,23.79,40.4,134.1,1808.74,743.54,83.76,92.5,249.05,104.94,114.99,4.04
4602.25,6.69,24.09,38.33,124.49,1815.56,743.54,82.63,92.2,249.63,104.94,114.99,4.04
4603.26,6.82,23.49,42.54,135.93,1815.56,743.75,84.42,92.8,250.83,104.9,115.03,4.04
4604.27,7.87,23.11,42.23,127.92,1814.8,742.46,85.51,93.18,250.28,105.09,115.03,4.04
4605.28,6.77,23.96,39.55,132.27,1821.62,742.24,84.8,92.33,250.14,105.21,115.07,4.04
4606.29,7.07,24.17,37.9,125.67,1823.89,741.17,88.8,92.12,250.9,105.09,115.07,4.04
4607.3,7.64,24.3,43.0,140.05,1819.34,742.46,79.24,91.99,250.65,105.05,115.07,4.04
4608.31,7.05,23.66,40.19,112.94,1820.86,742.03,84.89,92.63,250.36,105.09,115.1,4.42
4609.32,7.43,24.6,38.3,132.73,1826.92,742.24,84.89,91.69,249.33,105.09,115.1,4.42
4610.33,7.27,24.68,39.34,130.67,1828.44,741.6,86.78,91.61,249.32,105.13,115.14,4.42
4611.34,8.19,24.51,38.6,129.94,1825.41,741.81,84.89,91.78,249.02,105.21,115.18,4.42
4612.35,7.07,24.34,37.54,128.07,1829.95,741.6,86.73,91.95,248.08,105.32,115.22,4.42
4613.36,7.14,24.43,37.75,126.74,1832.22,741.38,87.86,91.86,247.2,105.36,115.29,4.42
4614.37,6.47,23.79,36.16,125.71,1769.34,727.94,86.17,92.5,245.47,104.1,114.91,5.56
4615.38,5.55,23.92,37.57,137.26,1759.49,726.65,87.01,92.37,245.42,104.44,114.99,5.94
4616.39,6.17,23.79,20.3,123.12,1743.58,725.36,84.38,92.5,244.75,104.6,114.99,6.33
4617.4,6.63,24.26,35.52,126.21,1745.1,724.71,81.55,92.03,244.52,104.71,114.95,6.33
4618.41,7.35,24.26,32.9,131.51,1737.52,721.7,82.12,92.03,244.27,104.67,114.91,6.71
4619.42,6.48,24.85,32.87,128.53,1729.19,719.33,83.48,91.44,244.01,104.67,114.91,6.33
4620.43,6.77,24.64,34.03,138.63,1724.64,718.04,82.92,91.65,243.75,104.67,114.87,6.33
4621.44,6.66,24.56,47.54,136.77,1746.61,723.42,86.21,91.73,242.99,103.07,114.42,6.33
4622.45,5.71,24.6,44.31,132.04,1736.01,716.53,83.15,91.69,243.54,103.53,114.49,6.33
4623.46,5.77,23.92,45.47,134.52,1711.76,713.52,79.05,92.37,244.55,103.87,114.53,6.33
4624.46,5.85,23.79,46.66,133.98,1695.09,708.56,82.12,92.5,244.36,103.95,114.38,6.33
4625.47,5.37,24.04,46.96,135.78,1662.52,700.16,81.97,92.25,243.91,103.91,114.3,5.94
4626.48,6.17,24.3,51.81,133.07,1820.1,730.82,84.89,91.99,243.56,103.07,114.0,5.94
4627.49,6.25,24.09,52.24,126.89,1814.04,732.33,84.71,92.2,243.34,103.53,114.11,6.33
4628.5,6.47,23.96,44.43,132.38,1807.98,732.54,85.32,92.33,243.03,103.76,114.23,13.19
4629.51,5.57,24.43,46.05,136.42,1799.65,731.47,81.93,91.86,242.68,103.83,114.19,6.71
4630.0,6.63,23.19,38.33,143.59,1811.01,730.17,84.94,93.1,242.62,103.95,114.19,8.23
4631.53,9.62,6.25,39.37,169.13,1905.71,724.35,78.25,110.04,216.38,102.08,117.47,-2.06
4632.54,9.25,5.39,36.01,161.81,1923.14,723.92,85.69,110.89,216.47,104.1,116.74,-1.3
4633.55,7.85,8.59,38.91,160.59,2049.66,725.86,90.59,107.7,217.72,105.17,116.51,-1.68
4634.56,8.05,9.4,47.33,172.76,1760.25,714.87,95.21,106.89,219.64,105.74,116.55,-1.3
4635.57,11.91,9.7,48.43,164.75,1795.1,704.09,81.36,106.59,220.4,105.89,116.63,-0.92
4636.58,14.25,9.06,46.66,145.76,1940.56,710.78,77.78,107.23,220.76,105.97,116.67,-0.54
4637.59,15.26,9.1,45.5,165.02,1800.4,721.55,79.1,107.19,221.44,106.05,116.74,-0.54
4638.6,12.7,11.14,45.62,142.26,2119.36,705.82,91.58,105.15,222.38,106.08,116.78,-0.54
4639.61,13.72,10.08,47.57,154.27,2004.2,710.99,90.22,106.21,223.41,106.16,116.9,-0.54
4640.61,11.64,9.95,48.7,167.15,1764.8,721.12,83.34,106.34,225.74,106.16,116.97,-0.16
4641.62,12.11,9.18,52.76,168.68,1759.49,720.69,87.91,107.11,225.73,106.27,117.01,-0.16
4642.63,11.35,7.95,52.82,153.31,1767.07,711.21,92.85,108.34,226.12,106.35,117.09,-0.16
4643.64,12.16,9.82,52.18,160.14,1804.19,707.33,72.93,106.47,226.75,106.39,117.2,-0.16
4644.65,11.01,8.8,54.25,160.82,1773.13,725.86,84.38,107.49,227.38,106.43,117.2,0.23
4645.66,10.42,10.55,52.7,152.13,2015.57,714.44,88.61,105.74,228.27,106.43,117.28,0.61
4645.66,10.42,10.55,52.7,152.13,2015.57,714.44,88.61,105.74,228.27,106.43,117.28,0.61
4646.67,11.68,9.57,50.41,161.01,1801.16,726.08,80.0,106.72,228.74,106.46,117.35,0.61
4646.67,11.68,9.57,50.41,161.01,1801.16,726.08,80.0,106.72,228.74,106.46,117.35,0.61
4647.68,9.95,9.27,53.77,141.49,1771.61,713.15,89.37,107.02,229.66,106.54,117.35,0.61
4648.69,11.57,8.46,52.36,154.46,1798.13,706.9,74.11,107.83,230.36,106.58,117.35,0.99
4649.7,11.21,9.4,54.5,148.2,1759.49,717.46,94.22,106.89,231.16,106.62,117.39,0.61
4650.71,14.3,9.06,49.5,172.15,1823.89,723.49,79.62,107.23,231.6,106.58,117.39,0.99
4651.72,11.43,11.57,54.41,146.34,2102.69,720.26,88.1,104.72,233.94,106.54,117.39,0.99
4652.73,8.59,7.99,55.78,146.91,1768.58,722.85,91.63,108.3,234.63,106.62,117.39,0.99
4653.76,9.22,20.38,0.0,46.18,1614.03,670.69,78.21,95.91,236.38,105.55,117.51,0.99
4654.77,16.41,19.32,0.0,47.63,1653.43,674.13,76.42,96.97,236.65,105.78,117.66,0.99
4655.78,9.54,17.49,0.0,47.82,1595.85,687.93,79.34,98.8,238.33,106.08,117.92,1.37
4656.79,10.98,22.34,0.0,47.17,1707.22,669.61,68.55,93.95,239.31,106.24,118.15,1.37
4657.82,11.04,22.94,0.0,46.64,1690.55,666.37,74.25,93.35,240.3,106.35,118.12,1.37
4658.83,11.34,20.42,0.0,42.75,1748.13,704.9,80.47,95.86,242.33,106.08,117.35,1.75
4659.84,9.42,20.08,0.0,42.79,1747.37,700.81,78.4,96.21,243.44,106.27,117.28,1.75
4660.85,8.95,21.7,0.0,45.19,1766.31,699.73,79.2,94.59,244.18,106.16,117.24,2.13
4661.86,9.8,21.23,0.0,45.3,1735.25,695.42,79.85,95.06,245.34,106.12,117.24,2.13
4662.87,9.19,22.09,0.0,44.5,1813.28,696.72,68.41,94.2,246.36,106.05,117.16,2.13
4663.88,9.29,21.45,0.0,47.02,1716.31,708.99,91.11,94.84,247.31,106.01,117.09,2.51
4664.89,8.12,21.96,0.0,42.25,1770.86,695.64,68.69,94.33,248.64,106.01,116.97,2.51
4665.9,8.73,21.57,0.0,47.59,1800.4,697.15,71.9,94.72,250.15,106.08,116.9,2.51
4666.91,8.06,21.7,0.0,50.11,1724.64,702.75,75.19,94.59,250.74,106.2,116.86,2.89
4667.92,9.0,21.87,0.0,44.31,1695.85,715.02,68.13,94.42,249.97,106.35,116.9,2.51
4668.93,9.89,21.15,35.31,178.67,1698.88,726.44,72.27,95.14,248.04,106.62,116.9,3.28
4669.94,15.35,19.06,37.54,172.91,1694.34,706.41,66.86,97.23,247.72,106.77,116.67,3.28
4670.95,15.61,19.45,37.17,154.99,1711.76,699.73,79.1,96.84,247.97,106.62,116.63,3.28
4671.96,14.77,20.0,38.21,161.93,1720.1,701.89,71.19,96.29,247.74,106.58,116.55,3.28
4672.97,17.42,18.85,36.59,170.09,1720.85,712.65,87.77,97.44,247.7,106.46,116.59,3.28
4673.98,14.25,19.91,34.39,169.59,1673.12,705.12,75.19,96.38,247.68,106.31,116.59,3.28
4674.99,14.45,19.19,28.75,172.6,1693.58,704.68,78.02,97.1,247.38,106.27,116.67,3.28
4676.0,13.47,19.53,32.56,174.05,1698.13,702.75,78.35,96.76,247.04,106.27,116.59,3.28
4677.01,13.21,19.28,28.81,176.99,1669.34,716.53,89.27,97.01,246.53,106.24,116.63,3.28
4678.02,12.98,20.51,28.5,170.93,1763.28,704.25,71.76,95.78,246.44,106.27,116.63,3.66
4679.03,12.15,15.67,29.97,163.76,1667.06,714.81,80.56,96.12,246.36,106.2,116.59,3.28
4679.03,12.15,15.67,29.97,163.76,1667.06,714.81,80.56,96.12,246.36,106.2,116.59,3.28
4680.04,13.23,14.52,28.08,170.7,1733.73,713.08,87.72,97.27,246.37,106.12,116.59,3.66
4681.05,12.54,16.18,28.47,167.57,1729.95,699.95,76.09,95.61,246.65,106.08,116.78,4.04
4682.06,13.56,14.56,28.17,178.51,1680.7,997.52,85.08,97.23,246.29,106.01,116.93,4.42
4683.07,10.4,13.84,30.21,170.47,1835.25,710.5,75.1,97.95,246.36,105.89,116.97,5.18
4684.08,15.01,14.9,25.15,172.53,1726.16,702.75,79.24,96.89,246.23,105.93,117.16,5.56
4685.11,16.26,16.44,21.91,169.55,1844.35,713.36,80.7,95.35,243.67,103.61,116.48,4.8
4686.12,17.04,19.37,12.79,172.83,2068.6,729.96,80.04,92.42,245.29,103.99,116.55,4.42
4687.13,14.5,20.52,14.5,160.98,1860.26,709.91,65.35,91.27,244.81,104.6,116.51,4.8
4688.15,13.69,20.23,47.6,179.5,1844.35,707.11,66.43,91.56,244.38,104.9,116.55,4.42
4689.16,25.19,22.65,40.4,184.16,2106.48,725.58,82.77,89.14,244.8,104.25,116.17,4.42
4690.17,11.85,19.42,42.97,178.97,2078.45,729.02,79.67,92.37,245.33,104.71,116.17,4.42
4691.18,11.76,18.52,42.6,191.17,1835.25,712.01,78.87,93.27,246.07,104.94,116.13,4.42
4692.19,12.57,17.33,39.67,186.71,1757.22,717.39,83.48,94.46,245.81,105.05,116.13,4.42
4693.2,11.8,17.5,43.48,180.19,1797.37,712.22,80.09,94.29,246.46,105.21,116.21,4.42
4694.21,12.25,16.44,40.95,182.02,1784.49,725.79,78.4,95.35,246.93,105.24,116.17,4.42
4695.22,12.44,19.2,41.38,191.09,2031.48,725.58,80.7,92.59,247.02,105.28,116.17,4.42
4696.23,13.02,19.46,35.77,183.09,2114.82,723.42,75.99,92.33,247.34,105.24,116.13,4.42
4697.24,11.8,17.59,41.9,179.01,1795.1,710.28,75.99,94.2,247.34,105.24,116.13,4.42
4698.25,10.92,18.22,43.52,178.06,2027.69,0.0,81.08,93.57,247.55,105.13,116.09,4.42
4699.26,11.61,18.78,43.73,180.38,2087.54,0.0,76.32,93.01,247.9,105.21,116.13,4.8
4700.27,10.85,18.39,42.05,179.96,1994.35,0.0,84.28,93.4,248.36,105.24,116.13,4.42
4701.28,11.8,16.69,42.63,185.3,1743.58,0.0,81.5,95.1,248.74,105.32,116.13,4.8
4702.29,10.85,19.25,43.73,180.42,2100.42,0.0,72.18,92.54,248.85,105.28,116.13,4.8
4703.3,11.35,17.76,44.64,180.04,1807.22,0.0,70.86,94.03,249.64,105.21,116.09,4.8
4704.31,9.77,17.07,44.71,180.19,1761.77,0.0,79.81,94.72,250.63,105.24,116.09,4.8
4705.32,10.88,15.97,42.45,180.5,1835.25,0.0,75.85,95.82,250.69,105.32,116.09,4.8
4706.33,11.45,18.48,43.15,183.36,1770.1,0.0,80.0,93.31,250.64,105.44,116.09,4.42
4707.34,11.35,17.63,39.3,180.15,1891.32,0.0,92.48,94.16,250.7,105.44,116.13,4.8
4708.35,11.91,18.86,42.08,180.76,1773.89,0.0,81.93,92.93,250.77,105.44,116.13,4.8
4709.36,10.75,20.1,43.06,182.33,2105.72,0.0,76.7,91.69,250.26,105.44,116.13,4.8
4710.37,11.87,18.22,43.58,176.15,2120.88,0.0,76.56,93.57,249.84,105.44,116.17,4.42
4711.38,10.56,18.05,37.99,184.0,1785.25,0.0,90.87,93.74,249.79,105.4,116.21,4.42
4712.39,12.04,17.67,40.65,178.17,1788.28,0.0,93.28,94.12,249.71,105.36,116.17,4.42
4713.4,11.81,19.67,42.05,179.35,2011.02,0.0,83.15,92.12,249.35,105.36,116.13,4.8
4714.41,11.61,18.91,43.0,173.82,1787.52,0.0,77.55,92.88,249.22,105.32,116.17,4.8
4715.42,11.54,19.84,43.58,176.42,2124.67,0.0,82.63,91.95,248.95,105.4,116.17,4.8
4716.42,11.91,18.22,42.75,188.54,1829.19,0.0,88.1,93.57,248.86,105.4,116.17,4.8
4717.43,12.71,17.42,34.42,173.79,1780.71,0.0,90.59,94.37,248.71,105.44,116.21,5.56
4718.45,13.49,22.78,0.0,37.83,1867.07,705.39,87.3,89.01,246.47,102.19,115.87,4.8
4719.46,10.22,22.99,0.0,37.18,1856.47,701.72,76.61,88.8,246.01,103.53,116.36,4.8
4720.47,8.35,25.04,0.0,36.65,1844.35,698.27,75.57,86.75,246.24,104.25,116.32,5.18
4721.49,10.15,24.48,0.0,33.91,1853.44,695.47,81.03,87.31,245.22,104.71,115.94,4.8
4722.5,7.38,25.12,0.0,35.89,1851.16,697.84,73.21,86.67,245.3,104.79,115.79,4.8
4723.51,7.73,23.16,0.0,36.19,1843.59,696.33,82.54,88.63,244.96,104.86,115.71,4.8
4724.52,4.88,16.48,0.0,35.93,1777.68,718.1,81.46,95.31,243.57,104.9,115.68,4.8
4725.53,8.61,23.04,0.0,36.04,1857.23,695.47,76.09,88.75,243.47,104.94,115.71,5.18
4726.54,6.87,27.12,0.0,36.84,1869.35,695.04,69.68,84.67,243.23,104.94,115.71,4.8
4727.55,6.89,25.55,0.0,35.66,1836.77,694.83,79.05,86.24,242.54,104.94,115.68,5.18
4728.56,6.26,17.54,36.5,145.69,1737.52,709.91,88.19,94.25,242.05,104.86,115.37,5.56
4729.57,9.27,19.08,36.25,145.76,2043.6,706.9,85.55,92.71,242.11,104.79,115.22,5.56
4730.58,8.21,18.44,35.86,147.75,1821.62,699.57,63.42,93.35,242.04,104.52,115.03,5.94
4731.59,8.28,17.24,35.34,142.6,1758.73,708.4,87.67,94.54,241.16,104.44,114.95,5.94
4732.6,8.63,17.29,34.61,152.97,1767.07,0.0,95.49,94.5,240.58,104.44,115.03,5.94
4733.61,9.57,18.35,34.39,152.93,1839.04,0.0,92.29,93.44,240.53,104.37,115.03,5.56
4734.62,9.88,18.56,33.51,163.45,1948.9,0.0,83.67,93.22,240.35,104.22,115.07,5.94
4735.63,9.4,17.37,32.01,153.85,1763.28,710.34,91.35,94.42,240.04,104.29,115.07,5.56
4736.64,10.57,18.05,45.13,151.22,1833.74,697.41,75.52,93.74,239.64,104.33,115.1,5.94
4737.65,9.88,17.63,60.11,155.33,1930.71,728.66,86.64,94.16,239.21,104.29,115.07,5.94
4738.66,11.68,18.74,60.72,158.35,1814.04,721.98,96.2,93.05,238.87,104.29,115.07,5.94
4739.67,9.72,18.05,52.06,186.86,2108.76,730.39,80.99,93.74,240.39,104.22,115.03,5.94
4740.68,10.95,18.1,55.29,186.98,1826.92,716.16,83.25,93.69,240.28,104.25,115.03,5.94
4741.69,10.69,18.31,56.42,187.47,2103.45,737.07,89.08,93.48,239.02,104.41,115.1,6.33
4742.7,10.51,17.2,54.8,194.41,1786.77,727.37,92.85,94.59,239.06,104.52,115.1,5.94
4743.71,11.56,18.82,55.47,194.03,1800.4,729.31,77.17,92.97,238.92,104.56,115.14,5.94
4744.72,9.95,19.03,57.7,189.46,2033.75,718.32,92.19,92.76,237.62,104.56,115.14,5.56
4745.73,12.34,18.61,61.33,195.94,1988.29,720.26,79.29,93.18,236.52,104.56,115.26,5.94
4746.74,10.45,18.27,58.98,194.68,1934.5,720.26,87.01,93.52,236.06,104.83,115.26,5.56
4747.75,11.69,18.39,57.58,201.62,1814.8,0.0,91.67,93.4,235.82,105.02,115.26,5.18
4748.76,10.04,18.78,57.52,197.8,1797.37,0.0,91.63,93.01,235.55,105.17,115.22,4.8
4749.77,11.04,18.01,57.92,198.68,1832.22,717.24,84.94,93.78,235.45,105.24,115.29,4.8
4750.77,12.62,18.78,61.7,191.06,1917.83,708.19,73.26,93.01,232.74,103.26,114.91,2.89
4751.79,12.82,20.27,62.43,193.31,1972.38,714.22,85.6,91.52,232.63,103.99,115.07,2.89
4752.8,11.58,19.93,54.65,200.13,1848.89,712.72,85.98,91.86,232.66,104.52,115.18,2.89
4753.81,11.5,21.89,57.24,204.9,2167.85,724.57,77.31,89.9,232.63,104.9,115.33,3.28
4754.81,13.87,19.33,54.71,198.64,1845.86,707.33,80.8,92.46,232.6,105.17,115.37,2.89
4755.82,11.5,20.95,57.12,206.12,1956.47,715.95,76.94,90.84,232.31,105.28,115.41,2.89
4756.83,13.17,19.46,57.52,209.81,1918.59,733.41,78.54,92.33,231.93,105.44,115.48,2.51
4757.84,11.21,20.27,59.08,203.75,1885.26,728.02,83.01,91.52,231.74,105.55,115.56,2.13
4758.85,13.03,20.4,57.18,206.76,1878.44,734.48,82.02,91.39,231.85,105.66,115.64,2.13
4759.86,11.32,20.23,59.23,208.63,1873.14,734.92,76.42,91.56,231.88,105.7,115.68,2.51
4760.87,12.7,21.5,55.72,210.2,1944.35,715.09,70.3,90.29,231.74,105.82,115.75,2.89
4761.88,11.96,19.93,56.57,204.55,1873.89,0.0,87.91,91.86,231.67,105.97,115.79,2.51
4762.89,11.39,19.76,57.92,205.89,1934.5,716.16,73.12,92.03,231.56,106.05,115.83,2.89
4763.9,11.69,19.59,56.88,204.21,1947.38,715.73,83.43,92.2,231.08,106.2,115.9,2.89
4764.91,11.82,19.84,56.54,203.87,1873.14,730.17,93.84,91.95,230.99,106.31,115.94,2.89
4765.92,13.13,19.08,53.06,204.06,1900.41,724.14,87.86,92.71,230.92,106.35,116.06,2.51
4766.93,11.87,21.76,59.59,196.32,2200.43,727.37,90.07,90.03,230.84,106.46,116.13,2.51
4767.94,11.16,20.91,59.72,210.2,1891.77,729.1,92.95,90.88,230.68,106.58,116.21,2.51
4769.3,10.0,19.76,0.0,45.57,1890.18,37.01,6.58,92.03,238.36,106.39,115.83,2.13
4770.3,11.87,17.12,52.39,200.66,1392.05,603.25,75.1,94.67,227.97,100.21,113.85,1.37
4771.32,14.21,19.12,57.61,217.21,1576.91,679.95,83.95,92.67,228.64,101.55,113.96,0.99
4772.33,12.01,21.2,55.84,213.74,1364.01,604.73,74.49,90.59,230.9,101.7,114.07,0.23
4773.34,11.73,18.39,56.12,216.49,1468.57,604.95,70.25,93.4,230.88,102.27,114.42,0.23
4774.35,13.02,20.99,56.85,213.74,1535.24,608.18,80.84,90.8,231.23,102.77,114.23,-0.16
4775.36,12.4,21.84,55.87,226.97,1615.54,610.98,72.89,89.95,231.2,103.19,114.07,-0.16
4776.37,13.04,21.93,57.46,221.21,1615.54,599.99,80.37,89.86,231.53,103.49,114.04,-0.16
4777.38,12.62,21.46,56.24,224.61,1583.72,606.89,77.12,90.33,231.33,103.68,113.88,-0.16
4778.39,12.32,20.31,58.1,217.1,1533.72,608.83,73.69,91.48,231.89,103.76,113.81,-0.92
4779.4,13.27,18.56,58.95,209.47,1329.92,594.6,84.56,93.22,232.23,103.87,113.77,-0.92
4780.41,12.32,19.5,58.83,216.33,1360.23,584.47,74.82,92.29,232.82,103.91,113.73,-0.92
4781.42,12.72,18.31,57.46,221.33,1467.81,609.9,70.15,93.48,233.1,103.91,113.81,-1.3
4782.43,12.3,36.32,0.0,59.91,1478.42,581.06,78.35,75.47,231.14,101.89,114.23,-3.21
4783.44,5.6,41.51,0.0,46.98,1362.5,561.9,65.4,70.28,231.2,103.22,114.68,-3.59
4784.44,23.41,40.75,0.0,49.8,1392.05,564.48,70.58,71.04,231.52,103.8,114.49,-3.59
4785.45,11.37,42.03,0.0,48.2,1360.23,559.74,71.0,69.76,231.16,103.83,114.3,-3.59
4786.46,10.48,42.32,0.0,46.37,1373.11,560.39,73.17,69.47,230.78,103.91,114.07,-3.97
4787.5,10.71,39.77,0.0,51.52,1393.56,574.6,76.84,72.02,230.47,103.83,114.0,-3.97
4788.53,10.49,41.47,0.0,59.87,1374.62,558.88,64.5,70.32,230.46,103.76,113.96,-3.97
4789.54,10.72,42.15,0.0,56.09,1639.79,577.83,73.64,69.64,230.42,103.68,113.88,-3.97
4790.55,10.6,41.47,0.0,51.71,1370.83,556.3,70.53,70.32,230.43,103.57,113.85,-3.97
4791.56,10.84,40.62,0.0,53.43,1353.41,556.08,67.33,71.17,230.33,103.49,113.85,-3.97
4792.57,10.94,42.11,0.0,52.55,1387.5,559.53,63.84,69.68,230.09,103.34,113.85,-3.97
4793.6,10.19,41.17,0.0,49.23,1376.14,557.16,65.16,70.62,230.31,103.38,113.77,-3.97
4794.61,9.81,40.75,0.0,54.19,1388.26,562.76,70.25,71.04,230.36,103.26,113.73,-3.97
4795.62,10.64,40.83,0.0,54.34,1407.96,561.47,68.65,70.96,231.4,103.34,113.73,-3.97
4796.66,10.87,40.66,0.0,48.93,1361.74,558.88,69.35,71.13,230.87,103.34,113.69,-3.97
4797.66,10.69,19.84,56.51,220.11,1368.56,574.34,66.15,91.95,229.24,102.42,112.66,-3.21
4798.67,13.08,20.99,57.82,229.14,1360.23,572.62,67.8,90.8,229.03,102.58,112.51,-3.21
4799.68,11.86,20.44,57.85,219.08,1373.11,575.63,66.57,91.35,228.58,102.5,112.36,-3.21
4800.7,12.22,18.52,56.48,221.4,1354.17,571.32,64.74,93.27,227.24,102.46,112.28,-3.21
4801.71,12.41,18.35,57.03,217.17,1359.47,571.75,63.37,93.44,226.28,102.39,112.28,-3.59
4802.72,12.82,19.08,59.32,219.46,1396.59,577.57,62.15,92.71,225.72,102.35,112.21,-3.21
4803.73,12.1,19.97,56.05,223.92,1354.17,574.99,69.35,91.82,225.45,102.27,112.21,-3.21
4804.74,12.72,19.16,54.62,233.45,1335.22,570.68,68.41,92.63,225.79,102.27,112.24,-3.21
4805.75,12.29,18.27,57.82,221.52,1404.93,588.78,70.62,93.52,225.17,102.23,112.28,-3.21
4806.77,12.14,19.84,55.99,217.63,1373.86,581.88,70.25,91.95,224.95,102.23,112.32,-3.21
4807.78,12.55,17.16,55.84,227.31,1446.6,592.23,70.67,94.63,224.47,102.23,112.32,-3.21
4808.79,11.4,19.12,58.34,216.83,1339.01,576.5,75.05,92.67,224.51,102.16,112.36,-3.21
4809.8,11.76,19.71,57.98,224.42,1378.41,582.31,66.62,92.08,223.52,102.08,112.36,-3.21
4810.81,11.62,20.14,60.08,219.31,1376.14,589.21,70.3,91.65,221.98,102.08,112.36,-3.21
4811.82,10.96,17.71,59.75,226.67,1316.28,592.45,81.64,94.08,222.68,102.08,112.36,-3.21
4812.83,11.8,19.08,56.66,214.58,1307.19,570.89,75.24,92.71,222.51,102.0,112.36,-3.59
4813.84,10.37,18.22,55.47,215.3,1331.44,581.67,66.48,93.57,222.18,101.97,112.4,-3.21
4814.85,13.47,19.59,57.09,223.04,1372.35,586.41,66.1,92.2,222.03,102.08,112.4,-3.21
4815.85,10.42,35.34,0.0,56.17,1361.74,541.36,64.55,76.45,218.09,102.31,113.39,-3.97
4816.87,9.56,35.77,0.0,58.61,1329.16,540.5,67.05,76.02,217.09,102.35,113.2,-3.97
4817.88,10.08,39.22,0.0,42.1,1317.8,538.78,67.42,72.57,219.38,102.42,113.08,-3.97
4818.9,6.6,32.49,0.0,42.79,1285.22,535.76,78.16,79.3,217.63,102.58,113.08,-4.35
4819.91,7.2,31.89,0.0,40.39,1285.22,542.44,75.52,79.9,217.34,102.54,113.08,-3.97
4820.92,6.61,29.64,0.0,38.59,1439.02,577.57,71.94,82.15,218.79,102.39,113.2,-4.35
4821.93,9.59,34.96,0.0,35.89,1388.26,605.16,77.26,76.83,218.05,102.54,113.16,-4.35
4822.94,7.53,35.0,0.0,36.8,1389.77,610.12,79.53,76.79,218.92,103.07,113.27,-4.35
4823.95,7.8,35.04,0.0,40.39,1455.69,587.27,67.56,76.75,225.0,102.73,113.31,-3.97
4824.96,7.27,33.3,0.0,33.1,1528.42,598.7,70.62,78.49,231.97,102.27,113.31,-3.97
4825.96,9.02,36.02,0.0,34.55,1438.26,587.27,82.16,75.77,235.11,102.19,113.43,-3.97
4826.97,7.48,9.11,58.5,193.23,1448.87,605.16,68.93,102.68,234.22,102.73,112.63,-2.82
4827.98,6.95,9.92,56.09,203.75,1397.35,603.44,72.46,101.87,233.1,102.69,112.32,-2.44
4828.99,7.23,9.84,53.0,0.0,1379.92,613.57,78.54,101.95,233.8,102.27,112.36,-3.21
4830.0,7.01,10.73,54.62,113.59,1397.35,601.5,69.87,101.06,233.66,102.19,112.51,-2.82
4831.01,6.44,9.62,55.29,115.19,1411.74,623.27,82.35,102.17,233.4,102.19,112.51,-2.82
4832.02,8.4,9.75,57.79,112.29,1495.08,627.15,74.39,102.04,233.78,102.23,112.4,-2.44
4833.03,7.07,9.62,56.79,112.67,1677.67,626.93,80.56,102.17,234.55,102.27,112.43,-2.44
4834.04,5.33,9.11,57.61,101.96,1418.56,621.76,86.35,102.68,234.73,102.35,112.55,-2.06
4835.05,6.95,10.99,61.52,94.98,1645.09,635.77,74.11,100.8,235.69,102.31,112.66,-1.68
4836.06,6.15,10.73,62.03,103.83,1511.75,623.05,70.34,101.06,235.94,102.27,112.78,-1.3
4837.08,7.99,11.16,58.56,106.11,1432.2,605.81,66.25,100.63,237.19,101.66,112.78,-0.92
4838.09,11.8,19.42,54.56,116.67,1634.49,629.74,74.72,92.37,237.47,98.92,111.86,-0.16
4839.1,8.42,14.65,62.77,110.0,1445.84,621.55,78.07,97.14,239.16,99.37,111.71,0.23
4840.12,7.37,14.31,63.62,106.3,1417.81,601.09,77.22,97.48,239.66,100.75,111.79,0.23
4841.13,7.62,13.16,64.63,102.53,1456.44,624.57,77.97,98.63,240.87,100.86,111.94,0.61
4842.14,8.91,14.73,61.52,109.7,1421.59,626.94,84.0,97.06,242.21,100.78,111.94,0.99
4843.15,8.32,14.56,63.41,112.9,1395.08,636.2,80.75,97.23,242.37,100.86,111.98,0.99
4844.16,8.11,14.65,62.55,111.15,1379.92,620.69,86.49,97.14,242.9,100.94,112.02,1.37
4845.16,6.33,30.57,0.0,18.16,1424.62,614.43,82.35,81.22,248.63,100.29,113.04,1.75
4846.17,6.87,31.34,0.0,18.77,1435.99,604.95,86.21,80.45,248.38,100.9,112.55,2.13
4847.18,7.21,33.51,0.0,17.97,1451.14,601.28,78.58,78.28,249.19,101.2,112.32,1.75
4848.19,7.07,32.23,0.0,17.24,1501.9,595.25,69.59,79.56,250.78,101.28,112.24,1.75
4849.2,9.51,35.34,0.0,17.13,1693.58,618.09,65.3,76.45,251.47,101.32,112.24,2.13
4850.21,7.49,33.81,0.0,17.66,1584.48,617.02,75.76,77.98,252.6,101.24,112.24,2.51
4851.22,8.29,33.72,0.0,17.82,1450.38,608.61,80.56,78.07,253.18,101.17,112.21,2.13
4852.23,6.65,33.72,0.0,17.05,1530.69,609.26,71.43,78.07,255.15,101.13,112.21,2.13
4853.23,9.85,36.62,0.0,17.28,1508.72,601.07,71.85,75.17,256.34,101.09,112.21,2.13
4854.24,6.99,35.94,0.0,16.94,1485.23,600.85,66.29,75.85,257.71,100.97,112.21,2.51
4855.25,6.91,36.58,0.0,16.41,1632.97,613.14,71.24,75.21,259.75,100.97,112.17,2.51
4856.26,5.45,33.21,0.0,17.17,1550.39,600.64,82.12,78.58,259.91,100.94,112.09,2.51
4857.27,6.2,31.51,0.0,18.5,1449.63,602.14,79.05,80.28,259.55,100.94,112.09,2.51
4857.27,6.2,31.51,0.0,18.5,1449.63,602.14,79.05,80.28,259.55,100.94,112.09,2.51
4858.28,6.6,35.77,0.0,17.63,1515.54,600.64,68.32,76.02,259.06,101.09,112.02,2.89
4859.29,5.71,35.47,0.0,17.36,1709.49,621.54,74.39,76.32,259.4,101.36,112.02,2.89
4860.3,5.12,34.83,0.0,17.7,1448.87,610.33,71.19,76.96,258.78,101.2,112.05,2.89
4861.31,6.01,34.91,0.0,17.09,1664.79,616.15,69.4,76.87,258.13,101.05,112.02,3.28
4862.32,5.6,33.85,0.0,17.09,1495.84,621.76,66.25,77.94,256.98,101.05,111.98,3.28
4863.34,7.53,36.36,0.0,16.83,1487.51,617.88,70.62,75.43,256.41,100.97,111.94,3.28
4864.34,8.57,19.03,38.88,92.81,1464.78,631.67,71.33,92.76,255.73,101.09,111.41,3.66
4865.35,7.46,17.24,37.2,85.37,1486.75,627.58,71.9,94.54,255.31,101.05,111.21,3.66
4866.36,8.9,17.63,41.1,92.73,1433.72,617.66,71.57,94.16,255.36,101.01,111.1,3.66
4867.37,7.48,18.18,35.25,92.96,1492.05,619.17,71.8,93.61,256.67,100.9,111.02,3.66
4868.38,7.12,17.2,30.24,99.79,1429.93,624.99,80.7,94.59,255.73,100.9,111.14,3.66
4869.39,6.53,17.71,31.34,97.88,1440.53,624.34,78.02,94.08,255.31,100.9,111.29,3.66
4870.4,7.23,17.71,30.3,100.05,1439.78,619.6,82.44,94.08,254.92,100.86,111.33,3.66
4871.41,6.71,17.88,31.01,99.18,1445.08,632.54,76.98,93.91,254.6,100.82,111.37,3.66
4872.43,7.34,19.33,30.67,98.07,1576.15,633.61,73.92,92.46,254.11,100.75,111.33,4.04
4873.44,6.88,16.61,30.64,98.15,1408.71,617.45,80.89,95.18,253.17,100.67,111.37,4.04
4874.44,5.67,19.8,30.46,95.59,1456.44,629.52,73.07,91.99,253.03,100.52,111.33,4.04
4875.46,9.02,22.87,43.61,100.78,1585.24,626.5,74.3,88.92,252.65,100.48,111.33,4.42
4876.47,8.5,26.48,0.0,41.57,1558.72,590.29,80.14,85.31,249.8,94.49,116.63,-3.59
4877.48,7.99,26.36,0.0,37.49,1574.63,588.78,84.71,85.43,250.23,98.84,119.34,-3.59
4878.49,9.44,26.44,0.0,38.82,1386.74,593.74,69.02,85.35,252.09,101.85,117.73,-3.59
4879.5,12.35,26.19,0.0,39.62,1360.23,585.98,79.62,85.6,251.87,103.11,116.7,-3.59
4880.51,8.23,26.4,0.0,40.16,1363.26,590.94,81.36,85.39,251.74,104.18,116.17,-3.97
4881.52,9.5,28.53,0.0,40.96,1358.71,589.0,79.34,83.26,252.08,104.29,116.13,-3.59
4882.54,9.83,29.68,0.0,42.94,1589.03,652.36,78.72,82.11,251.68,104.56,116.09,-3.59
4883.55,11.06,32.49,0.0,41.38,1730.7,649.56,85.04,79.3,250.71,105.02,116.7,-3.97
4884.56,10.32,30.57,0.0,42.79,1564.03,641.59,86.49,81.22,250.24,105.59,116.86,-4.35
4885.57,12.57,25.68,48.46,172.49,1887.53,658.4,78.44,86.11,250.11,106.05,116.36,-3.59
4886.58,12.19,23.25,47.66,167.0,1660.24,644.17,85.04,88.54,249.78,106.2,116.13,-3.59
4887.59,13.17,22.78,43.67,179.01,1558.72,645.68,81.64,89.01,249.35,106.24,115.94,-3.21
4888.6,13.12,23.72,44.19,179.92,1586.0,633.83,78.16,88.07,249.09,106.24,115.83,-3.21
4889.61,17.23,24.91,45.47,185.45,1926.93,661.2,81.5,86.88,248.97,106.2,115.79,-3.21
4890.62,13.12,10.94,44.86,187.17,1795.1,658.18,78.63,100.85,249.03,106.12,116.02,-2.82
4891.63,9.06,10.94,42.08,186.33,1781.46,646.33,85.32,100.85,248.73,106.27,116.32,-2.44
4892.64,7.88,10.6,47.66,173.14,1532.96,667.67,72.74,101.19,247.08,106.69,116.59,-2.44
4893.65,5.78,10.05,45.22,180.99,1606.45,670.25,73.83,101.74,247.33,107.04,116.86,-2.06
4894.66,7.3,10.86,47.51,184.61,1557.21,664.43,80.61,100.93,247.63,107.42,117.09,-2.06
4895.67,6.53,11.33,47.27,172.26,1751.16,666.16,75.52,100.46,247.09,107.3,117.39,-1.3
4896.68,6.93,11.58,46.72,179.54,1563.27,653.44,82.59,100.21,246.18,107.27,117.43,-1.3
4897.69,6.52,13.07,47.48,168.11,1789.04,659.48,82.49,98.72,245.54,107.49,117.47,-0.92
4898.7,6.09,11.16,44.64,173.06,1547.36,653.23,90.45,100.63,241.32,107.65,117.58,-0.92
4899.71,6.49,13.5,45.65,165.63,1897.38,665.3,84.71,98.29,237.27,107.27,117.7,-0.54
4900.72,7.48,12.31,47.7,166.89,1565.54,654.95,80.8,99.48,240.11,107.07,117.77,-0.16
4901.73,7.2,11.45,46.44,164.06,1595.09,639.65,72.84,100.34,241.38,107.0,117.73,0.23
4902.74,7.15,13.07,46.05,176.8,1604.18,661.85,76.23,98.72,241.01,106.96,117.62,0.23
4903.75,7.69,16.14,46.11,180.5,1939.05,664.22,75.48,95.65,239.6,106.92,117.58,0.61
4904.76,7.62,14.01,62.86,183.77,1697.37,667.24,72.79,97.78,241.44,107.04,117.7,0.61
4904.76,7.62,14.01,62.86,183.77,1697.37,667.24,72.79,97.78,241.44,107.04,117.7,0.61
4905.77,6.98,14.65,59.69,187.63,1618.58,640.94,76.23,97.14,242.96,106.92,117.62,0.61
4906.78,12.03,33.42,0.0,31.35,1658.73,635.34,66.86,78.37,243.99,104.9,117.66,0.99
4907.79,10.66,35.13,0.0,30.74,1648.12,656.24,67.47,76.66,244.95,105.36,118.0,0.99
4908.79,9.98,34.83,0.0,29.94,1650.4,635.12,69.49,76.96,245.27,105.82,118.23,1.37
4909.8,12.07,36.36,0.0,32.08,1452.66,0.0,79.57,75.43,246.81,105.36,117.51,1.37
4910.81,10.83,38.58,0.0,31.85,1708.73,0.0,74.11,73.21,246.63,105.51,117.24,1.37
4911.86,9.22,37.38,0.0,30.74,1475.38,605.62,72.23,74.41,245.7,105.63,117.12,1.75
4912.9,10.2,36.49,0.0,30.89,1484.48,622.85,71.61,75.3,245.84,105.66,117.09,1.75
4913.91,9.54,36.75,0.0,29.64,1451.9,617.89,85.55,75.04,245.9,105.51,116.97,1.75
4914.93,10.05,37.6,0.0,28.76,1450.38,617.89,84.19,74.19,246.81,105.47,116.82,1.75
4915.94,7.59,16.73,26.52,150.19,1470.84,599.34,73.03,95.06,248.17,103.99,115.83,2.89
4916.95,7.6,18.91,29.72,149.42,1733.73,629.09,78.54,92.88,247.84,104.33,115.41,2.89
4917.96,7.28,19.03,30.98,0.0,1757.98,625.64,68.79,92.76,247.35,104.44,115.22,2.51
4918.97,11.65,22.69,31.19,0.0,1425.38,612.92,80.99,89.09,247.67,104.41,115.22,2.51
4919.98,9.33,23.89,28.17,0.0,1427.65,618.53,81.74,87.9,247.53,104.37,115.22,2.51
4920.99,9.68,23.84,27.53,0.0,1739.79,624.13,74.35,87.95,247.48,104.29,115.14,2.51
4922.0,11.49,23.5,26.55,105.58,1469.32,621.11,79.05,88.29,246.89,104.22,115.07,3.28
4923.01,10.05,22.82,28.72,125.6,1441.29,621.54,83.34,88.97,246.47,104.06,115.03,3.28
4924.03,10.7,22.4,29.05,120.83,1435.99,616.59,83.81,89.39,246.24,104.02,115.03,3.28
4925.04,10.14,24.1,30.98,119.95,1660.24,607.1,82.87,87.69,246.81,104.06,114.99,3.28
4926.05,12.12,22.48,32.5,113.82,1431.44,614.86,86.02,89.31,246.31,104.18,114.95,3.28
4927.08,10.31,21.8,31.43,120.33,1425.38,611.41,84.14,89.99,243.96,104.1,114.91,2.89
4928.09,10.49,22.48,30.58,121.71,1427.65,598.91,81.17,89.31,242.28,104.1,114.87,2.89
4929.1,9.47,22.95,32.68,121.67,1460.23,598.7,72.98,88.84,242.6,104.1,114.87,2.89
4930.11,9.52,22.61,30.73,121.4,1482.2,622.4,66.72,89.18,243.05,104.18,114.84,2.89
4931.12,8.84,23.16,30.12,124.34,1617.06,617.23,68.84,88.63,242.83,104.18,114.87,2.89
4932.13,9.61,21.25,28.6,1.92,1470.08,604.08,69.4,90.54,243.02,104.29,114.87,2.51
4933.14,10.65,23.29,28.6,119.0,1429.17,618.74,79.1,88.5,241.94,104.22,114.87,2.89
4934.15,9.88,21.29,32.35,118.81,1409.47,610.55,84.0,90.5,241.44,104.25,114.87,3.28
4935.16,10.75,22.74,30.79,123.88,1457.96,619.82,73.36,89.05,241.74,104.06,114.87,3.28
4936.17,11.28,22.57,30.52,126.82,1482.96,621.97,69.26,89.22,241.5,104.18,114.87,3.28
4937.18,10.43,23.97,33.63,123.31,1700.4,608.61,78.72,87.82,241.53,104.25,114.91,3.28
4938.19,9.99,24.06,33.63,125.79,1737.52,624.34,80.04,87.73,241.94,104.33,114.95,3.28
4939.2,9.25,34.19,0.0,21.25,1731.46,618.53,73.59,77.6,242.39,103.38,115.83,3.28
4940.21,10.79,35.6,0.0,19.95,1516.3,601.93,74.35,76.19,242.56,103.76,115.98,3.28
4941.21,9.36,36.02,0.0,20.37,1630.7,601.28,86.21,75.77,243.33,104.18,115.79,3.66
4941.21,9.36,36.02,0.0,20.37,1630.7,601.28,86.21,75.77,243.33,104.18,115.79,3.66
4942.23,8.75,35.0,0.0,21.09,1460.23,591.58,71.47,76.79,243.45,104.41,115.79,3.66
4943.23,8.7,35.26,0.0,20.29,1442.05,594.39,75.19,76.53,243.16,104.52,115.68,3.66
4944.24,9.36,36.02,0.0,19.3,1464.02,613.78,74.2,75.77,242.82,104.44,115.6,3.66
4945.25,9.04,36.15,0.0,18.96,1455.69,592.66,72.18,75.64,242.7,104.29,115.56,3.66
4946.26,8.78,35.64,0.0,18.77,1411.74,592.23,75.9,76.15,243.02,104.22,115.48,4.04
4947.27,5.03,23.63,9.31,109.62,1466.29,593.09,67.71,88.16,242.89,104.06,115.33,4.8
4948.28,9.17,24.87,23.78,119.84,1470.84,594.6,67.28,86.92,241.86,103.91,114.95,4.8
4949.29,8.63,23.38,28.23,126.51,1439.02,611.63,81.27,88.41,241.51,103.91,114.65,4.8
4950.3,9.13,23.5,31.46,123.04,1433.72,603.22,82.92,88.29,241.82,103.72,114.34,5.18
4951.31,8.4,23.93,30.64,122.74,1468.57,621.11,80.47,87.86,242.11,103.64,114.26,5.18
4952.32,9.13,24.4,28.87,121.63,1442.81,613.35,84.14,87.39,242.75,103.61,114.23,5.18
4953.33,9.49,25.04,28.87,123.73,1695.09,623.48,72.93,86.75,242.78,103.61,114.23,5.18
4954.34,9.23,23.25,24.14,121.82,1460.23,610.77,83.48,88.54,242.94,103.72,114.3,5.18
4955.35,10.33,24.53,28.78,122.36,1541.3,621.33,82.73,87.26,243.3,103.64,114.34,5.18
4956.36,9.69,24.44,29.3,118.62,1472.35,605.59,75.38,87.35,244.21,103.64,114.38,5.56
4957.37,10.54,25.29,31.28,124.15,1476.9,624.34,76.65,86.5,244.06,103.68,114.38,5.18
4958.38,9.49,23.8,27.89,123.08,1435.99,614.0,91.11,87.99,244.78,103.64,114.34,5.56
4959.39,10.63,24.82,28.47,121.1,1470.08,634.91,75.52,86.97,244.14,103.8,114.38,5.56
4960.4,9.77,23.55,27.35,120.75,1416.29,628.87,88.24,88.24,242.59,103.99,114.46,5.56
4961.41,9.32,24.7,26.0,124.72,1429.93,616.37,82.92,87.09,243.07,103.91,114.53,5.56
4962.42,10.29,25.29,26.37,124.64,1441.29,610.12,67.75,86.5,243.02,103.99,114.53,5.56
4963.43,9.07,23.84,29.57,120.75,1445.08,614.43,80.61,87.95,243.27,103.95,114.49,5.56
4964.44,10.0,23.72,25.67,118.7,1441.29,622.19,89.79,88.07,243.48,103.95,114.68,5.56
4965.45,9.95,24.99,29.18,125.94,1489.78,627.58,72.74,86.8,243.54,104.02,114.68,5.56
4966.46,10.06,23.76,27.19,125.82,1460.23,603.44,75.57,88.03,242.99,104.02,114.65,5.56
4967.47,10.06,22.95,24.9,123.73,1443.56,609.04,80.99,88.84,243.13,103.99,114.57,5.18
4968.48,12.0,23.12,22.65,124.11,1432.96,602.58,82.02,88.67,243.22,103.99,114.57,5.18
4969.49,15.08,24.65,25.45,120.33,1446.6,610.12,83.72,87.14,243.34,104.02,114.53,5.18
4970.7,12.0,37.85,0.0,21.74,1522.36,614.86,74.49,72.7,243.99,102.27,114.72,4.8
4971.71,8.96,36.83,0.0,20.83,1798.89,627.15,75.1,73.72,242.62,103.03,115.14,4.8
4972.72,10.17,36.49,0.0,20.94,1493.57,632.75,75.29,74.06,243.52,103.76,115.6,5.18
4973.73,10.38,37.3,0.0,21.67,1539.78,653.44,73.5,73.26,244.21,104.33,115.71,4.8
4974.74,9.95,37.68,0.0,21.97,1692.06,650.86,74.77,72.87,244.25,104.67,115.52,5.18
4975.75,9.46,36.06,0.0,21.82,1561.0,648.27,73.21,74.49,245.39,104.71,115.37,4.8
4976.76,12.32,36.92,0.0,21.9,1564.03,623.05,75.99,73.64,245.53,104.67,115.41,5.18
4977.77,10.72,37.0,0.0,21.13,1589.03,628.87,65.96,73.55,245.77,104.71,115.52,5.18
4978.78,10.85,37.3,0.0,20.64,1604.94,629.95,71.38,73.26,245.67,104.75,115.48,4.8
4979.79,5.23,24.91,29.63,101.23,1448.87,630.6,70.06,85.65,245.66,104.83,115.03,5.56
4980.8,9.75,24.78,21.09,109.28,1581.45,620.9,73.31,85.77,245.78,104.71,114.8,5.56
4981.81,7.36,24.87,26.73,117.86,1430.69,608.83,74.82,85.69,246.01,104.44,114.57,5.18
4982.82,8.02,24.82,34.09,124.45,1412.5,602.36,70.81,85.73,245.66,104.29,114.38,5.56
4983.83,7.9,24.44,30.46,118.05,1407.96,612.71,87.77,86.11,245.32,104.18,114.42,5.56
4984.84,8.23,25.21,27.92,127.16,1464.78,624.34,77.17,85.35,245.49,104.02,114.42,5.94
4985.85,8.37,25.16,32.96,125.41,1420.84,622.62,80.14,85.39,245.28,103.99,114.46,5.56
4986.86,8.01,24.52,35.37,126.17,1426.9,616.15,81.13,86.03,245.07,104.02,114.46,5.56
4987.86,8.51,24.4,33.9,123.92,1443.56,608.83,73.83,86.16,244.74,104.06,114.49,5.94
4988.87,8.95,24.01,32.96,125.41,1480.69,610.33,72.08,86.54,244.77,104.02,114.49,5.94
4989.88,10.66,25.04,33.26,127.73,1453.41,608.18,73.73,85.52,244.91,104.06,114.49,5.94
4990.89,8.3,25.29,35.58,121.59,1469.32,629.3,72.08,85.26,245.16,103.99,114.49,5.94
4991.9,8.4,26.61,31.1,128.23,1700.4,616.37,83.81,83.94,246.47,103.95,114.53,6.33
4992.91,8.7,26.36,35.25,126.36,1712.52,622.19,75.57,84.2,244.87,103.83,114.57,5.94
4993.92,8.04,24.61,32.75,129.41,1421.59,615.29,86.35,85.94,244.39,103.83,114.57,5.94
4994.93,8.73,24.99,36.56,122.28,1682.97,625.85,74.3,85.56,244.7,103.8,114.53,5.94
4995.94,9.49,23.67,32.9,123.88,1522.36,615.29,81.74,86.88,244.95,103.68,114.53,5.94
4996.95,9.11,26.99,37.84,127.62,1692.06,621.54,75.15,83.56,244.8,103.53,114.46,6.33
4997.96,8.68,24.18,32.71,127.39,1420.08,611.41,79.67,86.37,243.21,103.45,114.46,6.71
4998.97,9.52,27.16,32.75,123.54,1718.58,624.56,68.08,83.39,242.41,103.45,114.42,7.47
4999.98,8.5,24.31,33.87,125.44,1461.75,608.4,72.04,86.24,242.21,103.38,114.34,7.47
5000.99,8.51,26.61,31.68,129.22,1721.61,626.5,71.71,83.94,242.3,103.3,114.38,7.85
5002.0,8.76,25.04,32.2,122.66,1478.42,604.52,75.29,85.52,243.75,103.41,114.42,7.85
5003.01,6.77,35.64,0.0,22.28,1364.01,581.24,69.78,74.92,245.42,103.26,115.14,5.18
5004.02,6.49,35.17,0.0,22.62,1638.27,608.18,67.85,75.38,246.15,103.76,114.8,4.42
5005.03,6.87,33.72,0.0,20.94,1590.54,605.59,66.25,76.83,246.04,103.95,114.57,4.42
5006.04,6.82,35.08,0.0,22.05,1529.93,602.79,69.21,75.47,248.61,103.95,114.61,5.56
5007.05,6.89,35.51,0.0,23.61,1623.12,606.46,69.78,75.04,254.16,103.03,114.46,5.56
5008.06,6.63,33.93,0.0,19.95,1435.23,609.9,73.54,76.62,255.75,102.92,114.3,5.94
5009.07,7.01,34.87,0.0,23.65,1408.71,605.81,72.79,75.68,256.21,103.11,114.15,6.71
5010.08,7.65,34.23,0.0,22.16,1423.11,592.23,73.83,76.32,256.26,103.3,114.07,7.09
5011.09,6.28,27.29,33.6,109.55,1441.29,592.88,74.11,83.26,256.16,103.3,113.54,6.33
5012.1,8.88,25.38,33.9,84.61,1432.2,612.71,74.77,85.18,255.83,103.3,113.31,5.94
5013.11,9.89,26.06,36.96,109.7,1398.11,605.81,88.94,84.5,255.55,103.15,113.04,5.18
5014.12,10.14,26.4,36.25,112.98,1469.32,617.88,71.71,84.16,255.6,103.15,112.93,5.18
5015.13,9.17,25.67,30.67,99.94,1414.02,603.44,82.63,84.88,255.7,103.0,112.82,4.42
5016.16,11.3,27.21,25.85,102.42,1398.87,605.38,82.73,83.35,256.17,102.92,112.82,4.42
5017.17,9.48,26.7,35.46,112.6,1399.62,604.08,84.99,83.86,256.18,102.84,112.85,4.04
5018.18,10.16,25.33,29.33,105.24,1456.44,618.09,72.89,85.22,256.18,102.92,112.85,4.42
5019.19,11.54,28.06,32.56,105.81,1672.37,617.66,66.34,82.5,256.16,102.88,112.85,4.04
5020.2,10.74,25.97,36.13,95.06,1454.93,606.02,77.69,84.58,255.88,102.84,112.89,3.28
5021.21,10.12,26.7,34.27,93.84,1710.25,615.08,63.66,83.86,256.16,102.84,112.93,3.28
5022.23,10.77,26.61,28.2,111.15,1710.25,612.06,64.93,83.94,256.18,102.77,112.93,3.28
5023.24,11.19,26.53,33.45,113.24,1613.27,617.23,68.51,84.03,256.2,102.69,112.97,2.89
5024.25,12.17,25.97,36.8,97.96,1429.93,601.07,81.64,84.58,256.22,102.73,112.97,2.89
5025.26,13.05,26.23,35.64,116.75,1460.99,610.12,72.56,84.33,256.23,102.65,112.97,2.89
5026.27,11.02,25.89,38.36,110.99,1421.59,603.44,80.37,84.67,256.55,102.65,112.97,2.51
5027.28,12.36,26.31,38.63,108.1,1429.17,611.2,77.64,84.24,256.61,102.61,113.01,2.51
5028.29,11.69,26.53,29.6,112.1,1399.62,595.25,79.71,84.03,256.5,102.61,113.01,2.51
5029.3,10.97,25.84,33.17,92.24,1408.71,602.58,77.55,84.71,256.69,102.58,112.97,2.51
5030.31,9.36,25.46,30.85,105.5,1385.99,608.83,87.81,85.09,256.93,102.58,113.01,2.51
5031.32,9.99,25.93,30.09,105.85,1385.23,612.71,84.09,84.62,257.04,102.77,113.08,2.51
5032.33,9.35,26.61,40.53,104.17,1441.29,599.13,70.48,83.94,257.0,102.88,113.12,2.51
5033.34,12.37,24.74,0.0,21.82,1405.68,598.91,77.83,85.82,256.01,101.36,113.46,2.51
5033.34,12.37,24.74,0.0,21.82,1405.68,598.91,77.83,85.82,256.01,101.36,113.46,2.51
5034.35,6.37,28.48,0.0,22.24,1444.32,598.26,75.95,82.07,256.49,102.16,114.49,2.51
5035.36,7.39,32.44,0.0,22.35,1479.17,599.56,67.19,78.11,256.61,102.88,114.61,2.13
5036.37,7.86,34.66,0.0,22.39,1773.13,625.85,69.17,75.9,256.97,103.34,114.38,1.75
5037.38,9.08,36.36,0.0,22.35,1478.42,603.65,75.33,74.19,256.45,103.41,114.07,2.13
5038.39,7.12,32.49,0.0,22.31,1473.11,619.82,84.28,78.07,256.46,103.53,113.92,1.75
5039.4,8.49,33.21,0.0,21.93,1498.87,623.05,73.54,77.34,256.36,103.45,113.92,1.75
5040.41,9.44,35.17,0.0,22.12,1606.45,625.21,72.89,75.38,256.5,103.34,113.96,1.75
5041.42,7.93,34.79,0.0,22.05,1535.24,607.1,70.39,75.77,256.62,103.26,113.88,1.37
5042.43,8.15,32.91,0.0,21.51,1564.03,621.97,71.1,77.64,257.03,103.26,113.88,1.75
5043.44,9.25,19.46,38.91,116.9,1490.54,622.84,71.99,91.1,256.48,103.19,113.35,2.13
5044.45,5.97,18.69,32.9,128.46,1471.6,600.42,73.03,91.86,256.83,103.0,113.08,2.13
5045.46,7.12,18.27,35.0,130.63,1515.54,624.34,72.08,92.29,256.54,102.77,112.85,2.13
5046.47,7.9,18.73,32.44,130.51,1463.26,602.36,73.36,91.82,256.99,102.65,112.78,2.13
5047.47,6.92,18.18,34.0,132.99,1623.88,623.48,73.73,92.37,257.13,102.77,112.85,2.51
5048.48,8.49,19.46,33.6,141.72,1754.19,618.74,77.97,91.1,257.27,102.65,112.85,2.51
5049.49,9.96,18.69,37.44,138.33,1442.05,608.4,82.02,91.86,257.36,102.65,112.89,2.51
5050.5,8.71,20.1,33.29,139.89,1662.52,629.09,70.86,90.46,256.89,102.8,112.97,2.51
5051.51,8.36,19.2,43.12,128.99,1566.3,621.54,73.31,91.35,256.17,102.92,113.04,2.51
5052.52,6.16,18.86,33.66,134.06,1439.78,620.9,81.27,91.69,257.79,102.88,113.24,3.28
5053.53,6.91,19.12,34.91,134.52,1457.96,605.16,74.39,91.44,258.46,102.92,113.27,3.66
5054.54,6.39,16.73,33.11,126.63,1443.56,619.39,86.21,93.82,258.59,103.07,113.73,3.66
5055.55,6.4,19.71,34.88,128.07,1663.27,625.42,74.25,90.84,258.14,103.26,113.65,3.66
5056.56,6.29,19.16,32.23,128.95,1449.63,616.15,78.02,91.39,258.31,103.3,113.58,2.89
5057.57,5.96,18.1,32.17,123.92,1432.96,615.08,77.69,92.46,258.48,103.34,113.5,2.51
5058.58,6.69,20.57,50.99,144.05,1776.92,659.69,75.0,89.99,258.66,103.45,113.62,2.51
5059.59,6.55,18.73,50.41,141.76,1619.33,656.46,87.86,91.82,259.22,103.64,113.77,2.13
5060.6,7.16,19.33,50.38,140.16,1580.69,640.51,71.52,91.22,259.69,103.87,113.77,1.37
5061.61,7.03,21.59,51.17,139.28,1856.47,657.54,76.32,88.97,262.54,103.83,113.77,0.61
5062.62,7.75,21.5,50.93,131.54,1795.1,647.41,76.65,89.05,263.77,103.83,113.69,0.23
5063.63,6.88,22.71,50.78,137.57,1632.21,656.89,76.09,90.84,263.82,104.02,113.77,-0.16
5064.64,7.13,23.18,48.15,143.4,1617.06,639.86,74.3,90.37,264.28,104.25,113.88,-0.54
5065.67,7.53,23.44,50.93,140.16,1586.76,650.64,79.43,90.12,264.55,104.48,113.96,-0.54
5066.68,7.43,32.87,0.0,36.0,1376.89,596.97,72.46,82.71,263.88,103.76,114.87,-1.3
5067.68,6.36,38.28,0.0,34.55,1603.42,593.74,78.07,77.3,263.97,104.22,115.41,-1.3
5068.69,5.95,36.06,0.0,33.3,1368.56,595.03,83.62,79.51,264.25,104.67,115.33,-1.68
5069.7,5.81,38.62,0.0,31.2,1445.84,591.37,69.31,76.96,263.56,105.97,115.33,-1.3
5070.71,5.73,36.87,0.0,30.09,1481.45,604.08,72.32,78.71,262.9,105.47,115.37,-1.3
5071.72,5.24,32.19,0.0,36.61,1410.99,598.48,73.69,83.39,262.85,105.28,115.33,-0.92
5072.73,8.63,39.0,0.0,35.74,1422.35,612.27,78.4,76.58,262.85,105.32,115.29,-0.92
5074.28,7.0,20.18,33.81,169.78,1505.69,609.69,74.72,90.84,261.92,105.05,114.8,0.23
5074.51,7.0,18.78,40.53,177.9,1501.9,631.03,72.23,92.25,261.8,105.05,114.76,0.23
5075.52,5.77,22.01,37.41,180.92,1728.43,624.78,76.79,89.01,261.16,104.83,114.46,0.23
5076.53,6.7,21.59,38.76,177.14,1454.93,608.4,81.93,89.44,260.68,104.56,114.34,0.23
5077.54,6.43,24.18,40.46,175.84,1698.88,629.52,79.43,86.84,260.87,104.44,114.42,0.61
5078.55,6.54,21.71,31.34,167.38,1465.54,623.27,80.0,89.31,260.61,104.44,114.46,0.61
5079.56,7.37,25.89,35.49,175.08,1786.77,632.32,72.93,85.14,260.62,104.37,114.49,0.99
5080.57,6.9,23.8,36.8,178.09,1459.47,622.84,83.76,87.22,261.64,104.44,114.53,0.99
5081.58,8.08,25.21,35.19,174.51,1676.91,631.03,72.51,85.82,260.18,104.48,114.57,0.99
5082.59,7.37,23.29,35.19,175.43,1529.18,612.06,74.3,87.73,259.01,104.56,114.65,1.37
5083.6,8.34,24.06,39.06,170.2,1464.78,611.63,76.84,86.97,257.83,104.44,114.76,1.75
5084.61,7.29,23.59,37.63,172.38,1459.47,624.78,86.17,87.43,256.22,104.41,114.8,2.13
5085.62,7.86,24.27,36.44,169.63,1457.2,620.25,82.4,86.75,254.55,104.52,114.8,2.13
5086.63,7.67,24.7,35.28,168.68,1484.48,611.2,71.38,86.33,253.66,104.44,114.84,2.13
5087.64,7.2,23.16,34.88,171.27,1510.99,627.58,76.61,87.86,252.97,104.33,114.84,2.13
5088.65,7.54,24.35,36.28,167.61,1461.75,624.56,83.34,86.67,252.65,104.33,114.87,2.51
5089.66,7.36,25.5,34.03,165.25,1651.91,617.02,83.53,85.52,253.06,104.14,114.84,2.51
5090.67,8.06,24.65,32.93,155.1,1536.75,615.94,70.01,86.37,253.21,104.1,114.84,2.89
5091.68,7.53,25.21,32.17,174.62,1574.63,635.12,73.21,85.82,253.31,104.06,114.76,2.89
5092.68,7.78,25.67,34.36,157.16,1472.35,626.5,81.36,85.35,253.42,103.99,114.76,2.89
5093.69,7.57,27.38,34.85,159.3,1740.55,626.5,78.96,83.64,254.17,103.87,114.68,2.89
5094.7,7.52,24.99,33.48,161.89,1489.78,610.77,68.74,86.03,254.81,103.87,114.61,3.28
5095.71,7.68,25.8,32.75,159.76,1724.64,623.27,80.37,85.22,254.59,104.02,114.65,3.28
5096.74,13.3,20.78,24.29,126.7,1427.65,606.24,63.56,90.24,253.57,102.08,114.53,3.66
5097.75,6.82,22.57,33.66,140.54,1411.74,613.35,79.67,88.46,253.63,102.84,114.87,3.28
5098.76,6.49,24.52,34.03,132.92,1428.41,604.52,70.11,86.5,253.66,103.53,114.8,3.28
5099.77,6.87,24.61,38.21,129.03,1474.63,628.87,75.95,86.41,253.72,104.02,114.42,3.66
5100.78,6.42,23.16,35.46,128.15,1387.5,620.25,83.34,87.86,253.78,104.29,114.26,3.66
5101.79,7.62,24.99,37.02,136.46,1529.93,630.38,78.4,86.03,254.22,104.29,114.3,3.66
5102.8,7.0,23.93,33.36,125.1,1414.02,625.64,79.57,87.09,253.65,104.29,114.42,4.04
5103.81,7.15,25.21,33.39,137.34,1591.3,627.36,68.98,85.82,254.1,104.29,114.49,4.04
5104.82,7.32,25.16,24.87,137.15,1625.39,620.47,71.8,85.86,253.37,104.41,114.65,4.42
5105.83,7.58,23.55,37.96,133.83,1467.05,630.6,73.73,87.48,251.94,104.44,114.65,4.04
5106.84,7.14,23.72,38.39,130.32,1384.47,617.66,86.59,87.31,251.17,104.52,114.65,4.04
5107.85,7.43,25.46,32.99,130.44,1676.15,625.21,68.18,85.56,250.03,104.52,114.65,4.42
5107.85,7.43,25.46,32.99,130.44,1676.15,625.21,68.18,85.56,250.03,104.52,114.65,4.42
5108.86,7.09,25.76,33.57,133.22,1700.4,631.03,73.64,85.26,249.33,104.41,114.68,4.42
5109.87,7.1,25.8,32.01,139.63,1564.78,626.72,78.44,85.22,247.81,104.52,114.72,4.42
5110.88,6.92,25.12,35.37,121.33,1474.63,617.88,76.98,85.9,246.46,104.56,114.76,4.42
5111.89,7.46,25.42,34.0,136.16,1655.7,625.42,78.11,85.6,245.03,104.67,114.8,4.42
5112.9,7.97,25.21,39.82,140.92,1664.79,627.36,71.1,85.82,244.61,104.63,114.84,4.42
5113.91,7.55,23.8,36.93,140.81,1599.63,627.58,73.78,87.22,244.72,104.75,114.87,4.8
5114.92,8.78,22.86,40.83,138.02,1464.78,632.54,77.36,88.16,245.06,104.71,114.87,4.8
5115.93,7.76,23.89,36.93,155.45,1427.65,618.96,88.28,87.14,245.13,104.44,114.87,4.8
5116.94,8.91,22.74,44.8,158.12,1451.14,614.21,78.44,88.29,245.07,104.37,114.87,5.18
5117.95,7.82,24.4,41.75,178.21,1475.38,633.4,74.53,86.63,245.18,104.33,114.87,5.18
5118.96,8.8,24.52,41.26,163.57,1470.08,612.49,70.01,86.5,245.37,104.37,114.87,5.56
5119.96,8.49,23.84,36.35,150.76,1442.05,623.7,77.17,87.18,246.28,104.22,114.91,5.18
5120.97,7.68,25.5,35.43,161.66,1763.28,635.55,67.94,85.52,246.55,104.25,114.87,5.56
5121.98,8.25,24.95,34.06,159.76,1682.22,636.41,75.19,86.07,247.06,104.41,114.91,5.56
5122.99,7.19,24.65,33.32,166.16,1487.51,635.98,76.94,86.37,247.47,104.44,115.03,5.56
5124.0,7.86,23.89,30.3,151.48,1448.11,625.85,86.59,87.14,247.58,104.52,115.07,5.56
5125.01,7.21,23.93,42.9,168.22,1453.41,630.6,78.68,87.09,248.21,104.67,115.07,5.56
5126.02,8.02,22.91,45.16,172.11,1561.0,623.48,65.35,88.12,248.58,104.75,115.1,5.94
5127.03,8.21,25.21,45.99,157.09,1779.19,635.98,74.96,85.82,248.71,104.75,115.1,5.56
5128.04,8.13,24.1,41.56,161.62,1605.7,628.22,83.1,86.92,248.94,104.71,115.1,5.56
5129.05,7.64,24.18,42.97,161.28,1489.02,635.12,74.91,86.84,248.9,104.67,115.1,5.94
5130.09,7.23,32.06,0.0,37.26,1511.75,631.67,70.06,83.77,248.79,103.07,115.41,5.18
5131.12,6.61,26.27,44.46,129.48,1728.43,630.16,76.42,88.54,249.1,103.76,115.41,5.94
5132.13,8.55,30.78,38.97,132.27,1691.31,620.9,81.69,84.03,249.51,104.1,115.26,5.94
5133.14,6.77,30.15,35.7,131.05,1559.48,616.15,77.83,84.67,250.31,104.29,114.87,5.94
5134.16,7.42,30.15,35.43,126.02,1579.94,620.47,79.62,84.67,250.59,104.29,114.72,5.94
5135.17,6.5,29.63,32.04,149.88,1421.59,613.57,82.77,85.18,250.86,104.18,114.8,5.94
5136.18,6.87,29.68,35.22,157.89,1485.23,626.93,73.97,85.14,250.65,104.22,114.8,5.94
5137.19,7.28,28.83,35.4,150.42,1460.23,620.25,73.59,85.99,249.06,104.29,114.84,5.94
5138.2,6.63,30.74,35.03,158.61,1703.43,618.09,78.02,84.07,250.0,104.29,114.84,5.94
5139.21,6.68,29.68,34.48,152.13,1579.18,619.6,78.68,85.14,251.18,104.25,114.8,5.94
5140.22,8.56,28.27,41.2,166.05,1419.32,611.2,85.98,86.54,252.05,104.29,115.1,6.71
5141.23,7.95,29.0,45.13,174.7,1428.41,615.51,80.23,85.82,251.29,104.44,115.03,7.09
5142.24,7.14,29.12,47.97,164.06,1479.93,625.64,70.11,85.69,251.23,104.52,115.03,7.09
5143.25,8.16,29.29,46.99,175.39,1443.56,612.27,84.89,85.52,251.6,104.44,115.03,7.09
5144.26,7.86,29.63,42.6,177.33,1632.97,624.56,78.02,85.18,252.11,104.37,114.99,7.09
5145.27,9.9,27.63,45.71,176.45,1496.6,626.5,74.06,87.18,252.18,104.18,114.91,7.09
5146.28,8.67,29.29,45.04,172.95,1463.26,601.93,73.83,85.52,252.54,103.91,114.87,6.33
5147.29,10.04,30.27,45.04,178.82,1709.49,620.9,69.49,84.54,252.67,103.99,114.84,6.33
5148.3,9.36,29.51,47.05,177.06,1469.32,623.48,69.87,85.31,252.84,104.02,114.8,5.94
5149.31,9.35,29.68,39.4,168.94,1637.52,619.82,80.14,85.14,253.03,104.02,114.84,5.94
5150.32,8.76,28.61,40.65,167.61,1470.84,600.64,72.04,86.2,253.63,104.02,114.87,5.94
5151.32,7.83,29.04,48.7,169.94,1423.11,612.27,81.46,85.77,253.86,103.87,114.87,6.33
5152.33,8.59,30.32,49.8,171.0,1731.46,623.48,72.7,84.5,253.99,103.68,114.8,6.33
5153.34,8.16,28.7,52.18,169.86,1429.17,604.3,82.73,86.11,254.59,103.61,114.76,6.33
5154.35,9.32,28.65,53.06,173.9,1567.81,614.43,70.95,86.16,254.67,103.53,114.76,6.33
5155.36,9.87,29.34,50.07,167.61,1441.29,613.57,82.3,85.48,255.2,103.61,114.76,6.71
5156.37,11.19,31.08,47.85,175.5,1671.61,616.37,79.34,83.73,255.24,103.68,114.72,6.33
5157.38,10.69,29.72,43.67,167.8,1476.9,600.85,66.81,85.09,255.41,103.83,114.76,6.71
5158.39,10.15,27.8,50.29,168.79,1461.75,621.54,70.15,87.01,255.53,103.83,114.84,6.71
5159.4,10.57,28.83,49.59,163.99,1452.66,608.18,85.13,85.99,255.83,103.99,114.84,6.33
5160.41,11.84,32.23,0.0,36.12,1579.18,600.2,71.0,100.12,257.02,102.12,115.14,7.09
5161.42,6.75,31.76,0.0,28.22,1527.66,603.22,77.59,100.59,257.45,103.0,115.71,7.09
5162.43,7.48,34.62,0.0,28.34,1453.41,593.52,63.28,97.74,257.08,103.53,115.94,6.71
5163.44,10.45,41.0,0.0,27.61,1719.34,605.81,67.75,91.35,257.29,104.02,115.75,6.71
5164.45,6.05,34.23,0.0,27.61,1414.78,593.74,71.33,98.12,256.34,104.37,115.48,6.33
5165.46,6.24,36.66,0.0,25.17,1578.42,611.2,74.58,95.69,256.17,104.33,115.37,5.56
5166.47,6.65,38.66,0.0,27.58,1404.93,602.14,81.93,93.69,255.77,104.37,115.37,5.94
5167.48,7.06,41.34,0.0,26.47,1673.12,611.2,75.85,91.01,255.57,104.41,115.41,5.94
5168.48,8.12,30.7,47.63,157.66,1738.28,626.07,81.55,101.66,255.06,104.48,114.95,6.71
5169.49,9.25,30.27,39.43,131.35,1482.2,608.4,68.79,102.08,254.74,104.48,114.76,6.33
5170.5,8.2,29.51,37.47,136.0,1433.72,616.59,80.89,102.85,254.63,104.48,114.61,6.33
5171.51,8.49,29.17,38.3,146.72,1459.47,610.55,71.24,103.19,253.95,104.6,114.46,6.33
5172.52,8.49,30.91,42.81,157.66,1662.52,618.09,83.25,101.44,253.78,104.6,114.38,5.94
5173.53,8.69,29.59,40.62,150.34,1460.99,624.34,82.07,102.76,253.66,104.71,114.49,5.94
5174.54,7.29,29.04,41.5,160.21,1433.72,616.8,83.2,103.32,253.64,104.71,114.61,5.94
5175.55,9.17,31.47,41.26,158.46,1648.88,627.79,74.39,100.89,253.34,104.83,114.65,5.56
5176.56,9.01,29.85,46.72,161.97,1439.02,611.84,79.76,102.51,253.26,104.9,114.65,5.18
5177.57,9.29,30.02,45.56,160.56,1464.78,604.95,73.64,102.34,253.01,104.86,114.72,5.56
5178.58,8.82,28.7,45.8,158.61,1434.47,605.81,75.29,103.66,253.32,104.75,114.76,5.18
5179.59,9.44,28.02,45.56,159.03,1442.81,618.96,81.17,104.34,252.63,104.79,114.84,5.18
5180.6,9.95,28.53,43.24,161.2,1428.41,612.06,85.08,103.83,252.87,104.75,114.84,5.18
5181.61,9.29,29.17,46.99,162.2,1450.38,618.53,72.74,103.19,252.62,104.94,114.95,5.56
5182.62,9.59,30.1,42.69,160.4,1457.96,623.91,71.61,102.25,252.46,104.9,114.99,5.18
5183.63,8.84,29.93,43.24,159.49,1495.08,608.4,63.14,102.42,252.47,105.02,115.14,5.56
5184.64,10.33,30.74,47.15,148.59,1692.82,619.6,72.08,101.61,252.44,105.21,115.18,5.18
5185.65,9.56,31.25,46.9,165.63,1720.1,624.78,69.54,101.1,252.42,105.21,115.26,5.18
5186.65,9.34,29.72,47.66,152.74,1417.05,611.41,79.62,102.63,252.02,105.4,115.33,5.18
5187.66,9.15,29.17,45.01,168.98,1426.14,614.0,83.01,103.19,251.95,105.44,115.37,4.8
5188.67,9.11,29.12,47.57,158.08,1414.02,603.44,73.5,103.23,252.79,105.59,115.41,4.8
5189.68,9.36,29.29,50.04,151.18,1434.47,617.88,74.39,103.06,252.78,105.74,115.41,4.42
5190.69,8.62,28.06,48.12,160.67,1425.38,622.62,76.42,104.3,252.51,105.97,115.48,4.04
5191.7,8.82,29.68,43.18,159.57,1547.36,618.31,72.89,102.68,252.57,106.12,115.6,3.28
5192.7,6.7,30.7,45.56,133.18,1342.8,582.1,72.98,108.6,251.53,105.51,115.64,1.75
5193.71,6.28,31.38,37.5,137.49,1520.08,603.65,69.4,107.91,251.04,105.97,115.75,1.37
5194.72,7.01,31.21,35.92,129.94,1325.38,599.77,82.21,108.08,251.3,106.35,115.68,0.99
5195.73,7.19,31.29,29.6,130.82,1348.1,603.44,69.4,108.0,251.05,106.54,115.71,0.23
5196.74,6.78,31.0,39.0,146.15,1320.07,603.22,80.37,108.3,250.39,106.69,115.83,-0.16
5197.75,7.53,33.25,39.52,144.47,1567.81,600.42,77.78,106.04,251.98,106.81,115.83,-0.54
5198.76,8.91,31.25,34.51,131.85,1378.41,612.27,66.57,108.04,252.57,106.77,115.94,-0.54
5199.78,9.1,30.32,39.46,135.01,1374.62,593.74,70.72,108.98,253.05,106.77,115.98,-0.92
5200.79,8.72,33.08,35.49,135.47,1540.54,596.32,79.24,106.21,253.01,106.85,116.02,-1.3
5201.79,8.98,32.06,33.57,127.24,1374.62,609.9,71.14,107.23,252.82,106.96,116.13,-1.3
5202.8,8.07,31.98,37.11,143.86,1494.33,611.41,71.52,107.32,252.7,107.07,116.17,-1.3
5203.81,8.61,33.21,36.47,138.18,1602.67,611.2,71.28,106.08,252.61,107.07,116.21,-1.68
5204.82,8.11,31.51,35.4,136.04,1363.26,609.26,69.87,107.79,252.28,107.23,116.21,-2.06
5205.83,8.17,31.72,32.62,129.22,1373.11,590.51,69.64,107.57,252.23,107.27,116.21,-2.06
5206.84,7.52,32.66,36.71,136.35,1609.48,611.2,77.03,106.64,252.62,107.11,116.25,-1.68
5207.85,8.76,30.91,39.85,136.16,1311.74,596.32,76.89,108.38,252.63,107.15,116.29,-2.06
5208.86,7.97,31.34,31.89,130.59,1338.26,596.54,82.96,107.96,252.45,107.07,116.32,-2.06
5209.87,8.51,31.47,27.83,134.82,1336.74,591.58,70.44,107.83,252.23,107.04,116.44,-2.06
5210.88,8.03,31.42,34.7,137.8,1362.5,594.39,64.93,107.87,252.15,107.07,116.48,-1.68
5211.89,9.83,31.25,34.85,136.77,1404.93,597.19,64.6,108.04,252.17,107.07,116.51,-2.06
5212.9,10.57,32.49,34.39,133.53,1535.24,599.56,73.64,106.81,252.21,107.07,116.48,-1.68
5213.91,9.36,31.47,35.28,133.79,1540.54,615.29,71.38,107.83,252.28,107.0,116.44,-1.68
5214.92,10.06,31.12,33.78,126.93,1339.77,604.73,73.73,108.17,252.18,107.0,116.48,-1.68
5215.93,9.77,30.91,30.24,134.29,1426.9,601.07,69.4,108.38,252.07,106.85,116.48,-2.06
5216.94,13.67,32.02,30.18,137.53,1619.33,606.24,78.54,107.28,252.07,106.81,116.51,-1.68
5217.95,9.56,32.19,35.55,139.13,1393.56,613.57,73.07,107.11,251.97,106.73,116.48,-1.68
5218.96,8.13,30.95,33.9,135.62,1338.26,603.87,79.34,108.34,251.92,106.77,116.48,-1.68
5219.97,7.67,31.29,38.6,135.62,1373.11,593.31,71.28,108.0,251.75,106.66,116.48,-1.68
5220.98,8.16,31.85,35.95,132.61,1376.89,594.17,71.05,107.45,251.75,106.66,116.48,-0.92
5221.98,9.11,31.04,36.13,133.53,1327.65,589.0,70.44,108.25,251.94,106.54,116.51,-1.3
5222.99,7.85,32.96,32.65,145.95,1640.55,614.86,74.39,106.34,251.76,106.5,116.51,-0.92
5222.99,7.85,32.96,32.65,145.95,1640.55,614.86,74.39,106.34,251.76,106.5,116.51,-0.92
5224.0,7.64,31.59,36.99,136.04,1340.53,605.81,81.03,107.7,251.75,106.54,116.55,-0.92
5225.01,8.24,38.19,0.0,26.85,1395.83,607.75,72.93,95.35,249.91,106.2,117.28,-2.06
5226.02,7.71,38.06,0.0,25.17,1378.41,605.59,72.6,95.48,250.16,106.73,117.62,-2.06
5227.02,7.49,36.4,0.0,23.92,1348.1,599.56,72.89,97.14,250.93,107.15,117.54,-2.06
5228.03,7.93,39.56,0.0,22.85,1576.15,607.53,83.25,93.99,251.28,107.34,117.47,-2.06
5229.04,7.83,39.77,0.0,22.51,1380.68,616.37,74.86,93.78,250.85,107.42,117.54,-2.44
5230.05,8.22,19.07,46.84,93.91,1419.32,600.64,72.08,104.59,250.93,107.42,117.16,-1.68
5231.06,8.0,21.16,38.27,117.25,1630.7,621.11,70.67,102.51,252.84,107.27,116.82,-1.68
5232.07,7.48,20.74,39.3,103.67,1576.15,608.4,76.28,102.93,251.32,107.11,116.7,-1.3
5233.08,8.12,20.35,37.29,97.0,1564.78,604.73,79.67,103.32,251.64,106.96,116.55,-1.3
5234.09,7.67,19.37,35.67,99.52,1382.96,602.14,62.15,104.3,251.49,106.85,116.48,-0.92
5235.1,8.32,19.42,35.37,101.12,1351.14,613.78,71.33,104.25,251.31,106.73,116.55,-0.92
5236.11,7.21,18.39,36.41,95.55,1370.08,603.44,68.84,105.27,251.93,106.58,116.51,-0.54
5237.12,7.11,17.03,35.67,97.65,1349.62,602.58,71.99,106.64,251.7,106.43,116.55,-0.54
5238.13,8.04,18.14,36.04,94.41,1393.56,607.53,77.5,105.53,251.5,106.27,116.59,-0.16
5239.14,8.93,19.63,35.98,95.97,1407.2,624.99,65.63,104.04,251.69,106.24,116.51,-0.54
5240.15,9.47,18.22,34.03,83.43,1579.18,616.8,76.09,105.44,251.9,106.24,116.44,-0.54
5241.16,10.57,19.54,36.77,56.32,1488.26,614.0,80.94,104.12,251.67,106.24,116.4,-0.54
5242.17,8.4,19.93,36.35,9.01,1573.88,606.89,78.11,103.74,252.17,106.35,116.44,-0.54
5243.18,7.33,19.88,34.7,128.11,1370.83,601.71,70.91,103.78,252.25,106.31,116.51,-0.16
5244.19,8.24,20.44,36.53,0.16,1598.12,618.53,67.19,103.23,252.64,106.27,116.51,-0.54
5245.2,8.43,18.56,37.02,99.98,1353.41,615.94,68.32,105.1,252.85,106.31,116.55,0.23
5245.2,8.43,18.56,37.02,99.98,1353.41,615.94,68.32,105.1,252.85,106.31,116.55,0.23
5246.21,8.0,16.99,37.38,42.29,1609.48,618.97,79.9,106.68,251.43,105.09,115.94,0.23
5247.23,8.49,16.05,37.5,0.0,1354.92,623.71,76.75,107.62,251.84,105.51,116.09,0.61
5248.24,9.25,17.5,39.03,12.36,1589.79,628.23,72.79,106.17,252.14,105.59,116.21,0.99
5249.25,8.0,18.56,37.2,9.16,1632.21,620.26,74.63,105.1,253.79,105.55,116.25,0.99
5250.26,8.7,16.48,35.43,96.74,1391.29,608.85,69.49,107.19,254.18,105.51,116.21,1.75
5251.29,7.98,11.03,44.55,92.2,1345.07,622.42,77.78,112.64,255.57,105.59,116.09,2.13
5252.3,8.62,16.26,46.78,118.58,1433.72,625.0,69.12,107.4,256.61,105.66,116.13,2.89
5253.31,6.32,17.03,37.99,113.82,1511.75,611.0,73.73,106.64,252.18,105.7,116.13,3.28
5254.32,7.89,16.99,38.15,108.86,1336.74,600.45,86.4,106.68,251.88,105.82,116.13,2.89
5255.33,8.48,17.84,39.27,108.78,1385.23,615.95,73.78,105.83,253.04,105.47,116.13,3.28
5256.33,15.02,32.02,0.0,16.56,1348.1,582.96,62.85,98.04,251.85,103.68,116.48,3.66
5257.34,6.77,35.72,0.0,16.29,1401.14,597.19,68.88,94.33,251.14,104.1,116.78,4.42
5258.35,6.65,36.28,0.0,40.62,1474.63,609.9,72.41,93.78,251.83,104.56,116.9,4.42
5259.36,6.03,35.17,0.0,37.26,1398.11,608.83,72.6,94.89,251.42,104.83,116.67,4.42
5260.37,6.5,37.26,0.0,35.24,1432.96,608.4,69.68,92.8,251.57,104.9,116.48,4.8
5261.38,5.86,36.28,0.0,33.79,1435.23,607.1,68.08,93.78,250.85,104.94,116.36,4.8
5262.39,6.81,30.06,31.16,132.73,1424.62,618.53,67.14,105.96,251.27,104.9,115.75,4.8
5263.4,6.97,30.15,34.03,131.96,1385.99,611.41,81.22,105.87,250.89,104.79,115.48,5.18
5264.41,7.14,30.61,35.77,119.72,1427.65,606.46,66.62,105.4,250.49,104.63,115.29,4.8
5265.42,7.26,30.19,35.37,113.82,1384.47,614.86,86.35,105.83,250.28,104.56,115.14,5.18
5266.43,6.1,29.8,37.32,106.08,1615.54,624.56,71.05,106.21,250.04,104.33,115.1,5.18
5267.44,7.99,29.12,37.11,112.9,1407.96,619.39,73.92,106.89,250.7,104.29,115.14,5.18
5268.45,7.64,30.53,38.08,109.7,1582.97,614.0,77.92,105.49,250.41,104.29,115.1,5.18
5269.46,7.83,31.51,37.99,110.5,1638.27,635.55,76.32,104.51,248.95,104.41,115.18,5.56
5270.47,7.15,30.1,38.79,115.19,1314.77,631.89,91.91,105.91,248.28,104.75,115.33,5.18
5271.48,7.39,30.61,32.04,103.56,1332.95,634.04,82.82,105.4,249.02,104.83,115.41,5.56
5272.49,7.07,29.55,37.63,122.09,1357.95,632.97,83.01,106.47,249.32,104.75,115.45,5.56
5273.5,8.05,31.12,38.27,117.17,1538.27,632.32,74.91,104.89,249.44,104.67,115.6,5.56
5274.52,7.8,30.27,37.26,113.62,1398.87,613.57,66.01,105.74,248.93,104.98,115.71,5.56
5275.53,7.79,31.85,38.02,113.43,1614.79,635.55,78.49,104.17,249.04,105.05,115.71,5.18
5276.54,7.13,29.93,35.92,117.02,1395.83,616.8,67.61,106.08,248.48,105.05,115.68,5.18
5277.55,7.94,29.68,38.24,105.08,1385.99,633.18,68.88,106.34,249.02,105.02,115.71,5.18
5278.56,6.87,29.8,35.83,118.92,1352.65,618.53,85.79,106.21,248.73,105.02,115.75,5.56
5279.57,7.55,30.74,35.55,110.99,1468.57,619.82,81.5,105.27,249.4,105.02,115.83,5.56
5280.58,6.92,30.74,38.85,116.79,1382.96,606.67,70.86,105.27,249.34,105.02,115.83,5.56
5281.58,7.34,30.36,39.79,109.24,1446.6,626.93,72.74,105.66,249.03,105.02,115.83,5.56
5282.59,8.3,29.55,39.95,111.68,1357.2,619.17,81.79,106.47,249.29,105.02,115.83,5.94
5283.6,7.95,30.32,39.43,109.2,1358.71,613.78,84.42,105.7,249.34,104.94,115.75,5.94
5284.61,7.73,30.15,40.53,107.94,1373.86,609.26,76.65,105.87,249.26,104.83,115.75,5.94
5285.62,7.38,30.36,38.21,116.1,1357.2,610.77,80.7,105.66,248.96,104.83,115.75,6.33
5286.63,8.93,29.51,36.38,111.3,1507.96,625.64,71.71,106.51,248.96,104.79,115.75,5.94
5287.64,11.12,16.18,50.26,115.45,1425.38,640.08,80.23,118.26,247.8,102.12,115.29,6.33
5288.66,25.7,28.53,57.28,105.73,1442.05,632.32,79.2,105.91,247.58,102.5,115.26,6.71
5289.67,10.17,28.74,44.09,95.9,1471.6,642.88,73.5,105.7,247.48,103.03,115.37,6.33
5290.68,13.81,30.1,36.38,106.57,1492.81,642.45,75.62,104.34,247.41,103.38,115.48,6.71
5291.69,13.26,30.36,37.14,118.62,1754.19,643.74,75.15,104.08,247.62,103.64,115.52,7.09
5292.7,17.31,28.87,36.77,118.89,1488.26,643.31,77.41,105.57,247.63,103.8,115.6,7.09
5293.71,18.37,28.91,32.04,120.07,1427.65,610.33,76.04,105.53,247.88,103.91,115.56,7.09
5294.72,18.38,29.34,33.94,117.89,1442.81,628.44,76.79,105.1,247.75,103.99,115.45,6.71
5295.73,13.98,28.57,35.58,117.67,1401.9,611.63,78.35,105.87,247.48,104.02,115.37,6.71
5296.74,11.96,29.51,36.68,115.91,1407.96,611.84,75.48,104.93,247.31,104.02,115.37,6.71
5297.75,9.39,30.23,35.8,108.86,1544.33,622.19,74.44,104.21,247.32,104.02,115.41,6.71
5298.76,8.26,29.25,38.45,113.13,1392.8,612.71,72.93,105.19,246.79,104.02,115.45,7.09
5299.79,7.62,31.17,40.28,118.43,1644.33,621.76,79.48,103.27,245.67,103.99,115.41,7.09
5300.8,6.73,29.38,37.96,107.41,1385.23,620.03,82.12,105.06,245.41,103.99,115.41,7.09
5301.81,7.06,30.7,38.48,113.4,1613.27,626.72,76.7,103.74,245.5,103.99,115.41,7.09
5302.82,6.53,29.29,39.12,111.34,1397.35,624.56,75.1,105.15,245.58,104.02,115.41,7.09
5303.83,7.03,28.87,35.09,107.87,1377.65,618.96,80.47,105.57,246.11,104.02,115.41,7.47
5304.84,6.77,29.76,37.11,111.91,1392.8,598.48,67.23,104.68,245.81,103.95,115.33,7.47
5305.85,7.52,29.25,33.75,110.99,1423.87,625.64,67.8,105.19,246.37,103.83,115.29,7.47
5306.86,6.85,30.7,35.0,108.33,1619.33,621.97,71.57,103.74,246.31,103.87,115.29,7.47
5307.87,7.45,30.74,30.09,96.28,1579.94,614.43,79.57,103.7,246.42,103.83,115.29,7.09
5308.88,7.62,30.44,35.8,107.91,1541.3,614.86,80.37,104.0,245.7,103.83,115.22,7.09
5309.89,7.72,30.87,30.64,109.01,1621.61,617.02,79.53,103.57,246.33,103.8,115.22,7.47
5310.9,7.9,31.89,35.34,105.66,1618.58,622.19,76.37,102.55,246.04,103.8,115.22,7.09
5311.91,7.11,30.57,33.23,106.11,1566.3,619.39,65.02,103.87,245.99,103.8,115.18,7.09
5312.92,8.08,30.23,30.24,105.43,1592.82,620.68,73.5,104.21,246.04,103.8,115.18,7.09
5313.93,7.45,29.51,33.14,103.22,1419.32,602.79,63.23,104.93,245.98,103.76,115.18,7.09
5314.94,8.31,30.06,36.35,107.91,1515.54,611.41,78.16,104.38,246.14,103.72,115.14,6.71
5315.95,7.99,30.57,34.33,110.69,1538.27,613.14,80.61,103.87,246.51,103.68,115.1,7.09
5316.96,7.59,29.21,35.43,98.79,1424.62,625.64,71.57,105.23,245.99,103.64,115.1,7.09
5317.97,8.13,29.46,29.82,103.22,1401.14,620.25,73.83,104.98,245.99,103.68,115.07,7.09
5318.98,8.19,29.97,35.89,108.17,1419.32,601.93,68.46,104.47,246.14,103.61,115.07,7.09
5319.99,9.34,29.25,28.66,102.45,1373.11,612.92,81.64,105.19,246.11,103.45,115.1,7.09
5320.02,19.73,30.49,42.9,107.64,1680.7,626.72,84.66,104.76,243.93,101.89,114.76,8.61
5321.03,9.1,30.15,33.57,103.9,1623.12,623.27,84.33,105.1,244.02,102.19,114.87,8.61
5322.04,11.91,30.49,33.72,106.15,1666.31,626.07,79.05,104.76,244.06,102.42,114.87,8.61
5323.07,8.03,30.06,34.15,107.37,1432.2,628.01,79.29,105.19,244.11,102.61,114.91,8.61
5324.08,7.08,30.57,32.56,105.69,1695.09,633.61,77.03,104.68,245.72,102.88,114.76,8.23
5325.09,7.86,31.25,32.96,104.63,1701.91,637.49,78.82,104.0,246.07,103.0,114.72,8.23
5326.1,8.66,29.12,33.2,105.54,1518.57,626.07,78.02,106.13,246.06,103.19,114.72,8.61
5327.11,9.57,29.63,37.14,99.14,1482.2,644.61,80.0,105.62,246.27,103.34,114.76,7.85
5328.12,8.31,31.85,35.7,100.2,1692.82,633.61,81.64,103.4,246.23,103.49,114.76,7.47
5329.13,9.9,29.76,32.47,107.75,1467.81,634.04,87.06,105.49,246.43,103.61,114.76,7.09
5330.14,11.08,29.12,35.58,98.72,1487.51,630.81,77.64,106.13,246.42,103.72,114.76,7.09
5331.15,8.48,29.0,17.8,105.28,1449.63,643.1,85.98,106.25,247.2,103.8,114.84,6.33
5332.16,8.15,30.49,35.43,98.15,1603.42,684.7,81.13,104.76,247.64,103.99,114.99,5.94
5333.17,12.24,27.97,28.44,105.01,1467.81,685.13,70.81,107.28,248.36,104.14,115.1,5.56
5334.18,11.92,31.12,26.22,104.93,1688.28,673.49,79.85,104.12,248.61,104.22,115.22,5.56
5335.19,16.08,29.68,29.05,98.98,1461.75,648.7,77.74,105.57,248.25,104.29,115.22,5.18
5336.19,10.91,30.23,31.13,99.94,1626.15,656.68,72.46,105.02,248.23,104.37,115.22,4.8
5337.2,12.24,29.29,26.89,94.49,1483.72,648.92,77.59,105.96,247.98,104.41,115.33,4.42
5338.21,13.08,30.91,37.96,111.91,1689.79,638.35,78.68,104.34,248.89,104.52,115.45,4.04
5339.22,11.32,31.38,41.99,96.58,1753.43,652.58,69.21,103.87,248.32,104.67,115.6,4.04
5340.23,10.76,29.76,43.09,100.01,1481.45,640.94,86.4,105.49,248.6,104.71,115.56,4.04
5341.24,13.93,30.23,41.5,99.4,1526.9,632.54,69.17,105.02,247.24,104.86,115.52,4.42
5342.25,10.79,30.49,45.65,97.34,1731.46,654.3,69.87,104.76,247.7,104.9,115.37,4.42
5343.28,8.29,31.0,38.6,93.27,1592.82,618.53,81.31,104.25,247.81,104.98,115.26,4.04
5344.29,8.97,28.4,38.05,99.4,1473.87,634.69,74.72,106.85,247.39,104.94,115.29,3.66
5345.3,8.07,29.29,32.04,101.54,1405.68,608.83,68.08,105.96,247.78,104.71,115.33,3.66
5346.31,8.49,32.27,53.22,105.66,1697.37,640.29,63.66,102.98,248.06,104.48,115.52,5.18
5347.32,8.24,31.0,43.15,86.14,1641.3,650.86,73.36,104.25,246.92,104.41,115.71,5.18
5348.33,7.61,29.34,41.56,88.5,1529.93,637.92,61.82,105.91,247.63,104.6,115.68,5.56
5349.34,8.45,28.78,42.57,97.73,1562.51,639.22,65.35,106.47,247.45,104.79,115.64,5.56
5350.35,8.0,30.83,35.98,89.99,1785.25,656.89,74.82,104.42,247.58,105.02,115.64,5.56
5351.36,8.8,29.42,34.88,83.09,1676.15,646.55,82.12,105.83,247.8,105.05,115.71,5.18
5352.36,9.19,29.17,40.56,159.45,1325.38,611.63,71.28,106.08,248.14,104.44,115.45,4.04
5353.38,8.0,29.25,41.81,153.92,1414.02,620.03,78.58,106.0,249.13,104.86,115.48,3.66
5354.39,8.38,29.68,37.84,139.02,1376.14,622.62,73.69,105.57,249.75,105.09,115.45,3.66
5355.4,8.09,30.06,37.66,148.05,1579.94,618.31,81.6,105.19,249.69,105.28,115.68,3.66
5356.4,8.95,28.48,36.38,152.17,1370.08,609.69,71.94,106.76,249.19,105.4,115.98,3.28
5357.42,8.35,29.42,44.64,150.95,1519.33,617.88,76.23,105.83,249.25,105.59,115.71,2.89
5358.43,9.54,28.91,41.53,140.62,1374.62,626.07,75.43,106.34,249.81,105.66,115.64,2.51
5359.44,9.18,30.06,40.56,147.59,1381.44,612.06,64.97,105.19,249.54,105.63,115.68,2.13
5360.44,9.24,29.17,35.7,147.02,1257.95,636.85,70.86,106.08,249.54,105.47,115.71,1.75
5361.45,8.7,31.04,41.84,137.34,1451.9,637.49,73.4,104.21,248.33,105.51,115.83,1.75
5362.46,7.73,28.44,42.54,140.43,1183.7,637.49,70.81,106.81,249.31,105.4,115.9,1.37
5363.48,11.78,28.53,37.41,131.12,1393.56,660.1,86.31,106.72,246.58,104.98,115.98,0.23
5364.49,7.95,28.57,44.0,130.4,1436.75,649.77,74.44,106.68,246.42,105.32,116.02,0.23
5365.5,8.65,28.78,45.16,130.36,1420.84,651.49,84.19,106.47,246.76,105.44,115.94,-0.16
5366.51,8.09,27.29,37.66,137.26,1413.26,675.18,73.45,107.96,245.88,105.47,116.06,-0.54
5367.52,9.24,29.34,37.17,128.8,1343.56,664.84,72.18,105.91,244.76,105.63,115.98,-0.16
5368.53,9.08,29.68,35.25,130.02,1624.64,666.78,85.13,105.57,244.17,105.97,115.9,-0.54
5369.54,12.68,28.48,41.35,136.12,1362.5,655.58,86.31,106.76,244.54,106.08,115.9,-0.54
5370.56,10.44,27.16,41.53,131.12,1362.5,648.47,80.14,108.08,244.89,106.08,115.98,-0.54
5371.57,10.89,31.38,39.88,127.08,1715.55,665.27,66.57,103.87,245.62,106.12,116.02,-0.92
5372.58,9.88,29.34,42.26,134.97,1392.8,648.69,64.03,105.91,245.37,106.2,116.17,-0.92
5373.59,9.7,30.74,42.69,135.36,1719.34,664.41,75.9,104.51,244.84,106.31,116.21,-1.3
5374.6,10.1,28.48,43.3,128.87,1408.71,650.2,84.33,106.76,245.58,106.5,116.25,-1.3
5375.61,10.01,28.87,38.85,132.57,1349.62,642.23,90.97,106.38,245.72,106.43,116.21,-1.3
5376.62,10.3,29.38,42.29,126.51,1393.56,656.44,80.47,105.87,245.58,106.43,116.21,-1.3
5377.63,9.08,28.02,41.65,129.71,1401.9,634.91,76.04,107.23,245.22,106.5,116.32,-1.3
5378.64,9.22,28.66,42.94,125.63,1385.99,654.07,85.08,106.59,245.79,106.5,116.32,-1.68
5379.65,9.2,30.02,44.19,124.72,1605.7,642.87,80.23,105.23,245.82,106.54,116.32,-1.3
5380.66,8.93,27.76,40.13,123.42,1479.17,645.24,77.22,107.49,245.33,106.5,116.36,-1.68
5381.67,9.93,30.1,40.65,130.9,1439.02,633.61,67.33,105.15,246.29,106.46,116.4,-1.3
5382.67,9.67,45.64,0.0,38.82,1264.77,592.91,74.3,89.61,244.62,105.13,116.78,-2.06
5383.68,8.66,47.05,0.0,38.44,1273.1,591.4,72.56,88.2,244.54,105.47,117.05,-2.06
5384.69,7.67,45.3,0.0,38.4,1476.14,609.49,72.41,89.95,244.15,105.89,117.28,-2.06
5385.7,7.59,41.94,0.0,36.31,1310.98,594.2,68.22,93.31,244.93,106.24,117.09,-2.06
5386.71,9.71,43.09,0.0,37.22,1264.77,602.82,70.2,92.16,244.44,106.27,117.01,-2.06
5387.71,7.04,38.79,0.0,36.69,1454.17,622.63,71.8,96.46,243.75,106.54,116.9,-2.06
5388.72,11.36,43.6,0.0,35.47,1204.91,650.41,71.1,91.65,242.02,106.77,116.97,-2.06
5389.73,8.37,44.32,0.0,34.59,1217.04,626.51,77.78,90.93,241.19,107.0,117.05,-2.44
5390.78,11.32,33.92,53.67,166.81,1227.64,614.02,72.41,137.42,241.41,106.81,116.93,-1.68
5391.8,10.9,30.78,64.05,204.36,1557.21,629.95,72.18,110.55,241.41,106.85,116.9,-1.68
5392.81,8.98,32.83,40.01,171.96,1388.26,636.2,71.1,108.51,242.37,106.81,116.51,-1.68
5393.82,8.27,32.61,37.5,168.94,1384.47,654.07,77.12,108.72,241.29,106.69,116.36,-1.68
5394.83,7.84,33.0,40.4,158.76,1526.15,650.41,82.96,108.34,240.63,106.66,116.25,-1.68
5395.84,8.41,32.87,40.25,147.94,1398.11,655.8,80.0,108.47,241.08,106.62,116.09,-1.68
5396.87,8.6,30.61,48.09,147.4,1308.71,631.46,87.63,110.72,241.03,105.74,115.9,-1.68
5397.88,8.92,33.81,38.85,142.26,1400.38,652.15,86.35,107.53,241.22,105.97,115.98,-1.68
5398.89,6.96,35.0,38.45,141.76,1596.6,665.94,75.15,106.34,242.03,105.82,116.09,-1.3
5399.9,7.19,33.38,37.9,149.88,1439.78,675.21,75.62,107.96,241.55,105.82,116.29,-0.92
5400.91,7.45,33.17,39.37,146.41,1382.96,660.12,86.17,108.17,240.88,105.78,116.4,-0.54
5401.92,6.59,32.96,38.88,143.1,1433.72,665.73,75.52,108.38,240.86,105.66,116.32,-0.16
5402.93,8.75,35.6,39.09,141.57,1675.4,667.45,84.09,105.74,241.15,105.66,116.36,-0.16
5403.94,6.9,33.04,38.85,137.72,1473.11,648.92,70.58,108.3,241.02,105.82,116.55,0.61
5404.97,7.76,35.04,39.92,131.7,1676.15,658.62,81.08,106.3,240.65,105.85,116.59,0.61
5405.98,6.86,33.34,37.66,142.33,1370.83,660.77,74.72,108.0,241.26,105.97,116.51,0.23
5406.99,6.98,34.02,39.27,136.5,1525.39,646.11,84.75,107.32,241.08,106.24,116.7,0.23
5408.0,6.59,32.96,39.21,131.51,1457.96,662.71,82.4,108.38,240.95,106.46,116.59,-0.16
5409.01,7.14,34.1,39.85,134.48,1399.62,654.09,84.99,107.23,241.15,106.58,116.74,0.61
5410.02,7.17,33.47,39.06,131.89,1410.23,655.81,75.19,107.87,243.18,106.62,117.05,0.99
5411.03,7.11,35.04,42.17,134.06,1472.35,648.05,73.97,106.3,244.51,106.73,117.09,0.99
5412.04,7.04,34.19,41.87,138.18,1451.14,664.22,74.49,107.15,246.37,106.69,117.12,1.37
5413.05,7.42,33.98,35.28,135.47,1480.69,648.27,75.8,107.36,247.1,106.62,117.12,1.37
5414.06,7.88,36.23,38.24,136.69,1725.4,666.16,67.38,105.1,248.51,105.82,117.16,1.75
5415.07,7.21,35.21,40.04,124.99,1690.55,671.98,72.13,106.13,249.38,105.89,117.12,1.37
5416.08,5.21,34.49,0.0,18.66,1503.42,658.4,83.72,106.85,248.97,107.8,118.42,2.51
5417.09,7.18,39.43,0.0,17.24,1514.02,650.64,78.82,101.91,248.62,108.03,118.42,2.51
5418.1,6.12,41.34,0.0,17.17,1539.02,664.0,71.33,99.99,248.33,108.14,118.46,2.51
5419.11,5.1,41.17,0.0,16.83,1512.51,663.57,83.1,100.17,250.55,108.18,118.57,2.51
5420.12,5.45,43.47,0.0,16.37,1551.15,643.96,75.05,97.87,250.55,107.72,118.61,4.04
5421.13,4.97,42.19,0.0,17.51,1563.27,664.87,75.24,99.14,250.84,107.95,118.69,4.04
5422.14,5.16,39.51,0.0,72.95,1767.07,664.43,76.94,101.83,248.97,107.57,118.46,4.8
5423.15,6.99,38.58,0.0,72.79,1698.13,662.28,84.0,102.76,247.9,107.68,118.34,4.42
5424.16,6.42,35.47,0.0,73.33,1467.05,647.62,84.28,105.87,248.54,107.49,118.34,5.18
5425.17,6.9,34.74,0.0,72.91,1741.31,654.52,81.69,106.59,249.05,107.49,118.38,5.18
5426.18,8.72,34.66,0.0,74.62,788.22,460.54,82.02,106.68,248.81,107.42,118.46,4.8
5427.21,6.77,37.17,0.0,72.6,1468.57,654.09,84.09,104.17,248.58,107.38,118.42,5.18
5428.22,7.38,36.79,0.0,69.97,1632.21,656.24,76.79,104.55,248.73,107.38,118.34,5.18
5429.23,7.11,36.02,0.0,69.06,1506.45,642.02,67.09,105.32,251.26,107.3,118.34,5.18
5430.25,7.4,36.06,0.0,73.1,1447.35,651.72,86.4,105.27,249.85,106.16,118.23,5.18
5431.26,7.28,34.23,0.0,74.62,1513.27,665.51,75.1,107.11,249.07,107.27,118.15,5.18
5432.27,7.54,34.83,0.0,73.59,1481.45,649.78,86.87,106.51,250.27,107.15,118.19,5.18
5433.28,8.43,36.32,0.0,70.89,1665.55,653.87,83.95,105.02,250.76,107.15,118.23,5.18
5434.29,7.02,34.83,0.0,70.54,1508.72,660.77,76.13,106.51,250.89,107.04,118.19,5.18
5435.3,7.2,36.19,0.0,72.45,1746.61,640.73,79.29,105.15,250.86,107.11,118.15,5.18
5436.31,6.46,34.28,0.0,76.53,1501.9,660.34,83.9,107.06,251.65,107.04,118.15,5.18
5437.32,7.58,36.02,0.0,74.05,1663.27,653.01,82.68,105.32,251.9,107.0,118.15,5.18
5438.33,7.31,34.66,0.0,75.65,1485.99,643.1,79.29,106.68,251.77,107.19,118.19,5.56
5439.36,7.61,31.21,33.65,80.76,1554.18,666.16,76.18,110.13,251.24,107.27,118.34,5.18
5440.37,9.11,34.15,33.05,69.13,1505.69,655.38,82.26,107.19,250.58,107.42,118.23,5.18
5441.38,6.46,37.04,33.96,72.87,1751.92,662.71,81.69,104.3,250.54,107.27,118.23,5.18
5442.4,7.0,35.51,35.49,70.24,1729.19,657.32,82.77,105.83,250.17,107.34,118.23,5.56
5443.41,7.24,34.62,34.66,72.72,1489.02,654.52,87.48,106.72,249.79,107.19,118.15,5.56
5444.44,7.72,34.4,34.08,75.54,1517.81,657.75,81.41,106.94,249.62,107.11,118.19,5.56
5445.45,6.44,35.72,34.59,69.7,1781.46,656.68,74.3,105.62,248.93,107.19,118.23,5.18
5446.45,6.79,37.47,0.0,72.49,1759.49,665.3,73.03,103.87,246.98,105.66,117.7,5.94
5447.46,7.62,35.72,0.0,69.48,1686.76,661.42,78.4,105.62,246.61,106.2,117.89,5.56
5448.47,5.97,34.45,37.53,55.48,1523.87,659.26,83.25,106.89,246.36,106.58,117.85,5.94
5449.48,7.09,37.47,38.74,51.44,1779.95,656.68,88.14,103.87,246.05,106.62,117.89,5.56
5450.49,6.6,36.15,37.07,43.59,1811.77,664.0,77.26,105.19,248.38,106.73,117.92,5.56
5451.5,7.89,35.47,34.38,48.39,1584.48,650.86,80.99,105.87,246.8,105.55,117.92,5.94
5452.51,8.24,35.3,37.28,38.33,1504.17,651.07,77.78,106.04,246.14,105.59,117.77,5.94
5453.52,7.94,37.0,34.94,47.78,1669.34,653.44,77.22,104.34,246.42,105.63,117.7,5.94
5454.54,8.29,35.64,35.71,43.06,1562.51,645.9,86.07,105.7,245.97,105.59,117.66,5.94
5455.55,7.92,36.06,34.74,58.15,1743.58,651.72,72.74,105.27,245.99,105.66,117.66,5.56
5456.56,8.45,35.08,35.13,33.14,1502.66,647.19,83.72,106.25,246.12,105.59,117.62,5.56
5457.57,8.36,36.06,33.25,28.64,1548.12,644.61,71.05,105.27,245.98,105.55,117.54,5.94
5458.58,8.1,36.53,34.0,24.6,1676.91,633.4,65.54,104.81,245.68,105.55,117.58,5.94
5459.59,7.04,35.89,33.28,43.7,1757.98,644.82,80.37,105.44,245.59,105.47,117.54,5.56
5460.6,6.98,34.06,36.9,37.72,1531.45,653.23,71.19,107.28,245.45,105.4,117.51,5.94
5461.61,6.42,34.87,35.47,35.43,1476.9,637.71,77.12,106.47,245.63,105.36,117.47,5.94
5462.62,7.44,35.51,35.61,47.17,1527.66,632.75,75.95,105.83,245.2,105.32,117.47,5.94
5463.63,6.92,35.77,37.05,38.4,1685.25,650.21,76.18,105.57,244.98,105.21,117.43,6.33
5464.64,7.65,34.4,36.44,43.36,1496.6,644.39,81.88,106.94,245.54,105.09,117.39,6.71
5465.65,7.44,33.93,35.34,24.64,1493.57,639.86,79.76,107.4,245.84,105.02,117.31,6.33
5466.66,7.42,37.04,35.91,23.38,1744.34,652.36,78.96,104.3,246.36,104.98,117.24,6.33
5467.67,7.52,36.62,36.77,16.75,1754.95,653.01,68.03,104.72,246.92,104.9,117.24,6.33
5468.68,6.5,35.55,36.85,14.88,1632.97,649.78,72.89,105.79,247.05,104.9,117.12,6.33
5469.69,7.91,35.94,38.1,13.47,1594.33,641.37,75.99,105.4,246.66,106.12,117.16,6.33
5470.71,6.36,34.87,36.62,14.69,1481.45,642.02,83.29,106.47,246.76,105.82,117.2,5.94
5471.72,7.67,34.15,35.81,15.45,1531.45,651.93,73.07,107.19,246.74,105.93,117.24,5.94
5472.73,8.54,34.66,37.18,16.41,1498.87,636.85,88.05,106.68,246.47,105.89,117.2,6.33
5473.74,7.3,34.49,38.23,11.72,1501.9,643.74,85.93,106.85,246.75,105.93,117.2,6.33
5474.75,8.04,35.72,37.22,12.67,1573.88,649.78,75.57,105.62,246.96,106.05,117.2,5.94
5475.76,7.3,35.85,35.89,10.65,1547.36,652.15,72.7,105.49,246.82,105.85,117.24,5.94
5476.77,8.03,34.7,36.83,10.0,1514.78,643.96,81.46,106.64,247.14,106.01,117.28,5.94
5477.84,22.98,26.19,94.21,152.7,1223.85,618.97,74.11,104.93,224.48,103.26,115.75,8.03
5478.85,7.44,26.84,77.62,160.25,1227.64,620.26,73.31,113.28,224.55,103.95,116.13,8.03
5479.86,15.34,29.03,80.62,150.64,1269.31,630.81,76.46,110.09,224.55,104.1,116.25,8.03
5480.87,9.98,28.48,78.4,157.43,1266.28,629.09,76.61,110.64,225.31,104.41,116.44,7.65
5481.88,9.59,26.31,81.96,147.37,1264.01,627.58,70.62,112.81,225.29,104.67,116.7,7.65
5482.89,7.32,24.52,64.84,178.93,1266.28,626.29,74.63,114.6,225.08,104.83,116.67,7.27
5483.9,6.88,25.07,78.64,180.69,1259.46,626.94,74.63,114.05,225.27,105.05,116.63,6.89
5484.92,7.51,24.35,79.24,179.09,1261.74,627.37,69.12,114.77,225.48,105.17,116.67,6.89
5485.95,6.82,25.67,83.1,169.29,1265.52,626.29,74.02,113.45,225.62,105.32,116.7,6.89
5486.96,14.27,22.23,72.86,165.36,1205.67,621.34,71.61,112.43,223.69,103.41,116.59,6.89
5487.97,14.85,24.57,77.01,169.48,1239.01,629.31,73.83,110.09,223.37,104.48,116.63,6.89
5488.98,17.82,25.55,81.42,167.19,1251.13,628.88,69.82,109.11,223.32,104.98,116.67,6.89
5489.99,11.1,23.89,77.62,174.97,1244.31,623.71,72.41,110.77,223.13,105.47,116.82,6.89
5491.0,12.72,24.06,76.82,175.88,1260.98,623.92,76.13,110.6,222.99,105.66,116.9,6.89
5492.01,9.47,24.65,76.97,168.03,1253.4,622.42,76.79,110.0,222.99,105.89,117.05,6.51
5493.02,9.53,24.31,79.3,179.89,1254.16,621.55,69.59,110.34,222.74,106.12,117.24,6.51
5494.03,8.46,25.08,77.97,189.91,1244.31,621.34,69.59,109.57,222.47,106.46,117.24,6.51
5495.04,9.7,24.1,79.21,168.56,1252.64,623.49,69.35,110.55,221.79,106.66,117.24,6.51
5496.05,9.4,26.4,77.66,172.99,1245.07,622.2,68.6,108.25,223.79,106.69,117.24,6.51
5497.06,8.26,23.76,77.19,170.74,1129.15,686.16,80.14,110.89,225.54,106.24,117.51,6.13
5498.07,8.29,24.06,78.03,175.69,1205.67,627.58,76.84,110.6,223.9,106.62,117.89,5.74
5499.14,10.44,24.65,77.09,183.39,1215.52,621.34,70.15,110.0,224.13,106.73,117.7,6.13
5500.15,9.98,23.63,78.04,192.39,1226.89,618.75,75.05,111.02,225.61,106.85,117.66,5.36
5501.16,9.78,24.31,78.93,184.65,1226.89,618.97,74.58,110.34,226.07,106.77,117.58,5.74
5502.17,10.21,24.74,78.37,179.43,1225.37,617.89,78.91,109.92,225.55,106.73,117.89,5.36
5503.18,12.81,24.4,76.79,185.3,1226.13,635.98,77.55,110.26,222.4,106.27,117.43,4.6
5504.19,11.26,24.57,75.09,189.0,1220.82,636.63,74.96,110.09,223.45,106.5,117.47,4.6
5505.21,10.08,24.44,77.06,184.0,1238.25,632.75,70.2,110.21,230.29,106.05,117.51,4.98
5506.22,11.02,25.04,77.55,174.05,1231.43,630.38,71.76,109.62,233.15,106.16,117.43,4.6
5507.23,9.59,24.14,75.84,193.15,1220.82,640.29,71.8,110.51,234.91,106.43,117.51,4.6
5508.23,10.15,23.55,78.68,185.07,1217.79,640.51,69.87,111.11,236.48,106.88,117.54,4.22
5509.25,10.47,24.99,79.3,181.94,1217.79,641.37,70.48,109.66,236.97,107.07,117.66,3.84
5510.26,10.04,25.72,77.73,177.14,1229.92,637.06,68.41,108.94,239.45,107.19,117.66,3.46
5511.26,12.5,24.35,78.13,173.75,1220.82,631.25,73.17,110.3,241.5,107.15,117.7,3.84
5512.28,9.83,23.59,77.75,178.44,1229.92,629.74,75.1,111.07,245.21,106.88,117.85,3.46
5513.29,11.93,25.08,78.02,184.88,1229.92,627.8,79.57,109.57,247.78,106.81,117.85,3.08
5514.3,12.66,23.8,78.64,190.79,1220.82,623.92,72.18,110.85,250.62,106.73,117.81,3.08
5515.31,10.0,24.52,78.55,179.58,1220.82,627.8,78.02,110.13,252.82,106.73,117.81,3.08
5516.32,11.41,24.44,83.48,167.42,1232.95,629.74,73.07,110.21,254.21,106.92,117.73,2.69
5517.33,10.21,24.52,83.83,164.75,1226.13,628.45,74.39,110.13,254.24,107.07,117.62,2.31
5518.34,10.13,24.44,80.81,166.85,1224.61,628.66,76.75,110.21,254.12,107.3,117.62,2.31
5519.36,10.22,24.74,83.67,164.45,1222.34,626.72,71.66,109.92,253.78,107.49,117.62,1.93
5520.37,12.14,24.06,75.66,167.5,1264.01,634.48,72.04,110.6,251.99,107.11,117.85,1.55
5521.38,9.55,23.72,73.28,170.47,1276.89,636.84,79.2,110.94,252.16,107.49,118.0,1.55
5522.39,9.59,25.84,77.66,161.7,1264.77,634.26,76.75,108.81,252.22,107.68,118.12,1.17
5523.4,10.0,24.48,82.63,154.08,1238.25,641.15,78.96,110.17,250.49,108.07,118.19,1.17
5524.41,11.45,24.1,79.02,165.13,1227.64,647.83,77.12,110.55,250.05,108.26,118.27,1.55
5525.42,9.2,24.61,75.48,165.86,1222.34,646.97,75.48,110.04,249.21,108.49,118.46,0.79
5526.43,10.38,25.38,77.44,165.82,1235.98,647.4,76.42,109.28,249.29,108.75,118.57,1.55
5526.43,10.38,25.38,77.44,165.82,1235.98,647.4,76.42,109.28,249.29,108.75,118.57,1.55
5527.44,10.66,23.84,75.92,171.8,1242.8,641.58,69.73,110.81,249.69,108.98,118.65,1.55
5528.45,11.82,23.59,77.08,160.33,1224.61,643.09,74.63,111.07,247.74,109.29,118.8,1.55
5529.46,9.24,25.46,76.17,160.1,1211.73,652.35,78.25,109.19,246.6,109.36,119.03,1.17
5530.47,8.4,23.67,80.76,164.83,1216.28,642.23,73.54,110.98,246.37,109.32,119.11,1.17
5531.5,8.81,25.84,78.26,163.95,1132.18,681.43,73.73,108.81,245.77,109.82,119.34,0.79
5532.52,8.53,24.78,80.62,165.78,1162.49,670.87,76.09,109.87,246.33,110.01,119.53,0.79
5533.53,8.0,24.01,77.27,170.39,1166.28,655.8,70.77,110.64,246.02,110.2,119.72,0.79
5534.56,9.32,23.46,77.81,156.82,1210.98,651.71,71.05,111.19,245.7,109.97,119.72,0.79
5535.57,13.28,24.95,75.59,181.68,1207.19,644.38,75.57,109.7,245.55,109.93,119.68,0.41
5536.58,9.17,25.72,76.94,177.6,1263.25,653.43,76.56,108.94,245.06,110.01,119.91,1.17
5537.59,10.5,25.55,77.13,181.22,1248.86,648.91,72.65,109.11,244.93,109.86,119.95,1.17
5538.6,9.42,25.29,79.09,166.54,1244.31,649.55,81.36,109.36,244.43,109.9,119.83,0.79
5539.61,11.59,25.55,78.07,176.49,1227.64,645.46,80.18,109.11,244.52,109.9,119.75,0.79
5540.68,24.24,36.06,79.78,162.81,1227.64,644.81,78.11,98.59,244.98,109.9,119.72,0.79
5541.71,17.11,30.1,83.03,163.91,1236.73,645.46,77.5,104.55,244.49,109.86,119.75,0.79
5542.73,5.66,30.23,78.87,168.22,1242.8,642.23,75.29,104.42,244.59,110.01,119.75,0.79
5543.82,6.79,38.32,80.22,162.77,1233.7,641.15,74.82,96.33,244.51,110.01,119.75,0.79
5544.83,6.47,24.23,78.19,163.0,1230.67,639.21,78.4,110.43,244.49,109.74,119.75,0.79
5545.85,10.08,24.57,77.44,173.71,1242.8,641.37,77.17,110.09,244.23,109.82,119.83,0.41
5546.86,7.57,25.25,60.75,142.98,1253.4,643.52,76.32,109.4,243.66,109.93,119.91,0.41
5547.87,7.45,25.46,71.01,170.47,1242.04,641.37,77.22,109.19,243.2,109.97,120.02,0.41
5548.88,10.24,24.23,81.09,178.06,1248.86,640.51,75.62,110.43,243.12,110.16,119.98,0.41
5549.88,7.08,25.8,60.61,136.92,1239.01,638.35,77.88,108.85,242.92,110.28,120.14,0.03
5550.9,7.56,24.27,81.05,161.28,1240.52,637.06,76.23,110.38,242.23,110.28,120.1,0.03
5551.98,8.63,25.0,68.83,154.61,1232.95,635.12,78.72,137.8,241.05,110.09,120.14,0.41
5553.04,9.98,23.7,70.69,157.93,1222.34,631.68,82.02,130.95,241.28,110.09,120.14,0.41
5554.07,11.3,24.23,78.58,149.96,1240.52,632.54,74.44,110.43,238.72,108.75,119.49,0.03
5555.08,9.42,23.67,77.46,161.2,1214.76,642.23,76.7,110.98,237.11,108.71,119.41,0.41
5556.09,9.55,28.19,87.67,163.45,1131.43,677.55,76.46,106.47,236.34,109.1,119.72,0.41
5557.1,12.55,29.17,93.02,166.92,1157.18,663.98,74.11,105.49,236.73,109.21,119.79,0.41
5558.11,10.43,27.8,90.84,171.08,1198.1,656.87,77.97,106.85,236.93,109.17,119.75,0.79
5559.13,11.6,28.02,89.94,174.24,1200.37,647.83,75.38,106.64,236.87,109.1,119.68,0.79
5560.14,11.61,30.06,93.23,169.59,1213.25,643.74,69.31,104.59,236.77,108.98,119.53,0.79
5561.15,11.0,30.44,90.73,163.8,1228.4,642.66,77.55,104.21,236.72,108.9,119.45,0.79
5562.16,10.04,29.38,89.75,171.73,1223.1,637.71,78.3,105.27,235.62,108.71,119.41,1.17
5563.18,11.26,28.53,89.64,166.73,1226.89,638.14,77.26,106.13,235.05,108.56,119.22,1.17
5564.19,12.4,29.63,89.42,165.89,1215.52,637.28,79.48,105.02,234.91,108.49,119.11,1.17
5565.21,11.26,29.17,88.28,176.91,1225.37,636.2,73.64,105.49,234.5,108.41,119.03,1.17
5566.21,10.85,29.17,90.05,172.91,1253.4,642.66,75.95,105.49,234.16,108.37,118.99,1.55
5567.22,11.69,28.44,89.96,170.7,1242.04,639.86,79.85,106.21,234.51,108.45,118.99,1.55
5568.24,16.07,29.97,89.56,180.34,1251.89,639.43,75.62,104.68,234.84,108.37,118.99,1.55
5569.25,11.86,30.23,88.7,179.12,1242.8,635.98,72.08,104.42,234.77,108.37,118.99,1.55
5570.26,11.68,27.76,89.93,181.14,1251.13,639.0,69.97,106.89,235.07,108.29,118.99,1.55
5571.27,15.76,28.48,85.78,161.13,1295.07,650.2,74.91,106.17,233.73,108.22,119.56,2.69
5572.28,11.88,29.04,89.56,162.65,1292.04,646.32,79.34,105.62,234.49,108.29,119.41,2.69
5573.29,10.86,29.89,90.21,158.27,1283.71,646.11,75.19,104.76,234.56,108.29,119.37,2.69
5574.31,11.51,29.17,90.94,161.59,1294.31,647.18,76.56,105.49,234.43,108.41,119.34,2.69
5575.32,11.09,29.08,90.66,163.49,1286.74,646.54,76.46,105.57,234.71,108.49,119.22,2.69
5576.33,11.32,29.17,91.03,154.88,1292.04,646.11,73.87,105.49,234.85,108.6,119.07,2.69
5577.34,11.33,29.89,91.72,160.71,1294.31,644.81,71.57,104.76,234.7,108.6,118.95,3.08
5578.35,11.89,29.76,93.1,151.56,1289.77,646.11,73.17,104.89,234.17,108.6,118.99,2.69
5579.36,9.92,29.55,91.17,161.51,1295.83,645.67,76.28,105.1,235.1,108.56,119.03,3.08
5580.37,11.39,28.87,87.61,158.46,1290.53,645.46,77.88,105.79,235.3,108.6,119.11,3.46
5581.38,10.22,28.91,87.57,161.93,1301.13,645.89,78.16,105.74,235.17,108.71,119.14,3.46
5582.39,9.98,29.55,88.23,156.59,1293.56,645.89,80.18,105.1,235.17,108.79,119.26,3.46
5583.41,7.09,30.02,56.02,114.27,1313.25,651.92,77.5,104.64,235.33,108.9,119.75,3.84
5584.42,11.16,29.51,91.07,162.2,1306.44,636.85,73.87,105.15,235.97,104.14,117.28,5.74
5585.43,11.0,30.17,89.17,148.47,1302.65,639.43,75.24,104.55,236.19,104.6,117.62,5.74
5586.44,11.61,28.64,88.25,145.19,1301.89,639.86,73.92,106.08,236.73,105.47,118.04,6.13
5587.45,10.22,28.56,88.1,141.53,1305.68,639.64,78.25,106.17,237.83,106.24,118.27,6.13
5588.48,10.02,28.64,87.01,150.45,1304.16,638.78,78.4,106.08,239.02,106.58,118.38,6.13
5589.51,13.64,29.11,86.48,141.8,1289.01,637.28,76.98,105.62,239.03,106.88,118.5,6.13
5590.52,14.78,29.87,86.01,138.94,1292.04,637.28,71.66,104.85,239.47,107.07,118.57,6.51
5591.53,14.29,29.11,82.77,152.13,1289.01,636.63,75.33,105.62,239.3,107.27,118.65,6.51
5592.55,13.64,29.66,81.02,155.07,1295.07,635.98,77.69,105.06,238.22,107.38,118.73,6.51
5593.56,13.16,29.36,87.45,163.91,1310.22,636.41,78.63,105.36,238.07,106.77,118.92,6.51
5594.57,12.58,29.96,93.64,159.57,1305.68,634.91,78.4,104.76,237.68,106.92,118.8,6.51
5595.58,10.05,28.51,91.64,151.03,1306.44,634.48,70.48,106.21,235.62,107.04,118.8,6.51
5596.6,12.03,28.94,91.2,148.78,1343.56,642.45,77.69,105.79,237.58,108.41,119.72,6.51
5597.74,16.15,28.34,89.35,152.86,1339.77,642.02,74.91,106.38,238.07,108.52,119.72,6.51
5598.75,10.87,29.79,85.35,156.48,1343.56,642.45,72.84,104.93,238.92,108.49,119.64,6.89
5599.76,11.05,29.32,89.3,144.58,1343.56,642.23,74.53,105.4,239.45,108.56,119.45,6.89
5600.77,9.68,30.09,87.23,156.78,1345.83,640.94,73.83,104.64,239.96,108.41,119.18,6.89
5601.78,9.16,29.87,86.85,149.81,1345.83,639.43,76.32,104.85,239.89,108.29,119.07,6.89
5602.79,10.31,28.81,85.27,156.36,1345.07,640.08,76.98,105.91,240.15,108.1,119.07,6.89
5603.81,11.17,29.75,86.65,147.37,1342.8,640.08,76.13,104.98,240.17,108.07,119.11,7.27
5604.82,9.5,28.85,86.04,149.92,1342.04,640.08,77.45,105.87,239.78,107.91,119.11,7.27
5605.83,9.44,30.05,87.16,155.52,1345.07,641.16,75.57,104.68,239.87,107.84,119.11,7.27
5606.84,10.89,30.05,87.38,153.92,1343.56,641.16,76.09,104.68,239.59,107.76,119.11,7.27
5607.85,9.58,28.51,88.9,142.37,1336.74,645.25,76.37,106.21,240.62,107.68,119.11,7.27
5608.86,12.47,29.87,90.5,140.24,1329.92,646.55,75.52,104.85,241.91,107.72,119.14,7.27
5609.87,10.58,29.53,90.44,150.8,1328.41,649.13,75.48,105.19,241.52,107.88,119.11,7.27
5610.88,13.09,28.77,90.88,146.37,1323.1,653.01,70.77,105.96,241.48,108.03,119.18,7.65
5611.89,12.88,29.45,91.01,146.79,1316.28,653.44,74.77,105.27,240.19,108.18,119.22,7.27
5612.9,10.43,28.98,90.3,143.63,1323.1,652.15,79.57,105.74,239.52,108.33,119.3,7.27
5612.9,10.43,28.98,90.3,143.63,1323.1,652.15,79.57,105.74,239.52,108.33,119.3,7.27
5613.91,10.61,28.43,86.94,143.02,1351.89,646.76,69.26,106.3,237.83,106.43,119.41,7.27
5614.92,11.74,28.94,88.7,143.25,1349.62,647.41,69.68,105.79,237.99,107.0,119.45,7.27
5615.93,9.17,28.68,85.01,154.15,1348.1,648.05,76.89,106.04,237.93,107.49,119.34,7.27
5616.94,13.69,25.7,80.24,138.22,1349.62,649.56,75.57,109.02,237.92,107.84,119.37,7.27
5617.96,10.9,29.07,88.04,147.44,1348.86,649.78,75.62,105.66,237.95,108.03,119.26,7.27
5618.97,10.2,29.62,88.17,149.69,1348.1,649.56,71.9,105.1,238.69,108.18,119.26,7.27
5619.98,9.42,29.24,87.94,152.32,1346.59,652.58,74.86,105.49,239.31,108.29,119.3,7.27
5620.99,9.45,30.13,88.3,153.24,1346.59,652.36,80.51,104.59,238.91,108.41,119.41,7.27
5622.0,10.25,29.53,88.01,149.88,1346.59,653.44,76.94,105.19,238.24,108.41,119.45,7.65
5623.01,10.3,29.87,87.14,153.5,1347.35,653.44,71.94,104.85,237.62,108.64,119.53,7.65
5624.08,11.7,29.36,86.44,149.0,1349.62,650.86,79.71,105.36,237.4,108.71,119.6,7.65
5625.09,10.19,28.85,85.72,148.43,1348.1,649.78,75.52,105.87,237.62,108.68,119.68,7.65
5626.1,11.18,29.49,86.36,156.02,1346.59,648.7,78.16,105.23,237.62,108.75,119.72,7.65
5627.17,19.63,29.28,84.8,155.79,1354.17,650.21,77.26,105.44,237.64,108.83,119.75,7.65
5628.18,15.84,30.13,86.63,146.87,1356.44,650.86,76.23,104.59,237.5,108.75,119.87,7.65
5629.19,13.32,29.32,86.41,154.0,1354.17,649.78,80.47,105.4,237.61,108.79,119.91,7.65
5630.2,14.73,29.19,85.32,159.15,1354.17,649.56,77.08,105.53,237.27,108.9,119.95,7.65
5631.22,15.08,29.53,87.68,144.12,1353.41,649.56,75.76,105.19,237.6,108.98,119.98,7.65
5632.23,13.1,29.45,87.82,147.21,1353.41,648.7,70.58,105.27,237.63,109.02,120.02,7.65
5633.26,13.32,29.15,85.9,148.32,1355.68,649.56,70.86,105.57,237.63,109.02,120.02,7.27
5634.27,16.8,29.83,85.92,146.26,1354.92,648.92,75.8,104.89,237.73,109.06,120.06,7.65
5635.29,12.9,30.64,87.83,149.12,1353.41,648.7,78.96,104.08,237.66,108.98,120.06,7.27
5636.3,9.86,29.24,86.41,154.19,1360.23,649.99,71.8,105.49,237.75,109.1,120.1,7.65
5637.33,11.84,30.85,85.85,152.32,1355.68,648.27,75.52,103.87,237.64,109.06,120.17,7.27
5638.34,10.8,29.11,85.43,153.47,1357.95,649.13,77.26,105.62,237.64,109.17,120.21,7.27
5639.35,11.89,29.58,83.55,152.36,1355.68,648.27,76.79,105.15,237.65,109.17,120.29,7.27
5640.36,11.94,29.02,83.23,146.49,1361.74,649.99,71.85,105.7,238.61,109.32,120.33,7.27
5641.37,13.09,29.66,84.65,152.55,1359.47,649.78,69.64,105.06,239.39,109.1,120.36,7.65
5642.38,11.76,29.53,84.8,153.5,1356.44,648.27,75.19,105.19,238.55,109.25,120.33,7.27
5643.38,12.28,30.51,85.32,160.75,1358.71,647.62,78.77,104.21,238.23,109.29,120.36,7.65
5644.39,10.77,29.87,84.06,152.97,1358.71,647.19,77.08,104.85,237.76,109.32,120.4,7.27
5645.41,12.15,29.15,85.3,143.36,1354.92,646.76,77.45,105.57,238.03,109.4,120.44,7.27
5646.41,9.36,30.7,89.65,156.44,1357.2,644.61,81.83,110.72,236.51,108.1,120.14,7.27
5647.44,8.79,30.63,90.11,160.02,1354.17,643.1,81.03,108.3,236.41,108.49,120.14,7.27
5648.46,9.22,29.73,89.56,156.17,1351.89,643.31,73.54,109.19,236.44,108.71,120.14,7.27
5649.46,11.23,28.54,89.85,151.6,1351.14,643.74,72.08,110.38,236.99,109.36,120.97,7.27
5650.47,9.07,30.8,90.29,154.57,1344.32,641.59,72.32,108.13,237.26,109.36,120.86,7.27
5651.48,7.13,29.65,88.92,153.2,1355.68,644.17,76.32,109.28,237.78,109.48,120.82,7.27
5652.49,8.02,29.18,75.45,123.35,1352.65,644.17,75.33,109.75,238.87,109.44,120.59,7.65
5653.5,7.14,29.43,75.57,131.54,1354.92,643.96,73.5,109.49,238.8,109.51,120.4,7.65
5654.51,7.28,29.18,79.27,131.58,1351.14,643.96,75.95,109.75,238.86,109.36,120.36,7.27
5655.51,7.42,29.14,78.24,133.41,1349.62,643.1,76.56,109.79,238.87,109.29,120.4,7.65
5656.54,7.77,30.24,79.59,128.53,1357.2,645.25,73.4,108.68,239.0,109.25,120.44,7.65
5657.56,9.07,29.05,81.28,133.53,1354.17,644.17,77.97,109.87,240.33,109.13,120.4,7.65
5658.57,7.64,29.05,82.87,138.48,1355.68,643.1,76.32,109.87,239.95,109.13,120.36,7.65
5659.62,7.65,29.73,82.07,139.78,1351.89,641.37,72.08,109.19,239.24,109.21,120.36,8.03
5660.63,7.54,28.84,82.3,143.06,1354.17,642.67,77.64,110.09,239.22,109.25,120.4,7.65
5661.64,7.89,29.22,90.31,135.47,1357.95,643.1,74.63,109.7,239.23,109.36,120.44,7.65
5662.65,6.97,28.58,90.05,137.95,1351.89,641.59,74.35,110.34,239.36,109.4,120.44,7.65
5663.66,7.87,28.84,91.05,143.51,1352.65,642.67,73.5,110.09,239.28,109.51,120.52,7.65
5664.67,7.58,29.18,91.66,141.88,1350.38,641.59,72.18,109.75,239.32,109.51,120.52,7.27
5665.68,7.64,29.18,91.15,143.78,1356.44,642.67,70.11,109.75,239.36,109.67,120.52,6.89
5666.69,8.06,31.48,91.21,141.88,1351.14,641.59,69.07,107.45,239.33,109.71,120.44,6.89
5667.7,6.86,28.58,91.28,139.7,1351.14,641.16,75.52,110.34,239.34,110.28,120.48,6.13
5668.71,7.37,29.65,92.21,146.56,1348.1,638.79,76.13,109.28,239.26,110.16,120.59,6.13
5669.72,7.26,29.09,91.18,144.24,1351.89,639.43,72.08,109.83,238.58,110.2,120.67,6.13
5670.73,8.37,30.54,92.0,150.42,1348.1,638.79,78.21,108.38,239.71,110.32,120.71,5.74
5671.74,7.81,29.01,91.98,139.21,1358.71,640.51,77.12,109.92,240.73,110.35,120.71,5.74
5672.75,7.99,29.73,92.21,142.75,1354.92,639.0,74.67,109.19,241.75,110.47,120.78,5.36
5673.76,6.71,28.97,92.13,141.8,1349.62,635.34,76.28,109.96,240.64,110.54,120.78,5.74
5674.77,7.3,29.52,92.18,143.21,1261.74,668.31,78.54,109.4,234.38,111.23,120.97,5.74
5675.78,6.59,28.75,91.84,138.02,1254.92,684.48,82.49,110.17,234.41,111.54,121.43,5.36
5676.79,6.46,29.05,92.7,140.39,1282.95,670.47,79.57,109.87,236.22,111.57,121.7,5.36
5677.79,5.95,28.67,86.51,147.14,1285.98,637.92,79.48,110.26,234.99,109.13,120.36,4.98
5678.81,5.59,30.5,90.13,145.15,1308.71,644.39,80.28,108.43,235.32,109.32,120.36,5.74
5679.82,6.49,28.92,90.54,150.53,1310.22,643.53,76.75,110.0,236.98,109.48,120.33,5.36
5680.83,5.96,30.07,90.31,140.5,1312.5,643.31,78.54,108.85,238.7,109.74,120.25,4.98
5681.84,6.3,29.14,91.89,138.48,1310.22,641.8,76.89,109.79,238.97,109.93,120.33,4.6
5682.85,6.88,29.73,88.42,145.57,1310.98,641.37,77.5,109.19,238.71,110.05,120.4,3.46
5683.86,5.97,29.56,89.2,149.31,1309.47,640.94,76.23,109.36,238.62,110.24,120.48,3.46
5684.87,5.88,29.69,88.36,150.19,1309.47,640.08,79.71,109.23,239.01,110.32,120.56,2.69
5685.88,6.09,28.58,89.32,155.94,1309.47,640.29,75.48,110.34,239.3,110.66,120.63,2.31
5686.89,6.01,30.33,88.36,152.09,1320.83,642.45,70.91,108.6,238.92,110.73,120.75,1.93
5687.9,14.8,28.97,89.99,149.92,1307.19,639.0,70.15,109.96,238.85,110.85,120.75,1.93
5689.05,10.67,29.94,89.2,151.18,1313.25,640.51,76.42,108.98,238.95,111.0,120.9,1.55
5690.06,13.0,29.86,88.53,145.65,1319.32,642.02,78.54,109.06,238.98,111.08,120.94,1.93
5691.08,10.5,29.65,89.27,140.66,1309.47,641.16,75.05,109.28,239.57,111.04,120.97,1.55
5692.09,6.07,30.2,88.35,141.15,1316.28,641.16,74.72,108.72,239.95,111.08,120.97,1.55
5693.1,6.04,29.73,87.74,143.48,1282.19,658.4,80.04,109.19,239.2,111.34,121.39,1.55
5694.11,6.44,29.73,87.97,138.48,1308.71,646.33,80.14,109.19,239.59,111.54,121.43,1.55
5695.12,7.21,30.03,84.07,144.39,1311.74,640.51,78.02,108.89,240.18,111.42,121.43,1.55
5696.13,7.88,29.26,88.39,150.19,1326.13,641.8,80.33,109.66,239.28,111.42,121.78,1.55
5697.14,10.27,30.16,88.0,153.35,1313.25,642.67,77.22,108.77,241.85,111.38,121.55,1.55
5698.15,7.92,30.16,89.24,151.33,1304.92,644.61,76.42,108.77,241.48,111.65,121.55,1.55
5699.17,14.68,29.31,88.85,159.41,1304.16,643.31,70.53,109.62,241.58,111.76,121.51,1.55
5700.2,7.2,29.09,88.36,147.82,1307.95,640.73,69.78,109.83,241.64,111.92,121.62,1.55
5701.21,6.76,29.01,90.29,151.79,1313.25,639.43,76.28,109.92,241.65,111.95,121.62,1.17
5702.22,7.15,29.65,89.97,142.49,1304.16,635.55,74.53,109.28,241.58,111.99,121.66,0.79
5703.23,7.05,30.07,88.77,151.83,1314.77,639.22,79.34,108.85,241.51,111.95,121.78,0.79
5704.24,7.13,29.52,87.42,144.51,1316.28,640.08,77.83,109.4,241.36,112.11,121.85,0.41
5705.25,6.88,30.41,87.3,145.84,1314.77,639.43,77.12,108.51,241.45,112.18,121.93,0.79
5706.26,6.47,29.31,88.67,158.84,1308.71,637.71,76.84,109.62,241.24,112.18,122.0,0.41
5707.27,7.03,29.77,89.62,159.45,1315.53,638.14,73.83,109.15,241.3,112.3,122.0,0.41
5708.29,9.36,22.1,40.55,125.02,1410.59,578.05,78.25,120.13,229.34,85.0,112.36,7.27
5709.3,7.97,23.33,40.14,121.55,1422.71,587.31,78.54,118.9,230.59,91.48,114.99,6.89
5710.33,11.65,19.76,47.05,130.48,1443.17,586.45,72.51,120.94,233.52,103.83,123.61,6.51
5711.34,9.35,22.27,40.62,138.02,1435.59,587.74,75.66,118.43,234.11,106.01,123.91,6.89
5712.35,10.1,23.42,41.86,143.78,1434.83,583.65,74.16,117.28,234.05,107.61,124.22,6.51
5713.36,8.93,23.97,46.74,138.9,1414.38,581.93,73.78,116.73,234.44,108.87,124.29,6.51
5714.37,9.02,24.27,40.4,138.6,1421.2,584.3,72.89,116.43,235.26,109.82,124.41,6.51
5715.38,7.8,24.99,43.06,130.9,1414.38,583.22,76.65,115.71,235.66,110.66,124.29,6.13
5716.39,9.41,24.1,43.98,140.16,1403.77,579.99,75.15,116.6,235.73,111.0,124.29,6.51
5717.4,8.91,24.52,40.42,144.73,1413.62,581.93,73.73,116.17,236.15,111.31,124.44,6.51
5718.41,8.66,23.67,38.26,139.74,1412.1,584.08,73.64,117.03,236.42,111.57,124.6,6.51
5719.42,10.04,24.31,37.25,143.32,1409.07,581.28,70.77,116.39,236.46,111.73,124.71,6.51
5720.43,7.76,25.21,37.3,132.0,1399.23,583.0,75.76,115.49,236.73,112.15,124.86,6.51
5721.44,9.12,23.67,38.2,133.98,1393.16,586.45,66.72,117.03,237.12,112.34,124.94,6.13
5722.45,7.92,25.16,38.17,134.94,1366.65,595.06,75.99,115.54,237.5,112.6,125.05,6.89
5723.46,8.82,24.4,42.81,139.21,1353.01,601.31,72.84,116.3,237.54,112.91,125.24,6.89
5724.46,8.88,25.16,37.85,138.06,1362.1,597.43,73.78,115.54,237.69,113.17,125.36,6.51
5725.47,8.65,24.78,38.09,138.22,1369.68,591.62,69.26,115.92,237.98,113.25,125.4,6.51
5726.48,8.88,24.18,41.13,147.75,1365.89,587.1,72.65,116.52,238.61,113.37,125.47,6.51
5727.51,8.97,25.08,40.3,142.41,1382.56,582.57,74.25,115.62,239.6,113.44,125.63,6.13
5728.52,8.67,24.44,43.02,150.34,1382.56,579.77,68.69,116.26,239.67,113.56,125.66,5.74
5729.53,7.99,24.23,42.2,153.62,1403.01,590.97,71.61,116.47,239.56,113.75,125.93,5.36
5730.54,9.31,24.57,40.08,157.13,1396.19,588.39,65.82,116.13,238.68,113.98,125.78,4.98
5731.55,8.57,24.01,43.14,151.79,1391.65,588.39,68.32,116.69,238.88,114.05,125.78,4.6
5732.56,8.16,23.25,37.8,151.75,1392.41,587.74,75.99,117.45,239.17,114.09,125.74,3.84
5733.57,20.68,15.75,50.41,149.96,1415.14,596.79,75.85,125.41,237.31,112.07,125.09,3.08
5734.59,13.3,24.27,42.7,145.46,1411.35,587.96,75.76,116.9,237.07,112.72,125.17,2.69
5735.6,6.88,24.82,41.03,145.73,1376.5,607.55,73.83,116.34,237.21,113.52,125.55,2.31
5736.61,7.77,25.25,38.59,147.06,1383.32,596.79,74.02,115.92,236.35,114.09,125.7,1.55
5737.62,8.26,25.21,36.27,149.35,1365.89,599.37,73.97,115.96,237.31,114.43,125.93,1.17
5738.63,8.41,24.82,44.77,144.47,1370.44,597.0,75.9,116.34,237.01,114.66,126.05,1.17
5739.63,9.18,25.12,35.72,150.34,1393.92,591.62,75.66,116.05,237.37,114.78,126.05,0.79
5740.69,10.01,30.15,41.66,141.23,1383.32,600.23,69.35,111.02,236.83,115.0,126.2,0.41
5741.72,8.74,27.21,44.31,146.07,1365.13,600.88,69.68,113.96,237.19,115.08,126.24,0.41
5742.76,6.87,25.33,46.99,153.73,1366.65,610.79,74.77,115.83,235.84,115.31,126.39,0.41
5743.77,8.57,25.08,42.03,160.56,1359.83,609.49,76.61,116.09,236.39,115.46,126.43,0.03
5744.82,8.73,30.06,39.55,155.64,1331.04,608.2,76.28,111.11,236.85,115.69,126.39,0.03
5745.84,15.9,34.62,22.99,143.29,1364.37,598.08,71.52,106.55,236.94,115.69,126.46,-0.36
5746.85,10.35,34.62,42.59,150.26,1366.65,591.62,70.86,106.55,237.02,115.65,126.62,-0.36
5747.86,12.24,35.17,41.1,159.64,1378.77,588.39,70.67,106.0,236.94,115.58,126.46,-0.36
5748.87,11.15,34.96,55.03,161.24,1388.62,590.33,72.32,106.21,237.23,115.46,126.24,-0.74
5749.9,9.89,32.23,43.7,148.39,1383.32,590.33,70.91,108.94,236.64,115.16,126.35,-0.74
5750.91,12.54,34.66,42.06,144.73,1388.62,584.73,69.78,106.51,236.96,115.08,126.16,-0.74
5751.93,9.84,32.79,40.42,146.41,1408.32,593.99,67.85,108.38,237.13,114.97,126.24,-1.12
5752.94,10.07,29.38,39.87,152.55,1369.68,583.43,73.59,111.79,237.18,114.97,126.08,-0.74
5753.98,14.01,34.7,36.27,139.47,1390.89,587.53,73.4,106.47,237.27,114.97,126.05,-1.12
5754.98,10.85,35.25,35.98,146.41,1399.23,589.89,74.44,105.91,237.51,114.89,125.97,-0.74
5755.99,11.95,34.4,38.73,144.05,1395.44,589.68,76.09,106.76,237.31,114.85,126.01,-1.12
5757.0,12.44,33.85,34.27,152.47,1393.16,584.94,74.63,107.32,237.37,114.81,126.01,-0.74
5758.01,11.46,34.36,36.81,149.27,1387.1,581.5,68.88,106.81,237.22,114.74,126.01,-1.12
5759.02,12.45,35.13,40.97,143.55,1390.13,583.86,66.25,106.04,237.43,114.7,125.97,-1.12
5760.03,11.8,34.87,37.76,147.86,1413.62,587.1,66.86,106.3,237.48,114.66,125.93,-1.12
5761.04,11.69,34.23,38.76,143.55,1394.68,582.79,73.45,106.94,237.68,114.59,125.93,-1.5
5762.05,12.2,34.36,38.76,150.57,1403.01,584.08,74.91,106.81,237.88,114.55,125.85,-1.5
5763.06,11.23,34.83,36.14,146.56,1415.14,588.39,73.64,106.34,237.95,114.55,125.78,-1.5
5764.08,11.99,34.19,37.65,141.34,1390.13,587.1,74.96,106.98,238.78,114.43,125.74,-1.5
5765.09,13.36,35.51,34.37,142.41,1353.01,599.8,73.83,105.66,239.35,114.51,125.82,-1.5
5766.12,11.37,35.17,37.35,149.42,1385.59,592.48,76.13,109.06,241.46,111.42,124.29,-1.5
5767.13,10.44,36.53,37.97,154.04,1415.14,594.63,75.71,107.7,241.36,112.22,124.48,-1.88
5768.13,9.93,35.13,36.94,143.48,1394.68,588.6,73.07,109.11,241.48,112.79,124.67,-1.88
5769.14,9.29,35.0,35.4,142.18,1393.16,584.08,75.62,109.23,241.8,113.29,125.28,-1.88
5770.15,10.32,35.51,37.89,150.95,1393.92,586.88,76.23,108.72,241.82,113.67,125.66,-1.88
5771.16,9.67,34.83,40.28,148.62,1396.95,591.62,71.9,109.4,241.83,113.98,125.74,-1.5
5772.17,9.47,34.83,44.02,137.26,1372.71,591.4,69.68,109.4,241.95,114.36,125.63,-1.88
5773.18,10.66,34.4,39.08,153.16,1378.01,590.33,69.17,109.83,242.02,114.55,125.7,-1.88
5774.19,9.64,34.06,41.44,144.62,1381.04,591.83,66.86,110.17,242.3,114.62,125.66,-1.88
5775.2,10.88,35.08,40.19,140.24,1391.65,591.83,74.35,109.15,242.66,114.78,125.63,-1.88
5776.21,9.88,34.83,38.46,146.95,1384.83,588.17,74.25,109.4,242.84,114.62,125.59,-1.88
5777.22,10.09,34.4,41.82,142.98,1385.59,588.39,69.21,109.83,242.71,114.55,125.63,-1.88
5778.23,9.04,34.66,38.18,150.11,1390.13,587.1,69.49,109.57,242.64,114.47,125.74,-1.88
5779.24,9.79,34.62,39.14,152.05,1386.35,586.23,69.21,109.62,242.67,114.43,125.78,-1.88
5780.25,8.24,35.47,35.31,144.47,1395.44,590.33,71.66,108.77,242.63,114.36,125.66,-1.88
5781.26,10.88,34.66,37.04,134.14,1361.34,597.22,71.43,109.57,242.85,114.43,125.89,-1.88
5782.27,11.39,34.62,37.32,140.05,1374.98,603.89,70.15,109.62,242.0,114.59,126.01,-1.88
5783.28,11.18,34.79,40.95,145.31,1361.34,607.12,70.62,109.45,241.93,114.74,125.93,-1.5
5784.29,10.41,34.57,37.97,150.68,1348.46,607.34,69.45,109.66,241.45,114.74,125.97,-1.5
5785.3,9.82,35.38,36.57,143.17,1341.65,611.86,70.3,108.85,241.68,114.85,125.93,-1.88
5786.31,11.02,34.45,36.72,144.54,1362.1,610.79,70.91,109.79,241.81,114.97,126.01,-1.5
5787.31,10.66,34.23,37.68,136.0,1348.46,599.37,69.68,110.0,241.96,115.04,126.01,-1.5
5788.32,9.93,35.77,38.75,132.19,1356.04,599.37,69.17,108.47,242.16,115.04,126.16,-1.88
5789.33,8.84,34.49,40.48,139.55,1350.74,601.52,68.6,109.75,241.17,115.04,126.08,-1.5
5790.34,10.91,35.42,41.62,137.07,1353.77,602.82,67.75,108.81,241.21,115.12,126.05,-1.12
5790.34,10.91,35.42,41.62,137.07,1353.77,602.82,67.75,108.81,241.21,115.12,126.05,-1.12
5791.35,9.82,34.66,37.41,143.25,1356.8,599.37,69.35,109.57,241.5,115.08,126.35,-1.5
5792.36,9.87,34.66,36.07,147.59,1362.86,600.88,68.93,109.57,241.57,115.04,126.35,-0.36
5793.37,10.76,35.17,36.37,151.86,1369.68,602.17,68.32,109.06,241.59,115.04,126.24,-0.36
5794.4,9.67,35.51,35.63,147.98,1371.19,601.52,69.4,108.72,241.91,115.04,126.12,-0.36
5795.41,10.12,35.04,42.08,141.88,1367.41,602.6,68.32,109.19,241.83,114.89,126.01,-0.36
5796.42,9.29,34.4,38.88,137.95,1363.62,600.88,68.41,109.83,242.11,114.85,126.01,-0.36
5797.43,9.82,35.68,38.12,138.98,1374.98,600.45,68.22,108.55,242.11,114.62,125.93,0.41
5798.43,8.93,35.6,31.51,134.36,1361.34,594.63,68.69,108.64,243.18,112.91,125.44,0.79
5799.44,9.88,35.04,36.65,143.55,1361.34,594.2,68.84,109.19,243.33,113.14,125.4,0.79
5800.45,8.95,35.68,38.26,139.47,1358.31,593.77,71.1,108.55,243.36,113.33,125.44,0.79
5801.46,10.69,34.7,36.27,135.05,1360.59,593.99,70.3,109.53,243.58,113.44,125.51,0.79
5802.47,8.39,35.25,35.9,138.86,1377.25,595.28,68.36,108.98,243.32,113.52,125.51,1.17
5803.48,9.77,34.53,36.08,139.17,1372.71,594.63,67.75,109.7,243.48,113.52,125.51,1.17
5804.49,9.59,35.3,36.68,142.1,1381.8,593.56,68.36,108.94,243.63,113.44,125.51,1.17
5805.5,9.37,35.25,37.35,144.7,1384.07,595.93,66.72,108.98,243.3,113.52,125.51,1.55
5806.51,9.46,34.74,36.11,140.39,1381.04,594.85,66.95,109.49,242.62,113.44,125.51,1.93
5807.52,15.46,35.3,31.72,145.08,1395.44,585.16,67.52,108.94,242.7,113.48,125.47,1.93
5808.53,16.99,34.15,33.86,139.89,1379.53,592.48,68.03,110.09,242.59,113.37,125.47,2.31
5809.54,10.23,35.34,33.77,145.04,1382.56,594.2,68.27,108.89,242.61,113.33,125.44,2.31
5810.55,9.44,34.36,34.79,136.96,1384.07,594.2,67.38,109.87,243.05,113.21,125.44,2.69
5811.56,10.65,35.25,34.32,134.56,1387.86,596.57,70.01,108.98,242.4,113.14,125.47,3.08
5812.56,10.66,34.53,34.65,136.35,1384.83,594.85,69.49,109.7,241.93,113.02,125.4,3.08
5813.57,9.61,34.32,38.29,131.85,1391.65,596.36,69.12,109.92,241.84,112.98,125.36,3.46
5814.58,10.15,34.91,38.0,130.63,1390.13,597.43,68.69,109.32,241.81,112.98,125.28,3.46
5815.59,9.82,35.08,34.49,133.26,1378.77,592.26,68.22,109.15,240.28,112.87,125.24,4.22
5816.6,10.38,35.17,34.82,132.8,1391.65,595.06,69.54,109.06,239.96,112.83,125.21,4.22
5817.61,10.01,36.19,35.2,128.95,1396.19,595.28,68.18,108.04,239.56,112.79,125.17,4.22
5818.62,9.56,34.1,34.55,132.76,1393.92,593.77,68.69,110.13,239.21,112.79,125.21,4.6
5819.63,11.58,37.89,35.75,132.31,1387.1,591.83,67.94,106.34,238.9,112.68,125.17,4.98
5820.64,8.68,35.51,35.86,132.19,1397.71,597.43,69.07,108.72,239.93,112.72,125.13,4.98
5821.65,10.38,35.98,37.74,131.85,1396.19,594.63,68.08,108.25,238.68,112.68,125.09,4.98
5822.66,8.94,35.6,34.78,124.91,1395.44,592.26,70.95,108.64,238.05,112.56,125.05,5.36
5823.67,9.87,36.11,35.78,124.11,1402.26,593.99,71.66,108.13,238.19,112.49,124.98,5.36
5824.68,8.87,35.68,35.05,118.77,1395.44,595.93,68.46,108.55,238.26,112.37,124.9,5.74
5825.69,9.2,36.53,33.59,120.11,1399.98,595.49,67.89,107.7,237.94,112.34,124.9,5.74
5826.7,8.78,35.94,34.41,120.53,1398.47,595.71,67.28,108.3,237.87,112.26,124.86,6.13
5827.71,9.22,37.0,33.91,119.72,1392.41,592.91,69.64,107.23,237.82,112.22,124.86,6.13
5828.72,5.91,32.87,38.79,125.79,1392.41,589.21,71.05,110.3,236.79,109.02,123.64,6.51
5829.73,9.67,34.87,39.13,124.26,1397.71,588.57,71.76,108.3,236.66,109.63,123.61,6.51
5830.74,8.94,34.79,37.74,123.69,1402.26,588.13,71.8,108.38,237.9,110.16,123.61,6.51
5831.76,9.69,34.79,37.21,124.64,1401.5,590.07,70.15,108.38,238.25,110.47,123.68,6.51
5832.77,9.15,36.02,36.98,125.48,1399.23,589.0,71.52,107.15,238.25,110.7,123.8,6.89
5833.78,8.7,36.15,37.83,121.78,1394.68,589.0,71.0,107.02,238.27,110.93,123.83,6.89
5834.79,7.93,35.51,37.27,127.73,1399.98,588.78,68.46,107.66,238.29,111.0,123.8,6.89
5835.8,9.06,34.74,37.12,123.08,1398.47,586.84,70.48,108.43,238.28,111.04,123.8,6.89
5836.81,8.59,35.89,40.17,123.12,1398.47,589.43,70.53,107.28,238.05,111.12,123.76,6.89
5837.82,8.11,34.62,40.46,126.4,1394.68,587.92,70.95,108.55,238.35,111.15,123.72,6.89
5838.83,8.55,35.0,36.19,130.9,1396.95,584.69,69.97,108.17,238.32,111.12,123.64,6.51
5839.84,11.36,36.02,35.03,132.19,1398.47,586.41,70.58,107.15,238.37,111.12,123.61,6.51
5840.85,8.61,35.68,35.2,130.02,1396.95,586.41,71.14,107.49,238.88,111.12,123.61,6.89
5841.86,9.04,35.34,35.46,128.38,1392.41,582.31,70.53,107.83,238.62,111.15,123.64,6.89
5842.87,8.35,35.38,36.49,125.21,1398.47,586.19,70.72,107.79,238.99,111.27,123.64,7.27
5843.88,8.45,35.13,42.27,125.29,1399.98,587.27,70.77,108.04,238.91,111.34,123.64,8.03
5844.89,8.98,34.66,38.24,126.82,1399.23,587.7,70.44,108.51,239.25,111.27,123.68,7.65
5845.9,8.23,35.17,35.99,131.62,1393.92,584.47,72.13,108.0,239.16,111.31,123.64,8.03
5846.91,8.73,35.17,34.49,129.48,1395.44,585.98,72.08,108.0,239.35,111.27,123.64,8.03
5847.91,8.02,34.79,42.85,112.71,1390.13,586.41,71.8,108.38,239.49,111.38,123.64,8.03
5848.92,8.55,35.42,36.3,126.89,1397.71,585.12,72.13,107.74,238.52,111.27,123.64,8.03
5849.93,8.0,35.0,36.36,126.66,1392.41,582.31,71.47,108.17,237.84,111.31,123.64,8.03
5850.94,8.26,34.15,37.01,122.47,1395.44,584.04,71.61,109.02,237.68,111.34,123.64,8.41
5851.95,8.3,35.21,37.73,126.97,1396.95,584.69,70.86,107.96,237.89,111.38,123.61,8.41
5852.96,9.04,35.08,38.67,126.28,1397.71,583.82,69.59,108.08,237.68,111.34,123.61,8.03
5853.97,8.73,34.23,37.92,125.67,1393.16,584.25,69.78,108.94,237.68,111.27,123.61,8.03
5854.98,9.54,35.85,39.58,130.09,1401.5,584.47,69.59,107.32,237.71,111.27,123.57,8.03
5855.99,9.23,34.57,41.28,125.18,1399.23,585.98,70.25,108.6,237.69,111.19,123.57,8.03
5857.0,8.11,35.77,37.89,122.01,1410.59,589.43,72.89,107.4,237.59,111.27,123.53,7.65
5858.01,7.71,35.51,36.02,118.09,1434.83,597.83,73.03,107.66,237.86,111.31,123.64,8.03
5859.02,7.42,34.62,31.96,123.92,1440.14,596.54,71.14,108.55,237.78,111.46,123.72,8.03
5860.03,7.42,35.64,36.57,116.26,1440.89,596.11,71.85,107.53,237.7,111.42,123.76,8.03
5861.04,7.75,35.34,36.69,104.7,1267.4,535.76,71.14,105.32,236.96,107.27,122.92,8.41
5862.05,11.4,36.4,39.73,127.58,1459.83,598.51,72.13,104.25,238.15,106.73,122.19,8.79
5863.06,10.62,36.11,39.23,132.27,1465.9,597.22,72.37,104.55,237.52,107.46,122.19,8.79
5864.07,9.51,36.7,35.08,129.52,1442.41,592.48,73.21,103.95,237.95,107.91,122.27,8.79
5865.08,8.95,36.19,33.56,130.02,1418.92,600.66,73.45,104.47,239.76,108.29,122.46,8.79
5866.09,8.93,36.32,34.02,127.77,1402.26,602.39,74.3,104.34,240.15,108.64,122.58,8.79
5867.1,7.89,35.98,33.76,126.74,1398.47,604.32,73.31,104.68,240.3,108.98,122.69,8.79
5868.11,9.64,36.96,35.49,124.8,1401.5,603.25,73.69,103.7,240.54,109.25,122.69,8.79
5869.12,8.07,35.55,33.74,127.81,1394.68,600.88,71.99,105.1,239.8,109.36,122.73,8.79
5870.12,9.41,36.83,36.97,129.87,1400.74,601.31,72.41,103.83,240.02,109.4,122.73,8.41
5871.13,7.84,36.15,36.19,127.31,1403.01,600.23,73.31,104.51,240.2,109.51,122.92,8.79
5872.14,8.97,36.53,30.72,120.49,1396.95,596.14,73.12,104.12,239.05,109.67,122.96,8.79
5873.15,8.35,36.87,33.85,126.47,1397.71,595.49,74.67,103.78,238.87,109.82,122.96,8.79
5874.16,8.58,36.45,33.24,125.94,1393.16,593.99,74.53,104.21,238.96,109.86,123.0,8.41
5875.17,7.83,35.68,36.11,124.68,1410.59,595.28,71.76,104.98,239.07,109.86,122.96,8.79
5876.18,9.47,35.77,33.85,126.05,1403.01,592.69,72.89,104.89,239.0,109.86,122.96,9.18
5877.19,8.33,36.62,36.75,130.02,1409.83,595.93,72.46,104.04,238.91,110.81,122.96,9.18
5878.2,8.71,35.85,38.11,131.58,1403.77,594.2,69.68,104.81,239.02,110.81,123.03,9.18
5879.21,8.49,36.32,38.43,131.77,1412.86,597.0,71.47,104.34,239.05,110.89,123.07,8.79
5880.22,7.73,35.94,39.81,125.41,1412.1,596.14,72.41,104.72,239.03,110.85,123.07,9.18
5881.23,9.39,36.19,35.14,128.42,1409.83,594.42,72.37,104.47,238.99,110.77,123.11,9.18
5882.24,8.11,36.74,34.78,129.22,1401.5,592.48,72.08,103.91,239.02,110.7,123.11,9.18
5883.25,8.88,36.53,37.21,126.51,1415.14,594.85,71.9,104.12,239.19,110.73,123.11,9.18
5884.26,8.59,36.02,36.92,125.82,1407.56,592.05,72.56,104.64,242.77,110.35,122.8,9.18
5885.27,9.61,36.49,37.7,124.45,1417.41,594.2,72.98,104.17,244.23,110.16,122.0,9.18
5886.28,8.88,36.49,42.76,131.2,1408.32,592.05,72.04,104.17,246.52,110.16,120.59,9.18
5887.29,9.85,36.15,37.67,126.36,1410.59,590.97,72.04,104.51,247.8,110.05,123.07,9.56
5888.29,10.94,36.32,36.11,124.64,1415.89,592.26,72.46,104.34,247.78,110.24,123.03,9.56
5889.3,10.63,36.36,37.01,129.64,1418.92,590.76,71.38,104.3,247.97,110.32,123.07,9.56
5890.31,28.18,36.36,29.44,137.57,1438.62,584.51,71.38,104.3,248.0,110.28,123.0,9.94
5891.32,17.83,36.06,32.1,127.96,1424.23,589.46,72.89,104.59,247.88,110.32,123.03,9.94
5892.33,10.15,36.7,37.21,121.48,1415.14,590.97,72.32,103.95,248.77,110.39,123.03,9.56
5893.34,9.5,36.57,34.29,113.51,1453.77,594.6,73.31,99.53,246.79,108.79,122.5,9.56
5894.35,8.19,35.33,33.73,112.98,1455.29,597.4,72.65,100.76,246.6,109.21,122.61,9.56
5895.36,9.06,35.42,36.92,120.3,1453.02,596.11,72.6,100.68,246.59,109.44,122.61,9.94
5896.37,7.39,35.29,35.1,118.12,1447.71,595.03,71.52,100.8,246.62,109.67,122.73,9.94
5897.39,10.27,35.46,43.76,135.66,1430.29,592.48,73.5,100.63,246.32,108.14,122.08,10.32
5898.4,9.42,35.2,43.52,131.81,1424.23,592.69,73.21,100.89,245.93,108.68,122.08,9.94
5899.41,9.08,35.03,41.89,132.23,1426.5,591.83,69.26,101.06,245.81,109.48,122.16,9.94
5900.42,7.57,35.16,39.49,131.58,1437.11,591.83,70.77,100.93,245.45,109.63,122.35,9.94
5901.43,6.75,35.8,40.08,132.73,1434.83,590.33,70.95,100.29,244.29,109.82,122.58,9.94
5902.44,8.49,35.5,39.41,135.24,1441.65,592.26,71.38,100.59,244.02,110.01,122.61,9.94
5903.44,9.2,35.08,38.26,140.31,1439.38,589.68,68.74,101.02,243.92,110.05,122.61,10.32
5904.45,8.69,35.12,39.0,137.87,1428.77,589.03,70.3,100.97,243.55,110.16,122.61,9.94
5905.46,10.6,35.16,37.04,142.03,1431.8,588.82,70.53,100.93,243.91,110.24,122.61,9.94
5906.47,11.91,35.08,39.09,139.36,1442.41,584.94,69.31,101.02,244.93,110.35,122.58,9.56
5907.48,10.04,36.05,38.15,140.69,1378.77,609.06,70.15,100.04,243.87,110.62,122.65,9.18
5908.49,11.68,35.33,34.61,138.02,1422.71,588.82,70.91,100.76,243.3,110.66,122.73,9.18
5909.5,11.22,35.16,39.0,141.3,1419.68,592.48,71.94,100.93,243.0,110.73,122.77,9.18
5910.51,12.07,35.59,39.54,146.37,1411.35,590.54,69.49,100.51,243.49,110.73,122.73,9.18
5911.52,8.69,34.74,37.04,153.39,1416.65,589.89,70.77,101.36,244.81,110.73,122.69,8.79
5912.53,11.43,35.8,36.66,147.75,1423.47,590.54,71.0,100.29,246.46,109.78,122.65,8.79
5913.54,10.32,35.63,36.74,158.23,1415.14,592.26,69.31,100.46,243.47,109.82,122.5,8.79
5914.55,9.69,35.54,41.03,153.88,1415.14,588.17,72.7,100.55,244.75,110.93,122.5,8.41
5915.56,9.85,35.08,37.79,155.68,1412.86,589.46,70.67,101.02,244.91,111.0,122.46,8.03
5916.57,9.32,34.48,34.99,159.98,1404.53,586.88,72.32,101.61,244.94,111.12,122.46,7.65
5917.58,9.29,35.16,37.04,151.75,1403.77,589.03,71.47,100.93,244.91,111.19,122.54,7.65
5918.59,8.94,35.29,39.72,151.44,1400.74,586.02,71.05,100.8,245.31,111.15,122.54,7.65
5919.6,9.98,34.86,43.76,145.92,1409.07,586.88,72.18,101.23,244.84,111.15,122.5,7.65
5920.61,8.89,35.16,37.3,147.17,1406.8,584.94,70.58,100.93,244.73,111.27,122.54,7.65
5921.62,11.11,35.46,36.84,150.95,1406.8,583.65,69.21,100.63,245.27,111.31,122.58,7.27
5922.63,11.16,35.37,44.84,153.27,1466.65,601.09,72.74,100.72,244.69,111.31,122.58,7.27
5923.64,12.46,35.84,41.85,163.61,1423.47,599.59,70.95,100.25,244.24,111.31,122.58,6.89
5924.65,24.18,34.29,42.12,177.52,1376.5,590.72,70.48,111.45,241.28,109.86,122.04,6.51
5925.67,22.93,34.53,41.19,168.41,1406.04,589.21,70.34,104.21,241.21,110.12,122.04,6.51
5926.67,13.92,33.89,39.08,181.26,1449.99,588.13,71.38,104.85,242.21,110.35,122.08,6.51
5927.68,16.98,34.74,38.53,183.85,1454.53,596.11,70.15,104.0,241.62,110.62,122.16,6.51
5928.69,14.09,33.93,37.44,176.61,1462.11,598.26,71.33,104.81,240.91,110.85,122.27,6.51
5929.7,13.41,35.0,40.37,180.04,1454.53,594.39,69.45,103.74,239.81,111.0,122.31,6.13
5930.71,13.18,34.91,39.0,186.56,1432.56,585.12,67.28,103.83,240.46,111.15,122.54,6.13
5931.72,14.82,34.57,36.86,184.23,1437.86,588.13,67.89,104.17,240.09,111.19,122.61,6.13
5932.73,13.56,35.21,39.11,177.14,1448.47,588.78,68.93,103.53,239.46,111.34,122.61,5.74
5933.74,17.0,34.49,39.16,182.25,1456.05,594.82,69.02,104.25,239.73,111.5,122.65,5.74
5934.75,11.84,36.66,38.43,186.21,1449.99,596.97,71.28,102.08,240.0,111.57,122.69,5.36
5935.76,9.39,34.23,38.97,183.74,1456.05,597.83,73.07,104.51,239.39,111.73,122.77,4.98
5936.77,11.12,34.74,38.99,193.19,1454.53,596.76,71.14,104.0,239.32,111.84,122.84,4.6
5937.78,9.04,34.19,39.63,184.04,1441.65,595.46,70.86,104.55,239.3,111.95,122.84,4.98
5938.79,10.69,33.93,40.02,190.33,1437.86,593.52,72.46,104.81,239.11,112.03,122.88,4.98
5939.8,9.08,34.06,38.15,188.62,1432.56,590.94,73.78,104.68,238.8,112.07,122.96,4.6
5940.81,9.44,34.45,40.37,188.16,1440.14,593.31,72.7,104.3,238.53,112.15,123.03,4.22
5941.82,7.78,34.87,38.14,188.54,1431.05,591.58,70.81,103.87,238.23,112.26,123.07,3.84
5942.83,8.11,33.85,41.5,187.93,1431.05,592.23,72.41,104.89,238.32,112.3,123.15,3.84
5943.84,9.3,33.98,40.65,184.27,1371.19,613.78,72.51,104.76,237.36,112.41,123.26,3.46
5944.85,11.83,33.93,37.47,193.12,1357.56,618.09,73.12,104.81,237.17,112.68,123.38,3.08
5945.86,10.35,34.7,36.81,194.95,1335.59,601.07,70.67,104.04,237.21,112.87,123.45,3.08
5946.87,10.21,34.32,41.51,190.71,1372.71,598.7,71.52,104.42,238.72,112.79,123.53,2.69
5947.88,10.94,34.7,40.55,193.19,1374.98,587.7,73.69,104.04,238.72,112.79,123.53,2.31
5948.88,7.93,33.89,33.07,198.3,1391.65,588.57,74.44,104.85,238.85,112.79,123.57,1.55
5949.89,9.42,33.68,35.84,188.96,1393.16,588.78,75.15,105.06,238.86,112.83,123.61,1.93
5950.9,10.75,34.62,37.77,191.82,1414.38,590.94,74.82,104.12,238.63,112.76,123.76,1.17
5951.91,10.18,33.47,38.52,191.78,1419.68,593.31,75.15,105.27,238.17,112.72,123.76,1.17
5952.92,10.01,34.91,38.17,187.85,1424.23,596.11,73.83,103.83,238.06,112.76,123.68,0.79
5953.93,10.72,33.89,39.92,188.31,1429.53,595.25,77.31,104.85,237.92,112.68,123.64,0.41
5954.94,13.97,34.87,38.02,196.2,1435.59,595.89,76.61,103.87,237.82,112.68,123.64,0.41
5955.95,10.39,34.32,37.41,191.51,1443.92,598.48,76.18,104.42,237.84,112.68,123.68,0.41
5956.96,11.64,34.19,44.23,182.55,1425.74,594.39,75.9,104.55,238.81,112.68,123.72,0.03
5957.98,6.74,36.06,24.56,174.17,1375.74,621.76,77.88,110.09,235.19,107.84,122.0,-1.5
5958.99,7.09,34.96,24.0,176.19,1386.35,612.71,76.84,111.19,236.48,109.44,123.03,-1.12
5960.0,6.96,36.45,22.89,178.7,1362.1,601.07,76.51,109.7,236.47,110.66,123.61,-1.5
5961.01,7.81,36.45,24.09,164.86,1378.01,601.71,76.37,109.7,236.28,111.46,123.72,-1.5
5962.02,7.27,36.06,21.29,175.08,1380.28,591.8,76.32,110.09,236.29,111.99,123.99,-1.5
5963.03,9.07,35.08,23.74,170.58,1390.89,596.32,75.8,111.07,235.84,112.3,124.06,-1.5
5964.04,7.89,36.4,22.43,171.69,1373.47,587.06,76.46,109.75,235.72,112.53,123.99,-1.5
5965.05,6.59,34.57,24.12,177.45,1368.92,598.26,75.38,111.58,235.31,112.64,123.95,-1.5
5966.05,7.45,36.53,23.8,187.74,1364.37,608.83,75.9,109.62,235.26,112.87,124.02,-1.88
5967.06,7.7,36.19,27.16,176.19,1317.4,617.23,77.26,109.96,235.25,113.1,124.14,-1.5
5968.07,8.33,36.02,24.48,182.06,1311.34,619.6,76.46,110.13,235.56,113.44,124.25,-1.5
5969.08,7.48,36.06,23.05,173.02,1307.55,611.84,76.94,110.09,235.49,113.71,124.41,-1.88
5970.09,7.1,35.68,25.49,165.13,1249.22,638.14,78.21,110.47,234.98,114.01,124.67,-1.88
5971.1,8.98,36.11,22.7,185.8,1265.88,606.24,75.43,110.04,234.06,114.13,124.83,-1.88
5972.11,8.46,35.85,24.51,176.99,1288.61,597.62,75.0,110.3,235.12,113.94,124.94,-1.88
5973.12,7.97,36.23,28.89,166.24,1318.92,598.91,75.62,109.92,234.81,113.86,124.86,-1.5
5974.13,10.98,35.89,23.33,165.47,1340.89,595.25,75.33,110.26,234.89,113.86,124.75,-1.88
5975.14,8.22,35.72,22.69,174.24,1334.83,598.26,75.43,110.43,234.88,113.75,124.71,-1.5
5976.15,8.89,35.77,31.16,173.4,1312.1,608.18,76.75,110.38,234.22,113.75,124.94,-1.5
5977.16,7.99,35.25,28.06,168.22,1305.28,598.05,75.57,110.89,237.32,113.86,122.35,-1.5
5978.17,10.85,35.89,29.13,157.43,1315.89,597.62,75.52,110.26,238.03,113.82,124.56,-1.5
5979.18,11.81,36.57,27.08,159.41,1345.43,596.97,75.38,109.57,237.81,113.82,124.44,-1.5
5980.19,12.81,36.23,26.49,168.41,1341.65,595.25,76.13,109.92,238.0,113.75,124.37,-1.5
5981.2,9.29,36.02,24.57,163.3,1334.07,597.62,75.9,110.13,237.79,113.59,124.41,-1.5
5982.21,8.18,35.94,25.56,166.12,1300.73,590.29,75.95,110.21,237.33,113.33,124.67,-1.5
5983.22,13.02,37.0,25.55,172.22,1311.34,590.29,75.8,109.15,237.23,113.4,124.9,-1.5
5984.23,11.64,36.45,25.38,174.28,1334.83,601.07,75.85,109.7,237.14,113.4,124.79,-1.5
5985.24,16.56,35.6,35.1,194.68,1334.07,600.85,76.46,110.55,237.16,113.48,124.67,-1.5
5986.25,15.73,35.81,33.32,168.37,1328.77,597.83,75.85,110.34,236.84,113.48,124.52,-1.5
5987.26,17.07,35.77,29.67,167.91,1339.37,596.76,75.43,110.38,236.88,113.44,124.48,-1.5
5988.27,18.45,35.42,30.31,167.76,1394.68,607.1,76.18,110.09,236.15,111.08,123.68,-0.74
5989.28,13.37,35.47,27.83,161.81,1371.95,599.99,76.42,110.04,236.22,111.46,123.68,-0.74
5990.29,11.8,34.49,26.99,161.13,1371.19,598.48,75.38,111.02,236.19,111.8,123.83,-0.74
5991.3,12.42,34.83,25.53,170.51,1363.62,590.94,75.76,110.68,236.16,111.95,123.99,-0.74
5992.31,22.04,34.79,25.94,189.04,1375.74,583.82,75.0,110.72,236.29,112.07,124.02,-0.74
5993.32,20.9,34.7,38.44,165.28,1382.56,580.59,73.87,110.81,235.91,112.22,124.02,-0.74
5994.33,14.84,35.64,30.61,209.36,1363.62,586.63,74.82,109.87,235.8,112.26,124.02,-0.36
5995.34,5.7,34.74,27.52,157.93,1371.95,601.28,75.24,110.77,235.94,112.41,124.1,-0.36
5996.35,5.83,34.79,28.92,153.47,1372.71,598.7,74.16,110.72,236.68,112.49,124.22,0.03
5997.36,5.42,35.77,28.56,147.06,1364.37,594.82,75.57,109.75,234.8,112.56,124.25,0.41
5998.37,6.12,35.34,28.09,141.99,1349.22,606.89,75.95,110.17,234.32,112.79,124.44,0.79
5999.38,5.66,35.68,27.36,140.73,1364.37,600.2,75.95,109.83,234.45,112.91,124.56,1.55
6000.39,5.17,35.08,29.04,147.52,1384.07,606.67,76.09,110.43,234.09,112.83,124.6,1.55
6001.4,5.24,36.06,26.69,148.93,1341.65,589.86,75.71,109.45,235.54,112.64,124.52,2.31
6002.41,5.65,35.64,39.72,156.25,1346.95,591.8,75.15,109.87,234.46,112.37,124.22,2.69
6003.42,5.43,34.32,39.57,145.42,1343.16,589.86,74.53,111.19,234.0,112.18,124.14,3.46
6004.43,5.7,34.79,41.74,141.84,1341.65,587.27,74.77,110.72,233.37,111.88,123.95,3.84
6005.43,6.35,35.72,34.9,149.23,1349.22,585.98,73.87,109.79,233.71,111.61,123.83,4.6
6006.44,5.15,35.55,36.45,130.06,1318.92,601.71,75.15,109.96,233.96,111.57,122.35,4.98
6007.45,6.45,35.3,37.3,136.31,1333.31,609.9,74.3,110.21,233.86,111.57,123.8,5.36
6008.46,6.48,35.64,39.35,135.24,1339.37,605.59,74.44,109.87,233.66,111.69,123.83,5.36
6009.47,5.79,36.32,37.47,134.78,1358.31,599.77,73.59,109.19,233.85,111.65,123.87,5.74
6010.48,6.86,35.55,34.79,137.15,1369.68,598.26,76.04,109.96,234.91,111.69,123.87,6.13
6011.49,8.61,34.79,41.21,131.89,1381.8,595.46,74.39,110.72,233.55,111.5,123.83,6.51
6012.5,10.17,34.83,39.23,136.31,1374.98,593.52,75.15,110.68,233.35,111.34,123.72,6.51
6013.51,7.96,35.64,42.33,133.18,1371.19,595.68,73.92,109.87,233.17,111.34,123.64,6.89
6014.52,9.39,35.3,42.74,139.63,1371.95,594.6,75.15,110.21,233.41,111.19,123.53,6.89
6015.53,6.0,34.87,43.61,138.75,1376.5,596.11,73.78,110.64,233.67,111.15,123.34,6.89
6016.54,7.48,34.7,37.71,132.15,1377.25,593.52,73.59,110.81,233.31,111.0,123.34,7.27
6017.55,7.06,36.32,37.97,127.96,1378.01,593.74,73.54,109.19,234.98,110.89,123.3,7.27
6018.56,5.78,36.02,36.45,137.41,1378.77,593.95,72.04,109.49,234.44,110.85,123.3,7.27
6019.56,6.7,35.81,35.54,158.76,1396.95,595.49,73.21,103.95,233.42,108.1,122.0,7.65
6020.57,6.43,34.83,36.91,166.54,1357.56,584.08,72.93,104.93,234.27,109.06,122.23,8.03
6021.58,7.43,34.83,37.76,162.65,1336.34,594.2,73.36,104.93,233.42,109.44,122.42,8.03
6022.59,6.18,35.04,43.09,151.41,1312.1,594.42,73.97,104.72,233.1,110.01,122.77,8.03
6023.6,7.46,34.83,35.93,158.73,1325.74,587.31,73.4,104.93,233.5,110.24,122.84,8.03
6024.61,7.7,35.08,32.83,156.44,1331.04,583.65,73.5,104.68,234.44,110.35,122.84,8.03
6025.62,6.63,35.38,34.06,148.59,1331.8,580.2,72.08,104.38,234.43,110.32,122.88,8.41
6026.63,5.94,35.89,32.16,150.15,1340.89,581.5,71.28,103.87,235.07,110.32,123.03,8.41
6027.64,5.94,36.11,31.89,157.01,1339.37,579.77,71.47,103.66,234.52,110.24,122.88,8.41
6028.65,6.0,35.85,35.87,146.3,1359.07,585.37,71.85,103.91,234.51,110.16,122.73,8.79
6029.66,6.39,34.87,40.65,156.67,1356.04,584.94,70.06,104.89,234.27,110.2,122.69,8.79
6030.67,7.6,35.47,33.27,154.38,1384.83,591.19,68.84,104.3,234.51,110.2,122.65,8.41
6031.68,7.06,35.13,35.19,152.4,1376.5,587.74,69.92,104.64,233.74,110.2,122.65,8.79
6032.69,7.37,35.55,36.78,162.42,1384.83,589.46,73.78,104.21,233.82,110.16,122.61,8.41
6033.7,5.7,35.25,41.24,155.56,1381.04,590.54,75.05,104.51,233.48,110.32,122.65,8.41
6034.71,7.46,34.91,37.3,153.73,1369.68,586.45,75.29,104.85,233.33,110.35,122.65,8.41
6035.72,6.49,35.72,39.57,160.52,1379.53,589.68,75.71,104.04,233.55,110.39,122.65,8.41
6036.72,6.17,35.68,40.17,155.83,1371.19,589.03,74.82,104.08,233.49,110.47,122.65,8.03
6037.73,6.13,35.68,45.36,165.89,1368.92,587.53,75.0,104.08,233.45,110.54,122.61,8.41
6038.74,6.72,36.28,36.46,157.39,1376.5,588.39,75.15,103.49,233.8,110.62,122.69,8.03
6039.75,5.77,34.83,34.9,146.3,1374.22,587.31,75.43,104.93,233.8,110.62,122.73,8.03
6040.76,6.09,35.3,33.47,149.39,1374.98,586.02,75.15,104.47,233.49,110.7,122.8,8.41
6041.77,6.74,34.83,32.01,145.27,1378.01,589.25,75.0,104.93,233.57,110.7,122.84,8.41
6042.78,5.41,35.6,36.57,163.76,1386.35,589.68,75.66,104.17,233.57,110.58,122.84,8.41
6043.79,6.43,35.34,36.36,146.91,1402.26,595.06,75.95,104.42,234.04,110.54,122.88,8.79
6044.8,6.48,34.1,41.09,151.64,1401.5,593.77,75.76,105.66,236.38,110.32,121.74,8.79
6045.81,7.78,35.13,30.03,157.7,1405.29,591.62,76.09,104.64,236.91,110.32,122.8,8.79
6046.82,7.92,34.49,39.78,155.45,1406.04,591.19,75.05,105.27,237.0,110.32,122.8,9.18
6047.83,7.25,35.47,33.83,149.88,1406.8,593.56,74.49,104.3,237.03,110.39,122.8,8.79
6048.84,7.83,34.32,33.1,157.96,1414.38,593.13,75.76,105.44,236.98,110.35,122.88,9.18
6049.85,8.07,35.81,34.76,150.45,1396.95,598.51,74.91,103.95,236.56,110.54,122.88,9.18
6050.86,7.76,35.47,37.51,159.26,1393.92,596.14,76.13,104.3,236.72,110.51,122.88,9.56
6051.87,7.68,35.0,36.6,155.91,1398.47,587.53,74.96,99.91,236.8,108.79,122.08,9.56
6052.88,7.54,35.13,38.55,153.62,1390.89,584.94,75.29,99.78,236.65,109.13,122.16,9.56
6053.89,7.5,34.62,35.99,153.66,1393.16,587.74,74.72,100.29,236.7,109.4,122.27,9.56
6054.9,7.53,34.66,33.24,160.25,1408.32,589.46,74.35,100.25,236.75,109.55,122.39,9.56
6055.91,8.59,34.62,35.08,162.27,1402.26,587.1,74.77,100.29,236.87,109.74,122.46,9.56
6056.92,8.26,35.09,39.0,158.61,1399.98,590.76,73.45,99.82,236.61,109.74,122.46,9.56
6057.93,8.47,34.45,38.81,156.48,1383.32,593.99,74.82,100.46,236.22,110.05,122.54,9.56
6058.94,9.88,35.3,29.21,188.08,1409.07,588.57,73.5,99.61,236.17,108.71,121.81,9.56
6059.95,10.81,35.72,37.88,176.38,1419.68,591.58,75.0,99.19,236.54,109.06,121.89,9.94
6060.96,12.08,35.89,39.02,170.01,1430.29,595.03,74.39,99.02,236.42,108.52,121.81,9.94
6061.97,10.69,35.17,44.36,172.72,1446.96,598.7,74.2,99.74,236.45,108.87,121.93,9.94
6062.98,11.11,35.43,37.24,180.04,1412.86,589.43,74.16,99.48,236.67,109.21,122.0,9.94
6063.99,10.32,35.68,32.85,177.83,1409.07,585.76,73.87,99.23,236.31,109.29,122.12,9.94
6065.0,10.12,34.87,44.45,158.96,1405.29,587.06,73.17,100.04,236.29,109.36,122.19,9.94
6066.01,10.71,34.74,38.35,150.45,1410.59,586.19,74.11,100.17,236.65,109.48,122.23,10.32
6067.02,10.23,34.92,38.68,157.05,1393.92,584.25,74.53,99.99,236.37,109.55,122.27,9.94
6068.03,9.77,34.74,39.64,156.06,1406.8,580.81,71.9,100.17,236.37,109.59,122.23,10.32
6069.03,10.56,35.17,39.03,152.51,1448.47,598.05,74.3,99.74,236.01,109.67,122.23,10.32
6070.04,9.23,34.83,39.09,159.49,1453.77,603.22,73.78,100.08,235.98,109.71,122.35,9.94
6071.05,11.57,35.43,37.88,164.9,1462.11,605.16,75.99,99.48,236.21,109.86,122.35,9.94
6072.06,11.24,35.77,35.98,157.2,1444.68,599.77,74.2,99.14,236.29,109.93,122.42,9.94
6073.07,13.59,36.19,34.26,167.5,1443.17,597.83,74.11,98.72,236.16,109.82,122.46,9.94
6074.08,15.48,35.3,33.42,167.99,1454.53,595.03,74.86,99.61,236.13,109.82,122.46,9.94
6075.09,17.99,34.7,33.23,165.55,1456.8,593.74,74.86,100.21,236.14,109.86,122.46,9.94
6076.11,19.6,33.98,33.3,211.83,1454.53,593.95,74.67,100.93,236.15,109.74,122.5,10.32
6077.11,19.53,35.17,47.6,158.38,1440.14,598.91,74.72,99.74,236.13,109.86,122.46,9.94
6078.13,11.62,35.81,38.33,171.99,1441.65,598.7,73.21,99.1,236.49,109.9,122.5,9.94
6079.13,9.64,35.51,36.8,176.57,1437.11,598.7,73.4,99.4,236.3,109.93,122.46,9.94
6080.14,10.18,34.83,43.12,163.07,1442.41,596.11,74.49,100.08,236.34,109.93,122.39,10.32
6081.15,10.06,35.04,41.33,172.72,1321.19,642.45,75.76,99.87,234.98,110.28,122.54,9.94
6082.16,9.61,34.57,40.24,173.37,1209.82,620.47,74.67,100.34,234.09,110.85,122.77,9.56
6083.19,13.35,35.8,46.91,166.54,1210.58,582.53,76.28,107.11,234.02,109.13,122.42,9.18
6084.2,17.86,35.3,38.53,165.21,1326.49,601.5,77.41,99.61,234.68,109.4,122.42,9.18
6085.21,7.74,35.55,40.25,177.37,1383.32,596.11,76.79,99.36,235.88,109.71,122.42,9.18
6086.22,8.95,35.09,42.97,181.53,1272.7,638.57,80.0,99.82,234.41,110.35,123.0,8.79
6087.23,8.95,35.09,39.61,187.47,1221.94,598.7,77.59,99.82,233.59,110.81,123.3,8.03
6088.24,7.73,34.28,37.29,193.88,1265.13,594.6,76.98,100.63,234.01,111.0,123.19,8.03
6089.25,8.25,34.79,41.07,197.58,1287.86,592.23,76.13,100.12,234.44,111.08,123.0,7.65
6090.26,9.03,35.0,51.72,192.35,1303.01,588.78,75.19,99.91,234.66,111.08,122.8,7.27
6091.27,9.85,34.28,41.71,183.77,1350.74,595.46,75.38,100.63,235.08,111.08,122.77,7.65
6092.28,9.0,33.98,41.16,189.34,1365.13,595.03,76.98,100.93,234.07,111.46,123.15,7.27
6093.29,10.39,35.21,35.0,188.04,1392.41,589.21,76.84,99.7,233.89,111.42,123.19,7.27
6094.3,9.15,34.4,38.62,190.79,1389.38,601.28,76.18,100.51,235.21,111.54,123.03,7.65
6095.31,10.98,34.28,38.97,183.77,1357.56,589.0,76.56,100.63,235.26,111.57,123.0,7.65
6096.31,10.26,33.6,40.95,192.12,1358.31,589.21,76.46,101.31,235.43,111.57,122.88,7.27
6097.32,10.32,33.68,40.27,192.09,1368.92,591.15,75.66,101.23,235.83,111.57,122.88,7.27
6098.33,10.18,33.68,39.82,197.73,1371.19,592.66,75.66,101.23,236.0,111.57,122.8,7.27
6099.34,11.95,34.28,40.2,192.62,1378.01,590.94,75.85,100.63,236.48,111.38,122.8,7.27
6100.35,10.23,34.53,42.38,190.1,1374.22,590.07,74.39,100.38,236.97,111.54,122.69,7.27
6101.36,12.28,34.49,40.48,194.22,1334.83,610.33,76.61,100.42,235.53,111.46,123.07,7.27
6102.37,10.69,33.98,38.82,188.12,1376.5,590.29,73.97,100.93,236.09,111.84,122.92,7.27
6103.38,12.19,33.51,39.73,198.87,1380.28,589.21,72.79,101.4,235.86,111.57,122.92,7.27
6104.39,11.61,34.4,39.92,201.66,1369.68,588.57,72.56,100.51,235.24,111.61,122.88,6.89
6105.4,11.91,33.42,37.07,188.77,1369.68,587.49,70.2,101.49,235.71,111.5,122.84,6.89
6106.41,13.36,34.7,38.49,189.0,1365.13,584.47,66.53,100.21,235.95,111.46,122.88,6.89
6107.42,11.29,33.77,36.91,196.17,1371.95,584.47,67.75,101.14,236.04,111.34,122.84,6.51
6108.43,12.62,33.89,38.35,205.32,1375.74,583.61,70.95,101.02,235.91,111.31,122.84,6.89
6109.44,11.9,34.06,40.55,207.53,1424.23,592.88,74.58,100.85,235.32,111.27,124.22,6.51
6110.45,12.94,33.98,40.97,214.27,1424.23,596.32,72.65,100.93,236.84,111.54,123.11,6.51
6111.46,14.38,33.77,39.93,208.21,1405.29,598.48,70.06,101.14,236.89,111.65,122.84,6.13
6112.47,14.31,33.42,39.37,208.59,1397.71,596.11,73.45,101.49,236.69,111.65,122.88,5.74
6113.48,17.99,33.89,39.19,199.83,1416.65,591.58,71.43,101.02,236.77,111.65,122.92,6.13
6114.49,18.17,32.96,37.8,208.02,1418.17,591.37,73.17,101.95,236.62,111.61,122.92,5.74
6115.5,17.55,34.66,39.63,199.1,1415.89,590.94,76.56,100.25,236.8,111.65,122.92,5.74
6116.51,21.0,34.32,43.78,217.74,1518.17,604.3,69.26,104.81,236.73,110.12,122.39,4.98
6117.52,23.63,34.57,37.09,207.83,1449.23,593.52,69.35,104.55,236.79,110.51,122.42,4.98
6118.53,17.31,35.34,38.78,218.85,1460.59,589.86,70.06,103.78,236.91,110.66,122.54,4.6
6119.54,19.02,34.66,41.95,216.07,1459.08,594.39,72.18,104.47,236.85,110.93,122.8,4.6
6120.56,14.74,35.42,37.67,225.94,1445.44,595.89,71.47,103.7,236.82,111.27,123.03,4.22
6121.56,14.53,35.47,39.63,230.06,1445.44,593.95,73.03,103.66,236.86,111.46,123.07,3.84
6122.57,14.52,35.21,40.39,231.39,1435.59,593.74,72.51,103.91,236.73,111.69,123.11,4.22
6123.58,12.79,34.87,42.04,226.44,1415.14,589.43,72.04,104.25,236.76,111.92,123.19,3.46
6124.59,14.38,34.19,41.04,228.04,1409.07,589.0,71.71,104.93,236.57,111.99,123.26,3.84
6125.6,14.72,35.17,39.22,224.61,1415.89,584.9,70.91,103.95,236.48,112.18,123.3,3.46
6126.61,17.31,35.04,39.81,235.66,1440.14,588.57,71.71,104.08,235.96,112.3,123.34,3.08
6126.61,17.31,35.04,39.81,235.66,1440.14,588.57,71.71,104.08,235.96,112.3,123.34,3.08
6127.62,17.38,35.25,41.33,230.71,1435.59,587.92,72.89,103.87,234.6,112.34,123.38,2.69
6128.63,15.59,34.66,40.01,228.3,1428.77,584.04,72.32,104.47,233.92,112.49,123.41,2.69
6129.64,13.26,34.62,40.59,226.36,1418.92,581.88,73.54,104.51,231.42,112.49,123.45,2.31
6130.65,13.78,35.17,39.63,234.4,1471.96,593.95,73.07,103.95,231.3,112.64,123.45,2.31
6131.66,14.3,35.13,38.91,232.88,1472.71,595.68,75.33,104.0,231.43,112.76,123.61,1.93
6132.67,14.59,35.08,38.88,237.65,1478.78,595.46,74.25,104.04,231.62,112.76,123.68,1.93
6133.68,14.42,35.51,41.44,222.55,1470.44,597.4,74.16,103.61,232.08,112.91,123.8,1.55
6134.69,13.56,35.08,41.31,228.61,1462.87,592.66,72.98,104.04,232.47,113.02,123.83,1.17
6135.7,12.28,34.96,40.92,214.35,1461.35,594.17,73.97,104.17,232.53,113.06,123.87,1.17
6136.71,13.12,34.66,40.31,216.68,1468.93,595.25,73.73,104.47,232.4,113.21,123.91,0.79
6137.72,15.01,34.53,43.25,205.58,1482.56,595.68,74.3,104.59,232.11,113.29,123.99,0.79
6138.73,14.3,34.57,39.06,211.03,1465.14,595.68,73.45,104.55,231.75,113.33,124.06,0.79
6139.74,15.93,34.28,39.79,214.58,1456.8,591.8,73.92,104.85,231.43,113.37,124.1,0.79
6140.75,14.9,34.53,40.48,219.84,1471.96,595.46,74.86,104.59,230.33,113.37,124.18,0.41
6141.75,14.77,34.57,40.65,229.26,1473.47,593.95,74.77,104.55,230.22,113.4,124.18,0.41
6142.76,14.77,34.53,39.7,226.17,1447.71,608.83,75.15,104.59,230.6,113.48,124.25,0.41
6143.77,14.89,34.91,39.61,235.51,1374.22,631.03,77.55,104.21,230.17,113.71,124.41,0.03
6144.78,15.74,35.38,39.9,226.02,1275.73,607.32,75.99,103.74,230.71,114.01,124.63,0.41
6145.79,13.08,34.7,40.75,225.6,1243.91,609.04,74.02,104.42,230.33,114.39,124.83,0.03
6146.8,13.87,34.87,39.51,206.0,1282.55,598.48,72.41,104.25,230.33,114.59,124.94,0.03
6147.74,15.93,34.28,39.79,214.58,1456.8,591.8,73.92,104.85,231.43,113.37,124.1,0.79
6148.75,14.9,34.53,40.48,219.84,1471.96,595.46,74.86,104.59,230.33,113.37,124.18,0.41
6149.75,14.77,34.57,40.65,229.26,1473.47,593.95,74.77,104.55,230.22,113.4,124.18,0.41
6150.76,14.77,34.53,39.7,226.17,1447.71,608.83,75.15,104.59,230.6,113.48,124.25,0.41
6151.77,14.89,34.91,39.61,235.51,1374.22,631.03,77.55,104.21,230.17,113.71,124.41,0.03
6152.27,15.6,34.62,39.6,224.91,1447.71,590.11,67.66,104.51,227.67,113.14,124.48,-0.74
6154.29,15.34,34.66,37.48,232.31,1446.96,587.1,68.74,104.47,227.51,113.14,124.48,-0.74
6155.3,11.82,32.32,41.63,226.36,1384.83,602.17,70.01,106.81,227.74,113.14,124.48,-0.74
6156.31,10.59,29.89,44.01,233.11,1356.04,609.92,73.36,109.23,227.68,113.25,124.6,-0.74
6157.32,13.32,30.23,42.68,238.87,1371.95,607.12,71.52,108.89,228.16,113.37,124.63,-1.12
6158.33,13.53,29.51,40.46,238.52,1366.65,600.45,71.85,109.62,228.6,113.56,124.67,-1.12
6159.34,13.16,30.27,42.96,226.13,1364.37,596.36,71.85,108.85,229.25,113.56,124.63,-1.12
6160.35,14.77,29.85,42.9,217.86,1366.65,598.94,71.47,109.28,229.51,113.56,124.63,-1.12
6161.36,16.09,32.83,44.77,228.46,1365.89,599.8,70.81,106.3,229.84,113.56,124.67,-0.74
6162.37,15.4,32.61,43.87,213.4,1375.74,590.97,70.86,106.51,229.81,113.52,124.67,-1.12
6163.38,15.2,32.49,40.01,213.59,1376.5,595.71,71.99,106.64,229.48,113.44,124.71,-1.12
6164.39,17.38,33.64,40.28,211.03,1376.5,599.16,71.52,105.49,229.23,113.52,124.75,-0.74
6165.4,15.27,33.25,41.38,215.61,1356.8,592.48,73.92,105.87,229.46,113.4,124.75,-1.12
6166.41,16.39,34.32,45.39,213.05,1368.16,596.57,73.92,104.81,229.61,113.29,124.71,-1.12
6167.42,15.42,34.11,40.34,196.51,1391.65,593.34,73.36,105.02,230.29,113.14,124.63,-0.74
6168.43,7.77,25.25,44.26,207.41,1344.68,607.12,73.26,113.88,230.59,112.91,124.63,-0.36
6169.45,10.28,23.16,44.74,210.46,1295.43,632.75,69.26,115.96,229.92,113.25,124.75,-0.36
6170.46,12.85,25.42,39.25,221.82,1249.22,614.02,71.14,113.7,229.78,113.59,124.9,-0.36
6171.47,11.56,24.06,40.93,215.8,1233.31,609.06,74.02,115.07,229.25,113.78,124.98,-0.36
6172.48,12.68,24.23,42.17,220.18,1235.58,603.03,73.83,114.9,229.87,113.78,125.02,0.03
6173.49,14.43,25.72,42.09,217.82,1249.97,598.29,74.2,113.41,230.12,113.75,125.05,0.41
6174.5,12.01,27.51,46.73,217.97,1274.22,589.68,72.08,111.62,230.25,113.82,125.02,0.03
6175.51,12.88,27.59,41.44,225.41,1321.19,587.53,72.7,111.53,230.21,113.94,124.98,-0.36
6176.52,11.64,25.93,39.19,237.8,1332.55,591.83,74.72,113.19,230.45,113.98,124.98,-0.36
6177.53,14.85,19.66,43.49,124.45,1308.31,606.24,74.67,120.84,199.58,116.99,132.18,9.56
6178.54,7.68,24.6,44.83,120.79,1322.71,606.02,74.39,115.9,199.53,117.25,132.49,9.94
6179.55,7.34,23.97,41.3,126.32,1341.65,610.12,75.99,116.53,200.04,117.52,132.34,9.94
6180.56,8.64,24.69,38.43,130.06,1331.04,605.38,75.62,115.81,201.8,117.6,132.3,10.32
6181.57,7.46,24.74,39.19,128.23,1331.8,605.81,75.52,115.76,202.88,117.71,132.22,10.32
6182.58,7.5,25.5,41.66,127.27,1332.55,606.24,75.33,115.0,203.53,117.86,132.07,10.32
6183.59,5.79,25.46,37.54,130.17,1332.55,604.73,75.57,115.05,204.22,117.67,131.8,10.32
6184.6,8.78,26.49,41.04,129.33,1344.68,610.33,75.95,114.01,204.85,117.67,131.65,10.32
6185.61,15.25,33.94,45.8,130.78,1328.77,614.21,75.48,106.56,205.14,117.79,131.69,9.94
6186.62,13.12,35.33,47.37,124.22,1299.98,624.78,75.19,105.17,205.83,118.21,131.65,9.94
6187.63,11.11,34.3,38.14,118.54,1287.86,631.89,76.32,106.2,206.72,118.32,131.76,9.94
6188.64,12.33,35.56,40.6,123.84,1297.7,629.95,77.22,104.94,207.11,118.44,131.76,9.94
6189.65,12.36,34.53,40.83,119.19,1260.58,609.04,75.62,105.98,207.03,118.66,131.84,9.94
6190.67,13.38,35.69,38.3,118.24,1320.43,617.89,75.85,104.81,207.54,117.37,131.15,9.94
6191.68,13.27,34.57,39.98,127.69,1338.62,619.4,75.95,105.93,208.02,117.52,131.15,10.32
6192.69,14.32,34.26,37.95,112.6,1341.65,616.17,76.28,106.25,208.18,117.6,131.15,10.32
6193.7,15.35,35.11,39.64,108.97,1347.71,615.74,76.94,105.39,208.61,117.64,131.46,9.94
6194.71,13.76,34.7,43.84,118.7,1349.22,614.45,77.78,105.8,208.61,117.71,131.84,10.32
6195.72,15.34,34.97,38.33,116.75,1343.16,612.51,78.16,105.53,208.8,117.67,131.95,9.94
6196.73,14.03,34.88,41.13,111.15,1336.34,614.88,78.4,105.62,208.7,117.75,132.07,10.32
6197.74,14.21,34.75,42.76,111.18,1329.52,616.82,78.96,105.75,208.81,117.9,131.99,9.94
6198.75,13.82,35.42,37.5,110.23,1323.46,619.4,78.44,105.08,208.85,118.02,131.88,10.32
6199.77,15.12,34.35,37.3,111.79,1320.43,619.62,77.59,106.16,209.48,117.98,131.73,10.32
6200.78,10.84,36.01,38.24,119.27,1320.43,616.82,77.45,104.5,212.03,117.86,131.15,9.94
6201.79,11.57,35.38,41.97,117.4,1306.04,609.92,76.98,105.12,211.86,117.86,131.12,9.94
6202.8,12.0,35.2,36.81,115.07,1315.89,612.08,76.61,105.3,211.93,117.67,131.23,9.94
6203.81,10.72,34.75,36.1,114.54,1271.19,627.58,78.87,105.75,210.72,117.94,131.42,9.56
6204.81,10.45,34.26,33.58,117.89,1290.89,623.92,78.54,106.25,211.02,118.25,131.61,9.94
6205.83,11.68,35.98,38.61,171.23,1361.34,619.39,78.87,96.55,212.71,114.59,129.74,10.32
6206.86,15.12,35.26,39.7,167.99,1369.68,621.11,78.02,97.27,213.11,115.31,129.82,10.32
6207.87,15.4,35.62,41.0,164.75,1381.8,622.4,78.25,96.91,213.1,115.77,130.24,10.7
6208.88,17.48,35.44,37.54,173.06,1380.28,618.53,78.3,97.09,212.94,116.15,130.7,10.32
6209.89,16.45,35.44,39.98,166.2,1381.8,618.74,79.01,97.09,213.31,116.64,130.77,10.32
6210.9,17.22,34.63,40.78,165.09,1368.16,621.97,79.1,97.9,214.3,116.91,130.81,10.32
6211.9,13.41,34.72,44.4,167.15,1338.62,617.45,79.29,97.81,215.78,117.14,130.89,9.94
6212.91,15.08,34.72,41.22,160.79,1343.92,617.88,78.49,97.81,216.97,117.29,130.96,10.32
6213.92,14.37,35.21,43.54,165.86,1346.19,620.03,78.72,97.31,217.15,117.41,130.96,10.32
6214.93,14.77,35.66,43.69,171.19,1346.95,619.17,77.88,96.86,218.01,117.56,130.89,10.32
6215.94,13.13,34.14,39.29,156.02,1335.59,615.94,77.92,98.39,217.56,117.71,130.85,9.94
6216.95,14.83,35.03,39.26,156.78,1332.55,613.57,77.88,97.49,217.46,117.86,130.77,9.56
6217.98,13.33,35.48,44.4,156.63,1323.46,611.84,77.08,97.04,217.64,118.02,130.77,9.94
6218.99,13.76,35.39,39.0,144.47,1326.49,611.2,76.65,97.13,217.52,118.05,130.81,9.94
6220.0,12.57,35.35,37.54,155.64,1337.1,613.14,77.22,97.18,217.8,118.13,130.89,9.94
6221.01,13.73,34.94,42.32,154.95,1340.89,613.78,77.83,97.58,218.04,118.21,131.04,9.94
6222.02,12.4,35.3,39.38,159.37,1343.16,613.57,77.69,97.22,217.37,118.17,131.04,9.94
6223.04,14.3,34.85,34.29,152.55,1321.95,609.06,77.41,97.67,216.13,115.92,130.28,10.32
6224.04,14.53,35.48,37.91,148.81,1331.8,614.45,77.97,97.04,216.29,116.45,130.35,10.32
6225.05,12.78,34.81,36.04,167.08,1316.64,609.92,77.26,97.72,216.66,116.76,130.35,10.32
6226.06,15.15,35.62,37.65,156.17,1324.22,611.0,76.75,96.91,216.85,116.87,130.35,10.32
6227.08,13.28,35.21,39.98,162.73,1322.71,612.08,76.7,97.31,217.21,117.03,130.47,10.7
6228.09,16.04,35.39,44.54,154.42,1320.43,609.71,77.31,97.13,217.17,117.14,130.47,10.7
6229.1,14.78,34.9,36.98,153.47,1309.83,606.26,76.79,97.63,217.89,117.33,130.47,10.7
6230.11,15.66,35.26,39.95,154.23,1311.34,606.05,75.99,97.27,217.94,117.22,130.51,10.32
6231.12,15.3,35.48,37.22,154.08,1299.22,602.17,76.32,97.04,218.02,117.33,130.54,10.32
6232.13,12.94,35.21,43.76,151.64,1287.1,600.23,75.8,97.31,218.12,117.37,130.54,10.32
6233.14,13.33,34.81,41.21,153.73,1322.71,610.35,76.65,97.72,218.08,117.41,130.58,10.32
6234.15,13.18,35.8,39.95,151.33,1309.83,605.4,77.31,96.73,218.3,117.37,130.58,10.32
6235.16,17.93,36.07,36.84,158.69,1327.25,608.85,76.98,96.46,219.04,117.29,130.54,10.32
6236.17,14.9,34.05,37.19,153.69,1318.16,614.88,76.56,98.48,219.12,117.29,130.54,10.32
6237.19,18.15,35.19,47.0,162.01,1333.31,622.2,77.69,102.33,218.91,112.26,128.71,10.32
6238.2,15.63,34.72,39.29,167.34,1339.37,621.12,78.44,102.8,219.52,113.29,128.68,9.94
6239.21,13.93,35.57,39.19,169.25,1337.86,618.11,77.97,101.95,219.39,114.09,128.9,9.94
6240.22,15.15,35.57,39.08,171.88,1338.62,614.88,77.31,101.95,219.51,114.59,129.02,9.94
6241.22,10.47,34.49,39.66,161.81,1340.89,615.09,77.5,103.04,219.93,115.16,129.29,9.56
6242.23,11.8,35.05,38.99,171.42,1334.07,611.43,77.45,102.47,219.92,115.58,129.55,9.56
6243.24,10.98,34.49,39.46,158.65,1340.13,611.86,78.07,103.04,219.97,115.69,130.2,9.94
6244.25,13.92,34.53,36.74,164.98,1361.34,612.08,76.84,102.99,219.84,115.88,130.54,9.56
6245.26,17.83,35.67,38.5,156.4,1358.31,617.68,78.25,101.86,220.17,116.07,130.43,9.94
6246.27,20.66,35.76,30.69,169.06,1356.04,618.11,77.88,101.76,220.41,116.26,130.35,9.94
6247.28,22.47,35.15,43.05,170.39,1356.04,618.75,77.74,102.38,220.15,116.34,130.32,10.32
6248.3,27.15,35.95,41.21,159.41,1359.07,618.54,77.69,101.58,220.4,116.49,130.24,9.94
6249.31,24.41,35.85,36.57,169.63,1356.04,619.62,76.94,101.67,220.39,116.64,130.16,9.94
6250.31,21.12,35.81,43.5,163.38,1352.25,621.98,77.41,101.72,220.71,116.68,130.16,9.94
6251.33,19.87,35.52,43.06,160.44,1355.28,620.26,77.55,102.0,220.79,116.8,130.12,10.32
6252.35,20.82,36.56,41.82,159.68,1356.8,617.89,70.39,100.96,220.76,116.95,130.12,10.32
6253.36,23.92,34.91,36.72,166.96,1356.8,618.97,71.24,102.61,220.71,117.03,130.12,10.32
6254.39,21.53,35.81,38.12,159.15,1354.53,619.83,71.76,101.72,220.76,117.06,130.12,10.32
6255.4,25.07,35.67,37.22,161.89,1358.31,618.32,71.0,101.86,220.56,117.1,130.12,10.7
6256.41,21.13,35.71,39.19,164.94,1354.53,616.82,70.62,101.81,220.58,117.14,130.12,10.32
6257.42,20.67,36.19,36.02,167.0,1355.28,617.03,70.01,101.34,220.59,117.14,130.12,10.7
6258.43,21.14,35.9,35.75,166.5,1363.62,617.03,71.19,101.62,220.77,117.14,130.09,10.32
6259.44,21.78,36.66,32.39,166.5,1361.34,616.17,70.95,100.87,220.75,117.1,130.16,10.32
6260.45,24.25,35.71,36.95,167.08,1363.62,614.23,71.14,101.81,220.77,117.06,130.2,10.7
6261.46,19.85,34.72,36.53,166.31,1364.37,616.17,69.92,102.8,220.62,117.18,130.24,10.7
6262.47,24.9,35.81,37.86,158.04,1363.62,616.82,70.34,101.72,220.8,117.14,130.28,10.7
6263.48,19.78,35.38,37.67,162.54,1358.31,614.45,70.86,102.14,220.88,117.18,130.28,10.7
6264.5,23.18,34.63,37.92,159.41,1359.83,614.23,71.76,102.9,220.91,117.14,130.28,11.08
6265.51,23.32,35.9,33.97,162.12,1356.8,612.51,74.3,101.62,220.77,117.14,130.28,10.7
6266.52,25.6,36.14,41.35,170.51,1363.62,614.88,73.83,101.39,222.25,117.06,130.24,10.7
6267.55,30.18,36.0,46.47,163.68,1361.34,612.51,75.05,101.53,221.27,117.03,130.2,10.7
6268.56,32.83,35.34,46.56,167.57,1368.92,612.72,75.8,102.19,221.26,116.95,130.12,10.7
6269.58,18.83,34.39,41.53,169.21,1361.34,617.89,75.62,107.85,220.28,112.41,128.45,10.7
6270.58,15.8,35.57,40.34,175.77,1365.89,619.4,75.52,106.67,220.68,113.37,128.45,10.7
6271.59,17.81,35.48,41.8,175.84,1362.86,619.83,75.57,106.77,220.72,113.86,128.6,10.7
6272.6,17.24,34.96,42.01,176.95,1364.37,620.26,75.38,107.29,220.83,114.36,128.71,10.7
6273.61,14.53,34.63,39.7,155.26,1356.8,618.75,75.43,107.62,220.83,114.81,128.6,10.7
6274.62,13.82,34.63,39.84,172.26,1356.8,618.32,74.86,107.62,220.92,115.04,129.1,10.7
6275.63,13.82,34.39,39.37,173.86,1357.56,618.54,74.58,107.85,221.35,115.27,129.36,10.7
6276.64,15.34,35.15,39.78,173.21,1352.25,616.38,74.06,107.1,220.87,115.46,129.59,10.7
6277.65,14.26,35.48,37.97,171.08,1345.43,614.02,74.58,106.77,221.25,115.58,129.74,10.7
6278.66,14.96,35.05,37.44,168.75,1354.53,617.46,73.07,107.19,221.84,115.61,129.74,10.32
6279.67,13.36,36.0,32.19,168.37,1349.98,617.89,72.84,106.25,221.57,115.84,129.74,10.7
6280.68,14.37,35.86,37.91,171.19,1352.25,617.89,71.9,106.39,221.27,115.96,129.74,10.7
6281.69,13.56,34.82,39.7,176.53,1356.04,619.4,70.25,107.43,221.21,116.0,129.71,10.7
6282.7,15.14,35.43,48.2,167.19,1357.56,618.97,68.69,106.81,221.44,116.22,129.71,10.7
6283.71,14.53,35.15,39.44,163.64,1354.53,619.83,67.71,107.1,221.09,116.22,129.67,10.7
6284.72,17.31,35.19,41.5,159.53,1358.31,619.62,69.21,107.05,221.34,116.45,129.67,10.32
6285.73,14.71,34.06,34.46,167.34,1350.74,618.32,72.93,108.18,221.34,116.53,129.71,10.32
6286.74,16.38,34.2,36.84,170.35,1358.31,619.83,72.56,108.04,221.23,116.64,129.78,10.32
6287.75,16.01,35.24,36.13,175.65,1350.74,617.46,73.92,107.0,221.2,116.76,129.74,10.32
6288.76,13.61,34.39,41.7,177.94,1346.19,617.46,73.12,107.85,220.94,116.64,129.74,10.32
6289.77,16.82,35.15,43.9,175.16,1346.19,616.38,72.74,107.1,220.91,116.76,129.67,9.94
6290.78,14.95,35.48,41.73,180.95,1349.22,618.32,73.31,106.77,221.02,116.61,129.63,9.94
6291.79,19.34,34.25,47.21,167.57,1340.13,616.38,73.97,107.99,220.87,116.72,129.74,9.56
6292.8,20.31,35.34,49.91,182.48,1334.83,617.89,74.49,106.91,221.28,116.72,129.59,9.18
6293.81,15.02,34.44,41.22,194.53,1334.07,615.95,75.85,107.81,221.55,116.87,129.63,8.79
6294.82,13.88,35.19,41.19,190.41,1340.89,616.38,76.13,107.05,221.96,117.03,129.67,8.79
6295.83,15.62,34.68,48.49,177.79,1349.98,617.25,75.9,107.57,221.73,116.95,129.67,9.18
6296.84,16.82,34.63,40.11,173.44,1347.71,616.6,76.75,107.62,222.03,116.95,129.63,9.18
6297.85,15.02,34.39,44.36,161.81,1341.65,612.72,77.5,107.85,221.54,117.1,129.67,9.18
6298.86,15.62,35.15,38.24,161.81,1345.43,611.0,77.26,107.1,219.96,117.18,129.67,9.18
6299.87,15.41,35.34,47.41,150.0,1350.74,612.72,74.86,106.91,219.68,117.14,129.67,9.18
6300.88,15.02,34.82,37.39,161.78,1363.62,615.31,67.99,109.69,219.55,114.85,128.83,9.56
6301.89,14.04,35.24,40.33,159.26,1350.74,614.66,68.22,109.27,219.81,115.31,128.98,9.94
6302.9,11.57,34.96,40.13,160.06,1346.19,614.23,70.77,109.55,220.24,115.73,129.06,9.56
6303.91,14.43,35.48,39.28,159.49,1344.68,613.59,71.71,109.03,220.24,115.92,129.17,9.94
6304.92,12.02,35.01,39.73,151.14,1347.71,615.52,73.87,109.5,220.42,116.11,129.36,9.56
6305.93,13.26,35.29,38.84,157.81,1340.89,612.08,73.5,109.22,220.37,116.3,129.44,9.94
6306.94,12.36,35.57,37.25,166.16,1348.46,614.88,74.06,108.94,219.81,116.45,129.63,9.94
6307.95,14.25,35.57,44.92,160.86,1346.95,612.51,74.49,108.94,220.76,115.35,129.71,9.94
6308.96,11.99,35.15,40.42,169.21,1344.68,610.35,73.26,109.36,220.93,115.39,129.63,9.94
6309.97,13.61,35.62,43.08,155.33,1347.71,613.8,74.06,108.89,219.63,116.91,129.63,9.94
6310.98,12.75,35.76,40.02,174.93,1348.46,614.02,74.06,108.75,219.88,116.83,129.71,9.94
6311.99,11.4,34.58,37.42,167.04,1350.74,612.94,74.63,109.93,219.86,116.83,129.67,9.94
6313.0,12.98,35.1,39.7,156.44,1342.4,611.65,74.91,109.41,220.14,116.8,129.71,9.56
6314.03,14.03,34.86,36.11,157.32,1350.74,612.72,75.38,109.65,220.09,116.72,129.71,9.94
6315.04,14.43,35.1,37.27,159.91,1353.01,614.66,75.19,109.41,220.22,116.64,129.71,9.94
6316.05,13.61,34.39,37.89,163.11,1349.22,612.08,73.31,110.12,220.39,116.61,129.71,9.94
6317.05,14.36,34.58,35.34,170.01,1347.71,614.23,73.83,109.93,220.37,116.61,129.71,9.94
6318.06,12.84,34.63,38.4,159.18,1341.65,612.51,73.59,109.88,220.25,116.53,129.67,9.94
6319.07,14.19,35.62,41.97,164.22,1345.43,612.72,73.92,108.89,220.11,116.49,129.67,10.32
6320.08,12.89,35.34,41.53,153.31,1344.68,612.94,74.06,109.17,220.18,116.42,129.59,10.32
6321.09,14.14,34.58,45.68,147.75,1343.92,612.51,73.54,109.93,220.47,116.38,129.55,9.94
6322.1,14.29,34.86,47.82,154.0,1345.43,612.94,73.87,109.65,220.57,116.42,129.51,9.94
6323.11,13.77,35.24,41.12,160.86,1347.71,614.45,72.7,109.27,220.62,116.3,129.51,9.94
6324.12,13.77,35.24,38.93,152.09,1343.16,611.86,74.16,109.27,220.54,116.3,129.48,9.94
6325.13,14.95,35.05,40.43,156.36,1342.4,610.57,74.02,109.46,220.99,116.26,129.44,10.32
6326.14,15.81,35.52,41.36,155.45,1352.25,613.15,74.58,108.98,220.94,116.26,129.44,10.32
6327.15,12.53,34.82,41.95,160.71,1340.89,612.29,72.93,109.69,221.27,116.15,129.36,10.32
6328.16,14.97,35.57,39.16,167.69,1356.04,615.31,71.71,108.94,221.34,116.15,129.32,10.32
6329.17,14.26,35.01,45.88,162.73,1352.25,614.23,69.82,109.5,221.48,116.26,129.29,10.32
6330.18,13.97,35.38,42.42,161.85,1353.01,614.66,67.14,109.13,221.47,116.34,129.29,10.32
6331.19,14.15,35.29,44.05,161.89,1351.5,613.8,65.02,109.22,221.71,116.3,129.29,10.32
6332.2,15.42,35.86,44.31,162.16,1351.5,613.37,66.06,108.65,221.96,116.42,129.29,10.32
6333.22,12.44,35.32,53.31,187.36,1269.67,592.05,63.47,118.19,220.75,112.68,128.45,10.32
6334.23,21.63,35.43,46.15,166.5,1274.98,589.25,66.1,109.08,220.88,113.29,128.29,10.32
6335.25,14.21,36.04,47.84,176.38,1281.79,591.62,65.35,108.47,221.31,113.94,128.22,10.32
6336.26,18.21,32.74,48.9,118.73,1274.22,591.4,66.25,111.77,221.96,114.81,128.49,9.56
6337.27,15.74,34.68,44.07,126.82,1281.04,587.31,65.44,109.83,222.14,114.93,128.45,9.56
6338.28,12.04,34.72,44.37,125.71,1297.7,593.77,67.89,109.79,222.36,115.04,128.56,9.56
6339.29,12.89,33.92,41.65,118.89,1293.92,592.05,70.3,110.59,224.21,114.97,128.64,9.56
6340.3,11.58,32.6,44.8,126.05,1293.92,594.63,72.27,111.91,224.36,114.97,128.71,9.56
6341.31,14.04,33.78,46.47,125.79,1293.92,593.56,72.27,110.73,224.4,114.85,128.71,9.94
6342.32,12.12,33.59,44.28,125.71,1277.25,601.74,72.84,110.92,225.23,114.85,128.75,9.56
6343.33,12.41,33.78,47.21,119.57,1291.64,589.25,71.94,110.73,225.54,114.7,128.75,9.94
6344.34,11.72,34.68,45.88,134.75,1292.4,593.99,71.57,109.83,226.02,114.62,128.68,9.94
6345.35,11.53,33.97,43.88,124.03,1290.13,593.13,73.31,110.54,226.67,114.51,128.45,10.32
6346.36,12.15,33.78,46.44,128.95,1293.16,594.42,73.78,110.73,226.36,114.59,128.45,10.32
6347.37,12.7,34.06,48.48,129.29,1289.37,592.91,72.79,110.45,226.46,114.62,128.41,10.32
6348.38,12.37,35.05,43.93,132.08,1303.77,595.28,72.13,109.46,227.04,114.66,128.41,10.7
6349.39,12.49,34.44,44.66,121.9,1301.49,596.57,72.18,110.07,227.21,114.7,128.45,10.32
6350.4,13.82,34.63,44.33,125.82,1303.77,597.22,71.28,109.88,227.3,114.81,128.45,10.32
6351.41,12.57,35.05,44.14,127.2,1304.52,598.29,73.64,109.46,226.87,114.89,129.29,10.32
6352.41,14.25,34.96,45.39,134.82,1298.46,596.36,72.13,109.55,226.6,115.08,129.02,10.32
6353.43,12.72,34.86,44.58,132.19,1289.37,601.09,72.51,109.65,226.79,115.27,128.56,10.32
6354.43,12.57,34.25,43.85,117.93,1286.34,602.82,72.41,110.26,227.75,115.35,128.52,10.32
6355.44,14.2,34.49,41.12,118.85,1284.82,598.94,72.18,110.02,227.77,115.23,128.56,9.94
6356.45,12.67,34.86,46.06,127.01,1284.07,598.94,71.28,109.65,228.04,115.2,128.52,9.94
6357.46,13.2,34.01,43.15,129.14,1287.86,597.86,70.67,110.49,227.91,115.12,128.45,10.32
6358.47,13.31,35.05,41.01,131.58,1284.07,593.56,69.64,109.46,228.21,115.12,128.41,9.94
6359.48,13.87,34.86,47.98,122.58,1299.22,597.86,72.98,109.65,228.52,115.12,128.37,9.94
6360.49,12.49,35.15,48.51,133.07,1289.37,595.49,71.8,109.36,228.41,115.16,128.41,9.56
6361.5,13.27,34.86,42.0,130.21,1278.01,621.55,72.46,109.65,229.41,115.16,128.37,9.56
6362.51,12.67,34.77,42.42,124.15,1249.97,609.49,74.02,109.74,228.09,115.27,128.64,9.56
6363.52,11.29,34.68,42.96,125.41,1287.86,601.96,73.97,109.83,227.89,115.39,128.68,9.56
6364.53,13.77,35.38,42.5,127.65,1287.1,602.17,73.5,109.13,227.84,115.5,128.68,9.56
6365.54,13.37,35.24,47.46,123.73,1284.07,602.17,73.64,109.27,227.72,115.5,128.64,9.18
6366.55,11.82,35.2,44.58,139.02,1271.19,592.69,74.39,110.12,227.58,114.85,127.99,8.41
6367.58,12.15,35.49,45.15,135.62,1277.25,594.85,77.03,109.83,225.62,115.16,129.82,8.03
6368.59,12.12,35.82,43.66,135.66,1266.64,598.72,74.77,109.5,227.09,116.03,128.56,7.65
6369.6,11.46,35.11,45.71,132.76,1245.43,604.76,75.1,110.21,226.89,116.42,128.45,7.27
6370.6,12.44,35.35,45.22,132.88,1243.91,601.52,73.78,109.98,227.53,116.42,128.56,7.27
6371.61,10.78,35.11,44.1,137.03,1253.0,601.96,72.89,110.21,228.12,116.34,128.68,6.51
6372.62,13.21,35.16,45.36,137.07,1251.49,599.37,73.17,110.16,228.74,116.34,128.75,6.51
6373.63,11.26,35.11,43.23,142.98,1255.28,598.94,72.41,110.21,228.55,116.3,128.79,6.13
6374.65,7.53,24.68,47.49,152.17,1250.73,601.31,73.03,120.64,228.29,116.38,128.75,5.74
6375.68,23.26,35.58,43.9,138.18,1256.79,595.06,73.54,109.74,228.78,116.38,128.71,5.74
6376.69,12.21,34.83,46.62,122.89,1262.1,594.63,73.92,110.49,228.91,116.3,128.75,5.74
6377.7,10.3,34.78,44.14,136.46,1265.88,593.77,73.36,110.54,228.63,116.42,129.13,5.36
6378.71,12.48,34.64,43.6,139.28,1268.16,594.63,73.45,110.68,228.93,116.61,129.13,5.36
6379.72,13.02,34.78,44.81,131.09,1259.07,596.14,73.83,110.54,229.26,116.8,129.1,5.36
6380.75,13.21,34.78,44.13,133.18,1251.49,593.77,74.02,110.54,229.0,116.87,129.06,4.98
6381.76,13.12,34.64,58.19,147.25,1254.52,597.43,74.63,110.68,228.95,116.95,129.06,4.6
6382.77,13.42,34.54,42.96,141.65,1256.79,598.29,72.27,110.78,228.44,117.14,129.06,4.6
6383.78,16.83,34.78,45.37,140.24,1244.67,598.08,73.31,110.54,228.6,117.18,129.06,4.6
6384.79,18.86,34.54,39.16,135.78,1249.97,596.36,72.89,110.78,229.03,117.25,129.06,4.6
6385.8,21.14,34.87,42.82,137.76,1257.55,597.22,73.73,110.45,228.67,117.29,129.02,4.6
6386.81,14.53,34.64,44.78,132.12,1253.76,601.52,73.26,110.68,228.37,117.25,129.02,4.6
6387.82,17.56,35.2,47.76,136.31,1239.37,601.09,73.21,110.12,228.16,117.37,129.06,4.98
6388.83,17.55,34.73,46.24,130.02,1249.22,599.8,72.7,110.59,228.27,117.37,129.17,4.6
6389.84,14.61,35.72,40.8,147.94,1261.34,597.22,73.31,109.6,227.58,117.37,129.29,4.98
6390.85,16.72,35.2,56.49,131.51,1248.46,599.16,74.25,110.12,227.71,117.44,129.32,4.6
6391.86,14.31,35.53,36.21,141.11,1250.73,594.85,72.79,109.79,227.64,117.52,129.48,4.98
6392.87,15.95,35.63,51.24,136.12,1253.0,593.99,71.71,109.69,227.19,117.64,129.48,4.98
6393.88,14.13,34.97,45.03,126.43,1259.07,597.86,72.23,110.35,227.89,117.71,129.51,4.6
6394.89,13.86,35.44,44.43,130.67,1254.52,596.57,72.08,109.88,227.75,117.83,129.67,4.6
6395.9,12.12,34.78,46.15,133.34,1251.49,599.16,71.24,110.54,227.04,118.05,129.67,4.22
6396.94,14.63,35.01,47.67,138.22,1261.34,606.26,75.52,111.2,227.56,113.86,128.56,3.46
6397.95,13.58,36.1,45.1,140.35,1261.34,612.94,75.43,110.12,227.68,115.08,128.6,3.08
6398.96,11.34,33.98,42.36,139.59,1243.91,603.03,74.53,112.24,227.1,116.11,128.83,3.08
6399.97,14.1,35.86,43.98,148.2,1250.73,602.17,73.59,110.35,227.48,116.57,128.98,3.08
6401.0,13.57,35.68,64.44,140.46,1237.85,602.17,74.44,116.54,228.39,116.91,129.29,2.69
6402.01,16.64,34.17,39.81,140.08,1246.94,598.51,74.35,112.05,228.44,117.1,129.4,2.31
6403.02,11.84,34.54,47.09,151.14,1246.94,597.43,74.53,111.67,228.12,117.41,129.63,2.31
6404.03,12.41,34.07,43.81,138.6,1249.22,598.08,73.45,112.15,228.13,117.75,129.86,2.31
6405.04,10.88,34.26,45.22,134.63,1246.94,597.22,72.98,111.96,228.29,117.83,129.97,2.31
6406.05,11.93,34.97,44.42,136.16,1255.28,599.37,72.79,111.25,228.28,118.02,130.28,2.31
6407.06,11.43,34.31,41.33,136.84,1229.52,591.19,71.05,111.91,228.74,118.21,130.2,2.31
6408.07,12.94,34.78,44.1,132.88,1231.03,593.77,71.76,111.44,229.98,118.36,130.2,2.31
6409.08,11.61,33.79,41.24,141.07,1221.94,592.26,74.91,112.43,230.16,118.51,130.12,1.93
6410.09,13.63,34.5,39.08,147.59,1222.7,590.76,74.67,111.72,230.06,118.47,130.2,1.93
6411.11,12.85,34.27,35.52,146.26,1221.18,595.28,74.3,117.95,230.13,118.7,130.28,1.93
6412.16,14.13,34.19,42.27,146.45,1228.0,593.56,73.87,109.03,230.23,118.82,130.32,1.93
6413.18,13.37,34.59,42.81,131.35,1225.73,593.77,74.11,111.63,230.68,118.93,130.35,1.55
6414.19,11.69,34.26,43.19,135.09,1222.7,591.19,73.21,111.96,231.44,118.93,130.35,1.93
6415.2,13.27,34.83,46.35,134.71,1229.52,592.91,73.45,111.39,231.99,118.86,130.35,2.69
6416.21,12.53,34.73,48.86,135.51,1232.55,592.91,72.41,111.49,232.0,118.89,130.43,2.31
6417.22,14.45,34.87,47.18,146.45,1230.28,592.48,72.89,111.34,231.99,118.97,130.43,2.69
6418.23,11.76,33.79,45.88,140.92,1234.06,593.99,73.83,112.43,232.17,119.05,130.47,2.69
6419.24,13.17,34.97,45.88,137.53,1230.28,592.48,73.78,111.25,232.2,119.16,130.54,2.69
6420.25,11.73,34.64,47.02,138.71,1234.82,596.36,73.17,111.58,231.98,119.31,130.54,2.69
6421.26,11.59,34.78,37.1,152.28,1231.79,591.19,73.83,111.44,232.19,119.39,130.58,2.69
6422.27,12.04,33.6,40.9,152.44,1230.28,590.76,73.03,112.62,232.06,119.5,130.62,2.31
6423.28,11.39,33.98,45.56,146.34,1213.61,588.82,73.92,112.24,232.47,119.54,130.58,2.31
6424.29,13.63,34.5,47.81,150.76,1223.46,592.05,74.3,111.72,232.87,119.58,130.62,2.31
6425.3,12.81,33.67,43.52,174.55,1228.76,595.06,73.5,120.55,233.14,119.62,130.7,1.93
6426.32,14.57,32.94,45.54,143.63,1240.88,595.28,72.65,113.28,233.19,119.73,130.66,1.93
6427.35,16.19,34.4,44.92,138.1,1225.73,589.25,72.7,111.82,233.14,119.77,130.7,1.93
6428.37,15.27,35.72,45.24,140.24,1307.55,605.81,70.62,110.49,228.52,106.85,127.76,6.13
6429.38,14.61,35.39,48.37,136.12,1307.55,606.67,70.58,110.83,228.41,108.94,127.72,6.13
6430.39,13.93,34.97,51.78,136.69,1320.43,612.06,70.95,111.25,228.6,110.62,127.8,6.51
6431.4,14.61,34.73,48.8,127.81,1315.13,610.77,72.79,111.49,228.5,111.88,128.03,6.51
6432.41,12.38,35.25,45.16,129.37,1316.64,612.71,71.85,110.97,229.07,113.37,128.45,6.89
6433.42,14.36,35.72,44.99,133.34,1310.58,609.04,70.58,110.49,229.27,114.28,128.79,6.51
6434.43,15.8,35.01,43.57,135.09,1321.95,610.55,70.95,111.2,229.46,115.08,129.17,6.89
6435.44,15.09,35.72,43.95,138.63,1326.49,611.84,70.25,110.49,228.6,115.73,129.63,6.89
6436.45,10.18,35.06,50.16,139.97,1318.16,607.53,73.59,111.16,227.37,116.38,130.05,7.27
6437.46,10.69,35.11,48.42,139.05,1320.43,607.96,74.16,111.11,228.0,116.8,130.2,7.27
6438.47,13.61,35.35,44.49,133.37,1316.64,604.3,73.4,110.87,227.58,117.18,130.28,7.27
6439.48,18.45,35.35,44.95,134.94,1314.37,605.38,72.65,110.87,227.33,117.33,130.32,7.65
6440.49,11.28,34.97,47.53,144.66,1311.34,606.24,68.27,111.25,227.92,117.64,130.35,7.27
6441.5,10.48,35.2,45.33,141.04,1274.98,596.76,72.23,111.01,228.17,117.79,130.43,6.89
6442.5,11.28,34.68,44.89,137.64,1277.25,601.07,75.24,111.53,228.97,117.75,130.51,7.27
6443.51,14.59,35.53,42.9,137.0,1280.28,599.13,74.91,110.68,228.92,117.98,130.54,7.27
6444.52,11.29,34.0,41.21,159.22,1280.28,602.79,75.15,120.22,228.4,118.21,130.66,7.27
6445.54,10.91,34.4,45.65,137.83,1285.58,600.64,74.96,111.82,228.88,118.21,130.62,6.89
6446.55,14.48,35.68,45.5,131.7,1281.79,598.05,74.58,110.54,228.78,118.21,130.66,6.89
6447.56,15.54,35.11,44.22,132.73,1282.55,598.05,74.58,111.11,228.87,118.32,130.7,6.89
6448.57,17.95,35.35,46.18,124.07,1282.55,596.97,74.77,110.87,228.47,118.36,130.7,6.89
6449.58,15.27,34.92,42.27,128.65,1301.49,601.93,74.02,111.3,228.31,118.47,130.73,6.89
6450.59,14.25,34.97,42.5,135.58,1343.92,616.37,75.95,111.25,228.19,118.55,130.81,6.89
6451.59,14.08,34.87,42.81,132.8,1351.5,619.82,77.26,111.34,229.11,118.59,130.89,6.51
6452.6,16.75,35.39,36.71,126.78,1356.8,618.74,77.5,110.83,228.88,118.66,130.96,6.51
6453.61,14.37,35.72,41.91,120.75,1361.34,621.97,76.04,110.49,229.07,118.82,131.08,6.51
6454.62,15.14,34.92,40.93,120.07,1361.34,621.33,76.65,111.3,229.58,119.01,131.15,6.51
6455.63,13.51,34.5,36.66,124.6,1358.31,622.62,69.68,111.72,230.35,119.12,131.19,6.51
6456.64,10.66,34.07,41.0,141.84,1294.67,605.59,68.18,112.15,230.0,119.31,131.38,6.51
6457.66,14.03,33.93,38.26,137.57,1292.4,601.5,67.99,112.29,228.81,119.01,131.38,6.89
6458.67,12.41,36.57,41.47,134.36,1302.25,600.85,68.08,109.65,226.01,118.78,131.42,6.89
6459.68,17.36,33.74,42.55,115.15,1541.66,669.39,73.31,107.66,225.69,115.92,130.89,7.27
6460.69,17.07,36.34,37.35,122.51,1343.92,620.68,68.79,105.07,226.68,116.72,130.89,7.27
6461.7,13.42,35.77,39.81,134.29,1337.1,626.28,69.68,105.63,227.18,117.25,131.12,7.27
6462.71,16.24,36.29,38.67,123.42,1331.04,626.5,69.26,105.12,227.84,117.64,131.04,7.27
6463.72,13.77,35.49,39.09,117.17,1312.86,617.23,68.6,105.92,227.95,117.98,131.15,7.65
6464.73,15.7,35.44,43.34,120.98,1317.4,616.59,68.18,105.96,228.12,118.13,131.23,7.65
6465.74,13.77,35.96,42.04,124.99,1324.22,616.15,68.84,105.45,228.56,118.25,131.27,7.65
6466.75,14.25,35.3,40.14,111.18,1324.98,613.57,68.6,106.11,228.25,118.05,131.38,8.03
6467.76,13.45,36.2,39.72,120.14,1328.01,612.27,67.47,105.21,227.77,118.02,131.42,8.41
6468.77,13.42,35.82,41.1,122.58,1331.8,610.98,66.62,105.59,228.05,117.9,131.46,8.03
6469.78,12.81,36.29,42.14,114.04,1331.8,608.61,66.57,105.12,228.39,117.86,131.46,8.79
6470.79,9.49,35.16,40.31,119.8,1334.83,611.41,67.52,106.25,227.58,117.71,131.65,8.79
6471.8,14.05,36.34,35.41,120.94,1327.25,615.29,68.55,105.07,227.73,117.9,131.65,8.79
6472.81,12.94,35.87,37.97,125.94,1327.25,619.39,69.4,105.54,227.34,118.05,131.61,8.79
6473.82,12.81,35.39,38.99,124.34,1321.95,619.39,69.49,106.01,228.17,118.25,131.57,9.18
6474.83,13.16,35.25,38.97,117.51,1320.43,619.39,68.55,106.15,228.37,118.44,131.54,9.18
6475.84,16.98,36.24,38.24,121.1,1324.22,619.17,71.33,105.16,228.82,118.59,131.5,9.18
6476.85,13.82,36.53,42.73,125.18,1322.71,620.47,69.64,104.88,228.25,118.59,131.54,9.18
6477.86,16.16,35.91,42.38,118.96,1325.74,619.82,70.2,105.49,228.43,118.47,131.5,9.18
6478.87,14.37,36.1,41.71,117.17,1328.01,618.96,71.52,105.3,228.25,118.44,131.5,9.56
6479.88,13.76,35.68,40.78,110.38,1332.55,619.17,68.84,105.73,227.97,118.32,131.46,9.56
6480.89,15.74,34.88,39.22,117.13,1339.37,619.39,68.74,106.53,228.96,118.32,131.46,9.94
6481.9,16.52,36.34,43.05,117.17,1337.86,618.09,68.93,105.07,229.96,118.21,131.42,9.56
6482.91,17.92,35.21,39.43,114.5,1356.8,618.53,68.22,106.2,229.32,118.25,131.46,9.56
6483.92,17.39,36.39,39.92,127.69,1353.01,619.6,68.65,105.02,229.5,118.25,131.5,9.94
6484.93,16.61,35.06,38.61,120.64,1351.5,622.4,70.44,106.34,229.11,118.32,131.5,9.56
6485.94,14.21,35.25,43.06,119.15,1349.98,621.33,67.8,106.15,229.67,118.32,131.57,9.56
6486.95,17.92,35.91,39.57,118.96,1351.5,618.96,67.85,105.49,229.99,118.36,131.54,9.94
6487.96,19.35,36.29,43.14,120.87,1349.22,616.37,67.8,105.12,229.93,118.4,131.5,9.94
6488.97,18.17,35.77,42.35,126.97,1351.5,616.8,69.92,105.63,230.2,118.51,131.46,9.94
6489.98,21.27,35.44,41.7,117.51,1355.28,617.23,68.93,105.96,230.11,118.51,131.42,9.94
6490.99,16.91,35.77,46.18,127.24,1352.25,621.54,71.61,105.63,229.65,118.7,131.38,9.94
6492.0,15.62,34.48,44.83,145.54,1360.59,632.32,75.38,108.98,227.44,115.31,130.12,10.32
6493.01,12.94,35.66,43.11,137.68,1353.01,628.44,73.36,107.81,227.87,116.19,130.32,10.7
6494.02,13.15,34.81,41.25,132.99,1325.74,617.66,73.26,108.65,228.28,116.68,130.47,10.32
6495.03,12.33,35.89,45.8,143.71,1325.74,616.8,74.02,107.57,229.07,117.06,130.58,10.7
6496.05,12.05,36.27,45.44,140.58,1324.22,617.02,72.89,107.19,229.67,117.41,130.77,10.32
6497.07,12.07,35.94,43.28,133.11,1328.77,611.84,72.32,107.52,228.79,117.71,130.96,10.7
6498.08,11.15,35.23,43.15,145.23,1332.55,612.71,72.6,108.23,228.51,117.83,131.19,11.08
6499.09,11.08,35.28,40.89,133.49,1333.31,615.08,70.91,108.18,230.12,118.02,131.19,10.7
6500.1,11.93,34.38,39.47,133.64,1331.04,617.88,72.13,109.08,230.6,118.32,131.23,10.7
6501.11,14.71,35.71,38.46,138.25,1334.83,615.72,71.99,107.76,230.59,118.47,131.27,10.7
6502.12,14.1,35.14,38.43,144.62,1327.25,615.72,73.07,108.32,230.73,118.55,131.31,10.7
6503.15,12.82,35.52,38.2,135.51,1329.52,617.23,71.05,107.95,230.64,118.63,131.31,10.32
6504.16,11.13,34.48,40.84,141.19,1328.77,618.31,70.01,108.98,230.22,118.78,131.31,10.7
6505.17,12.63,35.71,39.95,135.58,1330.28,618.31,68.69,107.76,230.43,118.89,131.42,10.7
6506.21,11.93,35.99,39.08,145.99,1321.95,615.29,67.61,107.47,230.82,118.97,131.5,10.32
6507.22,14.91,34.71,38.94,145.65,1321.19,612.92,68.65,108.75,231.2,119.08,131.57,10.7
6508.23,12.09,34.9,42.11,139.59,1324.22,614.21,68.13,108.56,231.77,119.24,131.61,10.7
6509.24,13.28,34.53,44.75,140.58,1323.46,614.21,68.84,108.94,231.29,119.39,131.65,10.7
6510.25,13.36,35.19,41.35,141.0,1330.28,609.26,69.21,108.28,230.74,119.31,131.69,11.08
6511.26,11.08,34.67,44.22,134.75,1328.01,612.71,68.18,108.8,229.77,119.5,131.73,11.08
6512.27,12.98,33.72,37.68,137.68,1323.46,613.35,71.57,109.74,228.55,119.43,131.76,11.08
6513.28,16.0,34.86,39.9,136.61,1321.19,615.08,75.05,108.61,228.42,119.47,131.88,11.08
6514.29,14.21,35.47,40.89,144.54,1318.92,613.57,75.1,107.99,228.96,119.58,131.88,11.08
6515.3,12.5,34.67,40.78,143.06,1317.4,611.63,75.43,108.8,229.65,119.69,131.92,11.08
6516.31,14.34,35.19,43.84,134.44,1328.77,613.78,75.71,108.28,229.67,119.58,131.95,11.46
6517.32,12.36,34.43,39.75,135.89,1336.34,613.14,77.08,109.03,229.77,119.62,131.95,11.84
6518.33,15.03,34.9,40.28,139.02,1340.89,614.43,76.65,108.56,229.79,119.54,131.99,11.84
6519.35,14.75,34.57,40.4,137.87,1346.95,613.57,75.38,108.89,230.02,119.5,132.03,11.84
6520.36,16.07,34.86,41.41,132.34,1350.74,615.29,76.18,108.61,229.55,119.43,132.03,11.84
6521.37,15.76,34.71,41.85,139.02,1350.74,614.43,76.75,108.75,229.66,119.43,132.03,12.23
6522.38,14.08,35.0,39.4,148.39,1357.56,610.77,75.95,108.47,229.28,119.39,132.03,12.23
6523.4,24.81,37.55,44.87,152.97,1308.31,601.52,75.48,109.41,228.89,116.91,131.23,12.23
6524.41,17.16,35.38,37.19,152.21,1353.77,614.66,76.28,109.08,228.26,117.22,131.23,12.99
6525.42,15.21,36.14,38.68,151.83,1353.01,617.25,77.17,108.32,228.45,117.44,131.34,12.99
6526.43,16.99,34.68,40.11,141.27,1359.83,617.89,77.41,109.79,228.26,117.64,131.38,13.37
6527.44,16.52,36.0,40.84,136.88,1341.65,613.8,77.41,108.47,228.52,117.75,131.42,13.75
6528.45,14.9,35.2,41.74,150.72,1343.16,609.71,77.5,109.27,228.52,117.9,131.5,13.75
6529.46,14.05,35.43,39.98,148.2,1341.65,610.79,77.45,109.03,228.75,118.09,131.57,13.37
6530.47,18.37,35.2,35.86,145.31,1332.55,610.35,77.88,109.27,228.56,118.13,131.61,13.37
6531.49,24.48,35.48,42.52,153.43,1353.01,615.74,76.42,108.98,229.05,118.28,131.76,14.13
6532.5,21.38,35.81,44.65,135.7,1350.74,612.29,78.77,108.65,228.92,118.32,131.76,13.75
6533.51,17.73,35.29,40.89,146.64,1357.56,616.38,77.64,109.17,229.29,118.36,131.8,14.13
6534.52,18.75,35.95,40.1,138.6,1350.74,615.74,77.88,108.51,228.87,118.4,131.76,13.75
6535.53,13.93,35.48,40.75,130.82,1347.71,615.74,78.16,108.98,228.83,118.44,131.84,13.75
6536.54,18.27,36.38,33.07,143.9,1359.83,602.6,77.26,108.09,228.91,118.47,131.8,14.13
6537.57,32.55,36.66,28.36,158.19,1358.31,601.52,78.44,107.81,228.89,118.4,131.8,13.75
6538.58,26.75,35.76,38.82,155.83,1354.53,603.89,77.92,108.7,228.84,118.44,131.88,14.13
6539.59,27.13,34.77,37.41,161.47,1354.53,607.12,76.89,109.69,228.73,118.36,131.8,13.37
6540.6,26.89,35.24,38.46,152.13,1375.74,617.89,77.64,109.22,228.92,118.4,131.8,13.75
6541.61,21.52,35.15,40.02,157.47,1333.31,606.91,77.74,109.32,228.43,118.44,131.84,13.75
6542.62,15.66,35.67,42.38,148.24,1351.5,615.95,78.21,108.8,228.77,118.55,131.84,13.75
6543.63,16.91,36.14,42.29,144.43,1355.28,616.17,78.35,108.32,229.04,118.7,131.84,13.37
6544.64,12.49,35.53,43.96,138.25,1356.8,620.26,78.3,108.94,229.46,118.7,131.8,12.99
6545.65,14.48,35.34,38.08,141.42,1358.31,619.62,78.16,109.13,229.33,118.82,131.84,13.37
6546.66,15.2,36.42,41.62,142.87,1353.77,618.97,77.22,108.04,229.55,118.86,131.92,13.37
6547.67,14.66,35.67,41.92,137.07,1353.77,618.97,78.16,108.8,229.42,119.05,131.88,12.99
6548.68,19.45,34.49,38.59,140.12,1312.1,633.61,79.9,109.98,227.92,118.97,131.99,12.61
6549.69,16.68,36.0,43.5,135.85,1246.94,640.29,80.0,108.47,227.4,119.69,132.18,12.61
6550.7,14.54,35.81,46.36,133.45,1163.61,624.14,78.58,108.65,227.28,120.49,132.37,12.23
6551.71,18.09,36.66,45.27,141.49,1221.18,608.63,77.08,107.81,228.61,121.33,132.72,12.61
6552.72,9.89,24.92,38.08,154.3,1292.4,588.78,76.61,124.18,211.32,119.2,134.55,2.69
6553.73,6.89,24.96,38.84,140.24,1382.56,598.26,76.84,119.08,212.63,119.31,135.0,3.84
6554.74,5.93,24.73,38.06,146.56,1400.74,616.15,78.07,119.31,212.69,119.85,135.04,4.6
6555.75,13.27,34.33,41.48,141.23,1399.23,621.76,78.21,109.71,212.01,120.27,135.23,4.22
6556.77,4.26,21.3,39.38,141.23,1381.04,629.95,77.45,122.74,213.14,120.88,135.5,4.98
6557.78,11.3,26.07,40.69,133.41,1385.59,618.09,77.03,117.96,213.49,120.8,135.46,5.36
6558.79,6.45,24.92,39.6,136.77,1362.86,609.26,76.75,119.12,214.38,120.65,135.42,5.36
6559.8,6.92,25.38,41.73,134.9,1407.56,617.23,77.64,118.66,214.72,120.42,135.46,5.74
6560.81,6.46,25.43,39.37,134.4,1412.1,620.03,77.36,118.61,215.27,120.57,135.73,5.74
6561.82,9.55,30.29,39.25,141.38,1403.01,615.51,78.02,113.74,215.45,120.69,135.58,6.13
6562.83,7.43,28.62,36.89,141.23,1471.2,640.73,79.2,115.41,216.03,120.69,135.35,6.13
6563.84,8.3,30.2,48.36,145.5,1798.49,726.73,85.69,113.84,215.77,121.37,135.61,6.51
6564.85,8.98,30.43,40.9,132.5,1790.16,724.14,85.74,113.61,215.86,121.98,135.92,6.51
6565.86,9.5,30.06,39.02,135.78,1787.88,722.2,83.72,113.98,216.3,122.29,136.11,6.51
6566.87,9.49,29.92,40.9,131.7,1803.04,723.28,84.61,114.12,215.98,122.71,136.3,6.51
6567.88,6.73,25.89,40.05,130.55,1800.76,727.37,86.59,118.15,216.06,123.01,136.49,6.13
6568.89,8.86,26.17,38.59,131.01,1802.28,725.22,87.01,117.87,216.4,123.28,136.61,6.13
6569.9,8.71,25.84,41.28,130.29,1792.43,727.37,87.39,118.2,217.41,123.39,136.64,6.51
6570.91,9.14,26.35,40.65,138.1,1787.88,729.74,86.73,117.69,217.23,123.54,136.64,6.51
6571.92,9.57,25.61,38.71,134.75,1777.28,731.82,86.59,118.43,216.23,122.25,135.88,6.51
6572.93,9.15,25.29,40.78,125.52,1784.1,728.81,85.13,118.75,214.93,122.63,136.07,6.13
6573.95,18.66,35.76,42.11,137.38,1800.01,726.44,86.78,108.27,214.69,122.93,136.15,6.51
6574.96,3.67,17.08,40.27,133.37,1747.73,728.59,86.02,126.96,214.27,123.35,136.49,6.51
6575.98,13.55,26.31,40.19,129.18,1753.03,440.0,85.98,117.73,214.38,123.62,136.57,6.13
6576.99,7.49,26.58,43.82,135.05,1682.58,1549.14,87.11,117.45,213.45,124.38,136.76,6.51
6578.0,9.06,26.49,41.85,135.85,1274.98,612.51,78.02,117.55,213.77,124.61,136.57,6.51
6579.01,14.04,34.37,42.97,133.37,1391.65,633.18,80.42,109.67,213.41,123.58,136.42,6.51
6580.02,13.61,35.49,42.62,129.07,1794.7,735.27,87.25,108.55,213.15,123.28,136.45,6.13
6581.03,12.19,35.35,41.04,127.62,1381.8,616.17,77.36,108.69,214.54,123.2,136.38,6.13
6582.04,11.6,35.07,41.5,130.4,1300.73,590.76,74.58,108.97,215.51,122.82,136.11,6.51
6583.07,10.36,35.76,40.1,129.71,1304.52,588.82,74.77,108.27,215.14,122.21,135.81,6.51
6584.08,10.48,34.79,41.79,127.73,1822.73,727.73,80.8,109.25,214.55,122.4,136.11,6.51
6585.09,12.63,34.23,40.93,122.93,1815.16,727.94,82.07,109.8,214.16,123.05,136.57,6.89
6586.1,10.29,35.23,41.62,145.54,1782.58,724.14,86.49,109.57,214.17,121.1,135.23,7.65
6587.11,11.39,36.02,40.9,139.89,1784.85,721.12,84.94,108.78,214.68,121.87,135.39,7.65
6588.12,10.36,34.69,40.02,141.72,1798.49,721.98,84.75,109.11,216.4,122.02,135.69,7.65
6589.13,11.58,35.43,40.97,141.61,1792.43,720.04,84.28,108.37,217.75,122.48,136.03,8.03
6590.15,12.38,35.25,41.39,145.95,1744.7,711.58,83.58,108.55,216.72,120.8,135.61,8.41
6591.16,12.74,36.08,42.15,139.78,1701.52,699.52,83.58,107.72,217.43,121.6,135.69,8.03
6592.17,10.98,35.76,41.57,141.3,1707.58,703.39,83.48,108.04,218.5,121.98,135.81,8.41
6593.17,12.54,35.34,39.17,142.75,1701.52,701.02,83.2,108.46,220.94,122.13,135.81,8.41
6594.19,13.22,35.76,39.02,140.27,1690.91,705.12,83.81,108.04,221.43,122.29,135.88,8.41
6595.2,11.96,35.2,37.03,138.63,1694.7,704.25,83.95,108.6,221.6,122.44,135.92,8.41
6596.21,12.16,35.43,37.86,142.49,1687.12,704.68,82.54,108.37,221.17,122.67,136.0,8.79
6597.22,12.2,35.71,37.97,148.36,1671.97,707.05,83.34,108.09,221.02,123.05,136.07,8.79
6598.23,12.28,35.15,38.4,141.19,1658.33,709.42,82.3,108.65,221.11,123.43,136.19,8.79
6599.23,11.68,34.64,41.06,141.99,1604.54,702.53,75.95,109.16,220.57,123.89,136.34,9.18
6600.24,14.26,35.39,40.59,141.61,1616.66,700.81,80.33,108.41,220.71,123.89,136.42,9.18
6601.25,13.51,35.06,41.41,138.71,1640.15,699.3,81.03,108.74,221.82,123.93,136.53,9.18
6602.26,13.66,35.48,38.75,145.27,1673.48,701.02,80.61,108.32,221.79,123.85,136.64,9.56
6603.27,12.7,34.78,38.99,141.27,1673.48,701.24,80.66,109.02,222.05,123.89,136.68,9.56
6604.28,14.49,35.11,40.48,134.97,1680.3,699.09,80.23,108.69,222.02,123.85,136.68,9.56
6605.29,13.87,35.15,39.26,142.49,1686.36,699.09,80.04,108.65,222.35,123.89,136.87,9.94
6606.3,12.67,35.53,41.51,137.11,1687.12,698.01,81.69,108.27,222.42,124.0,136.87,9.56
6607.31,15.53,35.57,39.86,138.02,1696.21,696.5,81.03,108.23,222.69,123.96,136.95,9.94
6608.32,11.11,35.2,37.82,142.94,1690.15,699.52,81.64,108.6,221.93,124.12,137.14,9.94
6609.33,13.92,35.43,32.45,135.28,1687.12,698.65,82.02,108.37,223.24,124.27,137.1,9.94
6610.34,11.85,35.25,40.31,139.47,1663.63,700.81,80.33,108.55,223.38,124.23,137.06,10.32
6611.35,13.36,35.2,39.57,136.8,1671.97,701.02,81.69,108.6,223.46,124.38,137.06,10.32
6612.36,11.43,34.23,37.13,145.12,1670.45,701.89,83.1,109.57,223.48,124.46,137.06,10.32
6613.37,12.27,34.78,38.65,138.33,1670.45,700.81,81.41,109.02,223.56,124.46,137.06,10.7
6614.38,11.32,34.88,37.06,149.54,1682.58,701.45,78.16,108.92,223.55,124.42,137.14,10.7
6615.39,11.09,35.11,35.8,140.43,1675.76,698.22,81.69,108.69,223.41,124.35,137.14,10.7
6616.4,12.11,35.15,32.3,149.31,1689.39,697.15,81.64,108.65,223.65,124.27,137.29,10.7
6617.4,11.04,34.9,39.22,144.24,1656.06,690.26,80.75,108.09,224.11,122.48,136.49,11.08
6618.41,13.16,36.47,25.23,198.87,1666.67,696.72,81.41,106.51,224.42,122.9,136.49,11.46
6619.43,28.33,35.31,38.38,151.18,1647.72,687.89,80.23,107.67,224.53,123.47,136.72,11.46
6620.44,14.14,34.99,42.01,132.31,1696.21,699.3,78.16,108.0,224.65,123.66,136.91,11.46
6621.45,13.88,35.78,42.85,150.26,1691.67,698.44,80.8,107.21,224.44,123.93,136.91,11.46
6622.46,14.48,36.33,42.27,138.29,1684.85,695.42,81.08,106.65,225.09,124.04,136.95,11.46
6623.47,19.17,35.82,38.14,148.2,1725.0,691.55,80.7,107.16,224.71,124.04,136.91,11.46
6624.48,16.84,35.68,40.87,145.5,1691.67,694.35,81.5,107.3,224.75,124.12,136.87,11.46
6625.49,16.01,35.59,42.46,141.42,1691.67,698.01,81.22,107.39,224.9,124.23,136.99,11.84
6626.5,13.43,35.55,42.24,139.74,1681.06,696.93,82.49,107.44,225.09,124.42,136.95,11.84
6627.51,15.08,35.17,38.64,135.55,1683.33,695.64,82.68,107.81,225.1,124.5,136.04,11.46
6628.52,13.07,35.87,39.28,141.53,1685.61,693.7,84.09,107.12,223.82,124.5,136.63,11.84
6629.53,13.58,35.22,36.39,143.71,1714.4,699.3,84.28,107.76,223.44,124.46,136.17,11.84
6630.54,11.89,35.78,38.26,149.04,1702.27,695.64,84.14,107.21,222.6,124.57,136.01,11.84
6631.55,16.16,35.59,38.81,150.87,1699.24,695.64,83.62,107.39,222.3,124.57,136.1,11.84
6632.56,12.75,35.04,39.6,149.42,1700.0,696.07,83.62,107.95,222.2,124.73,136.18,11.84
6633.57,14.71,35.04,39.03,154.72,1703.79,694.56,84.56,107.95,221.98,124.69,136.12,11.84
6634.58,14.81,33.78,44.4,162.77,1706.82,693.92,85.04,109.2,221.55,124.65,136.88,11.84
6635.59,18.75,34.94,42.58,148.74,1712.12,693.49,84.66,108.04,221.09,124.61,136.15,11.84
6636.6,21.06,34.8,41.39,153.54,1724.24,692.19,84.47,108.18,221.05,124.65,136.11,11.84
6637.61,20.18,34.15,38.75,149.04,1712.12,694.78,84.0,108.83,220.76,124.65,136.34,11.84
6638.62,19.87,35.96,43.05,142.14,1717.43,694.35,83.76,107.02,221.05,124.69,136.38,11.84
6639.63,15.47,35.96,42.58,146.49,1703.03,693.27,79.81,107.02,220.84,124.69,136.45,11.84
6640.64,13.41,36.1,42.56,138.14,1702.27,695.42,80.51,106.88,220.84,124.61,136.53,11.84
6641.65,13.41,36.29,42.08,144.96,1714.4,695.86,79.71,106.7,220.75,124.69,136.68,11.84
6642.66,13.02,35.41,41.24,135.43,1703.79,696.07,82.12,107.58,220.47,124.69,136.68,11.84
6643.67,11.36,35.59,40.93,136.16,1701.52,693.92,82.92,107.39,220.16,124.69,136.8,11.84
6644.68,9.55,36.15,39.51,136.12,1709.09,696.07,82.63,106.84,220.11,124.76,136.76,11.84
6645.69,12.11,35.13,37.79,138.98,1711.36,695.42,75.99,107.86,220.12,124.73,136.91,12.23
6646.7,13.69,36.33,35.26,140.88,1710.61,693.92,76.04,106.65,220.27,124.57,136.99,11.84
6647.71,15.66,34.85,36.27,149.08,1728.79,692.84,80.33,108.14,221.74,122.9,137.06,11.84
6648.72,16.67,33.95,37.51,150.76,1728.03,694.78,79.34,110.04,219.22,121.3,136.07,11.84
6649.73,15.87,35.15,39.89,168.18,1715.91,695.21,78.49,108.83,219.49,122.06,136.19,12.23
6650.74,12.28,35.39,40.2,153.54,1712.88,698.22,79.34,108.6,219.47,122.67,136.26,12.23
6651.75,11.28,35.53,40.89,157.81,1706.82,697.58,77.59,108.46,219.83,123.2,136.42,12.23
6652.76,13.59,35.66,40.86,161.43,1716.67,701.02,77.5,108.32,219.76,123.43,136.49,12.23
6653.77,9.93,35.66,43.0,151.67,1716.67,699.09,79.01,108.32,219.84,123.77,136.72,12.23
6654.78,9.73,35.29,41.95,147.1,1726.52,699.09,74.58,108.69,219.82,124.08,136.8,12.23
6655.79,9.58,35.15,38.03,152.82,1730.31,698.44,74.67,108.83,220.62,124.35,136.91,12.23
6656.8,12.7,35.15,36.95,147.98,1746.22,696.5,75.19,108.83,219.94,124.42,136.91,12.23
6657.81,15.2,35.9,40.3,153.47,1730.31,696.93,78.02,108.09,219.89,124.54,137.03,12.23
6658.81,11.84,35.2,38.82,147.02,1727.27,697.79,79.81,108.78,220.14,124.54,137.06,11.84
6659.82,12.88,35.2,38.35,143.13,1721.21,696.93,81.6,108.78,219.92,124.54,137.14,12.23
6660.83,10.18,34.74,40.19,141.99,1725.76,698.65,82.73,109.25,220.07,124.69,137.14,12.23
6661.84,11.96,35.2,39.51,146.18,1725.0,696.29,82.16,108.78,218.27,125.03,137.22,11.84
6662.85,11.35,34.69,41.06,141.3,1720.46,696.29,82.4,109.29,217.45,125.07,137.29,12.23
6663.86,13.61,36.04,39.76,156.02,1727.27,695.86,83.2,107.95,216.72,124.88,137.37,12.23
6664.87,11.31,34.13,42.29,145.88,1720.46,698.22,84.0,109.85,216.64,124.76,137.37,12.23
6665.88,13.82,35.43,36.02,159.41,1724.24,694.99,83.25,108.55,216.46,124.61,137.37,12.23
6666.89,14.05,34.78,45.01,168.14,1726.52,696.29,83.39,109.2,216.34,124.61,137.33,12.23
6667.9,13.46,33.58,40.78,145.99,1727.27,699.52,84.19,110.41,216.28,124.61,137.37,12.23
6668.91,16.01,32.74,43.0,148.59,1716.67,696.93,83.72,111.24,216.41,124.61,137.33,12.23
6669.92,13.61,33.67,42.49,150.91,1728.03,698.01,82.96,110.31,216.88,124.69,137.33,12.23
6670.93,14.03,34.32,40.36,153.31,1711.36,698.44,83.25,109.67,216.49,124.76,137.29,11.84
6671.94,8.88,30.01,46.36,181.22,1699.24,701.45,83.76,113.98,215.76,124.8,137.29,11.84
6672.95,14.75,31.07,41.57,174.93,1693.18,698.22,83.48,112.91,215.25,124.76,137.33,11.84
6673.96,16.85,32.17,46.74,181.49,1689.39,705.98,83.43,121.81,214.51,125.22,137.44,11.08
6674.97,11.14,31.86,44.99,185.11,1710.61,699.73,83.48,112.12,214.69,125.22,137.48,11.08
6675.98,14.48,32.19,44.31,168.45,1711.36,700.16,83.95,111.8,214.29,125.3,137.41,10.32
6676.99,11.15,35.11,43.26,170.24,1721.21,698.44,83.43,108.88,214.21,125.41,137.48,10.32
6678.0,13.76,33.62,46.1,168.11,1717.43,699.95,83.58,110.36,214.2,125.49,137.56,10.32
6679.01,10.86,34.69,43.58,170.13,1713.64,698.44,81.41,109.29,214.42,125.6,137.56,9.94
6680.02,11.59,33.9,45.24,164.71,1712.12,696.29,81.5,110.08,214.02,125.72,137.67,9.94
6681.03,12.65,35.79,43.6,176.0,1669.7,683.36,81.46,113.33,209.45,107.19,132.3,8.79
6682.04,8.76,35.05,43.38,174.85,1698.49,686.59,79.95,114.07,209.41,113.9,132.18,9.18
6683.05,9.92,34.58,43.78,177.83,1714.4,691.12,81.88,114.53,209.44,117.14,132.83,8.79
6684.06,9.08,34.68,43.87,184.31,1711.36,691.33,81.46,114.44,209.79,119.35,133.71,8.79
6685.07,7.85,34.86,43.29,180.72,1706.06,691.33,76.98,114.25,210.0,121.18,134.81,8.41
6686.08,9.93,35.33,44.31,177.14,1707.58,688.1,78.87,113.79,211.79,122.17,135.58,8.41
6687.09,10.63,36.62,46.15,182.33,1696.97,689.65,77.59,112.49,216.42,120.23,134.62,8.03
6688.1,9.87,35.7,43.76,185.87,1712.88,694.61,74.91,113.42,219.39,121.26,134.51,8.03
6689.11,9.34,33.33,48.4,183.62,1698.49,689.22,75.57,115.78,221.6,121.83,134.85,7.65
6690.12,9.86,34.54,44.87,174.89,1689.39,687.5,79.95,114.58,224.1,122.21,135.12,6.89
6691.13,8.28,34.12,43.87,171.5,1688.64,689.87,80.99,115.0,223.81,123.05,135.39,6.51
6692.14,9.66,34.86,44.42,174.24,1659.09,693.75,82.26,114.25,222.91,123.62,135.69,6.13
6693.15,9.5,34.35,44.61,171.57,1667.42,701.29,81.17,114.76,223.06,123.24,135.27,4.98
6694.16,9.08,35.09,45.24,168.33,1666.67,701.29,81.5,114.02,222.85,123.96,135.39,4.6
6695.17,9.04,34.21,45.34,173.82,1654.54,700.21,81.69,114.9,222.93,124.42,135.58,4.6
6696.18,10.69,35.93,45.8,171.27,1663.63,697.63,80.89,113.19,222.67,124.69,135.77,4.22
6697.19,9.44,35.6,44.6,170.89,1661.36,693.53,81.41,113.51,223.01,124.92,136.03,3.84
6698.2,11.53,35.14,44.77,171.42,1659.09,692.45,82.12,113.98,222.57,124.99,136.22,3.84
6699.21,10.54,35.05,44.4,161.85,1671.21,691.38,82.3,114.07,222.44,124.99,136.57,3.46
6700.21,9.14,35.28,44.49,168.75,1676.51,703.66,82.92,113.84,224.19,125.3,136.64,3.08
6701.22,9.55,35.56,43.46,169.82,1665.15,704.52,83.34,113.56,225.21,125.49,136.76,3.08
6702.23,8.62,35.74,44.37,173.44,1659.85,702.8,81.97,113.37,225.29,125.76,136.83,2.69
6703.24,8.99,35.33,45.71,180.65,1681.82,703.66,81.17,113.79,225.63,125.83,136.87,2.31
6704.25,9.54,35.33,47.69,169.33,1673.48,705.82,81.55,113.79,226.54,125.95,136.91,2.31
6705.26,8.8,35.37,46.62,174.47,1665.15,703.23,81.55,113.74,226.75,126.06,136.99,1.93
6706.27,8.06,35.42,46.17,173.86,1660.6,703.02,82.12,113.7,225.82,126.25,137.22,1.93
6707.28,9.54,36.3,46.45,168.03,1670.45,704.52,81.27,112.82,226.7,126.33,137.25,1.93
6708.29,12.27,36.16,44.77,177.14,1690.91,699.35,80.7,112.96,227.14,126.56,137.25,1.55
6709.3,20.57,34.72,47.26,181.75,1690.91,701.51,79.95,114.39,227.12,126.48,137.37,1.55
6710.31,27.58,35.37,46.71,196.78,1703.03,699.35,79.9,113.74,227.44,126.56,137.33,1.55
6711.36,16.81,31.94,42.97,214.27,1684.09,706.25,82.49,117.18,227.06,126.48,137.41,1.93
6712.4,21.95,21.84,45.47,186.67,1653.79,710.99,80.28,127.28,227.04,126.59,137.41,1.93
6713.41,16.56,33.15,47.29,180.08,1637.88,696.12,75.95,115.97,221.69,124.54,136.83,1.55
6714.42,11.51,35.05,46.56,173.14,1634.85,700.65,77.64,114.07,221.13,125.11,137.03,1.55
6715.43,9.54,34.17,47.43,174.7,1640.91,702.15,77.12,114.95,221.29,125.57,137.14,1.55
6716.44,8.77,34.31,44.34,177.26,1628.78,699.14,78.77,114.81,220.84,126.1,137.29,1.17
6717.45,9.41,33.15,48.1,170.47,1632.57,702.37,77.03,115.97,220.73,126.48,137.48,1.55
6718.46,11.44,35.47,44.72,167.91,1640.15,698.49,77.92,113.65,220.65,126.59,137.56,1.17
6719.47,11.53,35.09,47.02,173.4,1607.57,702.8,78.72,114.02,220.48,126.71,137.6,1.17
6720.48,8.27,35.09,46.24,182.52,1496.2,715.73,79.9,114.02,217.54,127.47,137.75,1.55
6721.48,17.13,33.15,49.13,164.79,1637.12,700.81,80.37,115.97,217.04,126.82,138.02,1.17
6722.49,14.65,34.96,44.8,164.18,1653.03,699.3,71.52,114.16,218.35,127.01,138.13,1.55
6723.5,10.17,34.77,48.54,167.23,1633.33,697.58,80.75,114.35,218.93,127.2,138.28,1.17
6724.51,8.56,34.54,44.83,161.78,1634.85,698.87,79.76,114.58,218.6,127.24,138.28,1.55
6725.52,7.73,34.96,49.15,159.76,1626.51,693.06,79.57,114.16,217.16,126.98,138.36,1.55
6726.53,9.34,35.23,43.15,159.37,1622.72,693.92,78.68,113.88,216.85,127.05,138.28,1.55
6727.54,9.34,34.72,42.91,157.51,1615.15,999.91,78.11,114.39,217.63,127.17,138.17,1.55
6728.55,10.56,34.68,41.01,158.31,1627.27,691.55,80.99,114.44,218.32,126.86,138.25,1.55
6729.56,8.22,34.68,41.97,163.34,1628.78,694.13,83.06,114.44,218.59,126.9,138.21,1.55
6730.57,9.77,36.21,45.68,167.34,1636.36,694.78,83.48,112.91,218.65,126.9,138.21,1.55
6731.58,9.01,35.23,44.55,175.54,1625.0,694.13,82.68,113.88,219.62,126.9,138.17,1.55
6732.59,10.01,35.51,47.72,168.91,1643.18,696.07,82.3,113.61,219.47,127.01,138.17,1.55
6733.6,8.67,35.09,47.09,171.84,1650.0,696.93,82.16,114.02,216.41,127.01,138.25,1.93
6734.61,10.42,35.79,46.12,163.8,1629.54,695.64,83.86,113.33,214.79,126.67,138.25,2.31
6735.62,9.06,35.47,44.81,170.13,1592.42,702.75,83.86,113.65,214.3,126.75,138.25,2.31
6736.63,8.61,35.14,43.54,168.03,1610.6,698.87,83.15,113.98,215.16,127.01,138.28,2.31
6737.63,10.35,36.16,44.89,167.53,1612.87,695.21,83.25,112.96,217.09,127.24,138.28,2.31
6738.64,8.83,35.14,43.63,174.36,1626.51,695.21,83.43,113.98,218.41,127.09,138.36,2.69
6739.65,10.01,35.56,45.24,180.19,1646.97,698.22,82.49,113.56,219.75,127.13,138.25,2.69
6740.66,7.69,35.05,46.1,172.26,1656.06,694.56,81.97,114.07,218.58,126.79,138.4,2.69
6741.67,7.45,34.12,42.62,163.23,1668.18,700.38,83.58,115.0,217.85,126.82,138.59,2.69
6742.68,7.57,35.28,45.16,165.47,1647.72,701.45,83.06,113.84,218.22,126.98,138.59,2.31
6743.69,7.1,35.23,43.66,163.57,1638.63,701.89,82.02,113.88,219.55,127.01,138.51,2.31
6744.7,7.81,34.72,44.72,162.58,1646.21,702.32,82.21,114.39,219.99,127.05,138.44,2.69
6745.7,8.43,34.68,46.88,179.92,1686.36,694.18,78.11,114.44,219.45,123.93,137.03,2.31
6746.71,7.22,35.0,46.55,171.27,1657.57,690.95,76.65,114.12,220.44,124.99,137.14,2.31
6747.72,7.25,34.72,47.15,169.06,1631.81,688.82,77.03,114.39,221.06,125.57,137.41,2.69
6748.73,7.05,35.0,46.68,176.34,1651.51,695.5,78.58,114.12,221.79,126.02,137.64,2.69
6749.74,8.09,36.44,46.47,171.19,1663.63,695.93,77.78,112.68,222.16,126.25,137.71,2.69
6750.75,5.95,35.88,46.87,170.96,1646.21,692.7,77.64,113.23,222.86,126.48,137.86,2.69
6751.76,7.6,36.81,46.2,166.28,1660.6,692.48,78.3,112.31,223.84,126.48,137.98,2.31
6752.77,6.46,35.56,42.68,172.45,1674.24,698.3,78.91,113.56,224.12,126.56,138.13,2.69
6753.78,8.45,35.51,45.92,164.64,1664.39,696.36,78.77,113.61,224.75,126.67,138.25,2.69
6754.79,7.92,36.76,47.03,168.03,1665.15,698.73,79.67,112.35,225.07,126.75,138.28,3.08
6755.8,7.33,36.11,45.83,168.56,1665.91,696.79,80.75,113.0,225.46,126.86,138.28,2.69
6756.81,6.69,35.93,47.03,158.54,1661.36,696.36,80.18,113.19,226.06,126.82,138.36,3.08
6757.81,7.45,35.79,42.55,158.15,1675.0,698.08,83.2,113.33,226.58,126.82,138.47,3.46
6758.82,8.24,36.81,43.34,159.18,1678.79,698.73,83.1,112.31,226.19,126.82,138.51,3.46
6759.83,8.26,36.86,40.77,165.7,1696.21,696.14,82.12,112.26,225.55,126.86,138.66,3.84
6760.84,11.39,37.27,44.34,167.42,1689.39,697.87,82.92,111.84,226.1,126.9,138.7,4.22
6761.85,10.14,37.37,43.67,160.56,1690.15,697.0,81.13,111.75,226.35,126.86,138.74,4.6
6762.86,10.81,36.35,43.19,163.07,1691.67,697.87,81.27,112.77,226.62,126.82,138.78,4.6
6763.87,10.47,37.6,44.43,162.27,1691.67,699.37,82.3,111.52,226.81,126.79,138.78,4.98
6764.88,12.41,37.18,45.06,157.35,1696.21,698.08,83.01,111.94,228.58,126.59,138.78,5.36
6765.89,10.59,36.72,43.79,168.75,1696.21,700.23,81.88,112.4,229.59,126.52,138.74,5.74
6766.9,11.39,37.09,43.54,153.31,1691.67,701.1,82.73,112.03,228.75,126.63,138.78,6.13
6767.91,12.44,36.81,41.79,144.2,1682.58,700.02,82.68,112.31,230.3,126.52,138.78,6.13
6768.92,11.39,36.62,45.24,161.28,1683.33,700.23,82.82,112.49,235.08,125.72,138.78,6.13
6769.93,13.02,37.0,46.82,163.07,1691.67,700.45,82.68,112.12,238.88,125.22,138.7,6.89
6770.94,11.36,35.98,37.32,153.39,1685.61,700.02,83.15,113.14,240.97,124.8,138.59,6.89
6771.95,10.62,36.16,38.58,162.27,1701.52,699.59,81.97,112.96,244.47,124.08,138.47,6.89
6772.96,11.08,36.11,41.13,154.0,1709.09,696.36,82.87,113.0,243.22,124.42,138.25,7.27
6773.96,10.47,36.81,43.9,156.82,1709.85,693.78,83.29,112.31,242.4,124.61,138.13,7.65
6774.97,9.98,36.62,44.16,159.53,1705.3,697.44,83.48,112.49,242.6,124.69,138.09,7.65
6775.98,11.54,35.78,36.08,149.35,1715.15,690.5,82.68,110.27,234.65,120.53,136.07,9.56
6776.99,8.91,35.04,38.7,152.82,1718.18,694.37,82.21,111.01,233.25,121.26,136.3,9.56
6778.0,10.42,36.02,42.46,151.33,1709.09,691.15,81.5,110.04,232.98,121.71,136.42,9.94
6779.01,9.15,34.67,41.16,144.39,1717.43,693.08,81.08,111.38,232.73,122.1,136.64,9.94
6780.02,9.6,35.18,45.56,154.23,1715.91,692.22,81.69,110.87,233.1,122.52,136.8,9.94
6781.03,8.1,34.67,41.76,143.21,1709.09,702.55,81.13,111.38,234.43,122.86,136.8,10.32
6782.04,9.44,35.41,42.88,145.08,1652.27,712.87,81.88,110.64,233.43,123.43,136.8,9.94
6783.05,8.48,34.9,47.96,147.82,1582.57,700.61,82.12,111.15,231.31,124.12,136.99,10.32
6784.06,9.22,35.83,42.71,156.59,1589.39,695.66,81.27,110.22,231.52,124.23,137.14,9.94
6785.07,7.87,34.9,40.6,152.13,1576.51,707.93,80.89,111.15,231.36,124.38,137.18,9.94
6786.08,9.54,33.98,37.59,147.17,1609.09,698.68,79.95,112.08,231.72,124.27,137.22,9.94
6787.09,9.3,36.06,43.54,138.67,1625.75,694.37,80.23,109.99,232.1,124.12,137.14,10.32
6788.09,8.93,35.41,38.61,152.82,1649.24,695.45,82.68,110.64,230.73,124.19,137.52,10.32
6789.1,9.46,34.72,38.59,152.05,1653.03,690.93,83.53,111.33,229.92,124.42,137.6,10.32
6790.11,8.96,35.83,44.37,150.49,1647.72,696.53,82.68,110.22,230.72,124.04,137.48,9.94
6791.12,8.78,36.15,38.61,155.41,1641.66,700.18,83.62,109.9,230.29,124.35,137.6,10.32
6792.13,8.26,34.95,43.28,148.55,1638.63,700.4,83.58,111.1,230.98,124.38,137.41,9.94
6793.14,9.41,34.39,38.03,154.61,1643.94,699.54,83.25,111.66,229.64,124.27,137.29,9.94
6794.15,8.09,35.04,41.41,152.25,1655.3,701.9,82.3,111.01,229.13,124.08,137.18,10.32
6795.16,9.37,35.18,41.5,149.16,1660.6,694.8,81.08,110.87,229.06,124.0,137.18,9.94
6796.17,7.88,36.11,42.01,145.04,1663.63,699.75,82.02,109.94,228.26,123.85,137.22,10.32
6797.18,9.44,34.81,44.61,142.98,1663.63,697.39,81.13,111.24,227.92,123.77,137.22,9.94
6798.19,9.07,35.97,41.47,148.36,1656.82,698.46,81.31,110.08,228.16,123.85,137.18,9.94
6800.0,7.92,34.72,35.0,154.27,1593.18,682.97,81.08,111.33,229.45,123.32,136.91,9.94
6800.23,12.54,6.35,47.0,198.34,371.89,281.52,45.1,133.45,213.68,98.69,123.53,1.17
6801.25,2.28,10.06,60.72,197.39,480.23,281.09,46.28,129.74,212.75,104.29,123.57,1.17
6802.25,3.15,12.19,65.29,198.03,526.45,280.87,48.54,127.61,210.91,103.99,121.09,1.17
6803.26,1.26,13.21,70.12,209.36,494.63,280.87,44.72,126.59,215.17,103.26,121.62,1.93
6804.27,1.33,12.84,71.53,183.43,494.63,280.66,45.85,126.96,213.29,103.45,122.16,2.31
6805.28,0.91,11.82,70.66,169.63,509.78,280.87,46.42,127.98,208.84,104.41,122.88,3.46
6806.29,1.18,13.03,74.28,168.94,454.47,281.09,46.14,126.77,206.15,103.76,122.88,6.13
6807.3,1.53,12.56,83.37,271.54,396.14,281.52,46.56,127.24,205.19,103.45,122.88,8.41
6808.31,2.03,12.7,79.6,251.83,421.9,289.27,46.14,127.1,205.92,103.22,122.54,9.56
6809.33,2.62,21.0,83.82,246.41,430.23,281.73,46.42,118.8,212.83,101.78,119.34,10.32
6810.34,1.29,13.49,81.69,253.01,459.02,282.81,51.69,126.31,213.68,101.05,120.67,10.7
6811.35,1.0,12.29,79.0,243.9,514.32,291.85,52.07,127.51,211.75,101.36,120.59,11.08
6812.36,1.8,14.09,91.04,273.71,509.02,296.59,51.98,125.71,211.84,101.51,120.71,11.08
6813.39,1.0,16.04,37.12,133.64,999.2,708.48,63.47,134.7,180.16,115.23,134.89,9.94
6814.4,9.74,21.0,37.22,129.71,1032.54,704.18,65.96,129.74,180.59,115.2,134.74,9.94
6815.41,9.45,22.53,34.26,128.95,1049.2,692.99,67.23,128.21,180.26,115.08,134.62,10.32
6816.42,11.88,24.06,33.94,129.52,1133.3,698.15,65.21,126.68,180.21,114.93,134.55,9.94
6817.43,12.94,23.41,34.62,129.98,1085.57,690.62,63.23,127.33,180.4,114.85,134.39,9.94
6818.44,12.66,23.5,37.06,123.46,1092.39,700.09,61.49,127.24,180.06,114.74,134.24,9.94
6819.45,13.72,23.41,33.5,129.98,1099.21,697.29,62.24,127.33,180.14,114.62,134.13,9.94
6820.46,14.89,23.13,34.38,130.29,1124.97,689.55,64.83,127.61,180.27,114.51,134.17,10.32
6821.47,13.82,23.74,33.8,129.68,1107.54,689.98,65.54,127.0,180.54,114.36,134.13,10.32
6822.48,11.99,23.69,36.39,133.11,1095.42,694.5,63.56,127.05,180.21,114.28,134.01,10.32
6823.59,18.47,31.29,0.0,68.18,978.75,638.99,57.3,119.45,178.54,113.94,134.2,9.94
6824.65,10.12,29.67,0.0,27.77,1067.39,661.15,63.04,121.07,179.38,113.75,134.28,9.94
6825.66,11.47,33.29,0.0,29.18,1001.47,669.75,63.7,117.45,179.56,113.86,134.39,9.94
6826.67,10.56,36.16,0.0,28.99,947.68,693.42,62.43,114.58,180.73,114.09,134.66,9.94
6827.68,13.3,37.78,0.0,29.1,936.32,694.28,59.09,112.96,182.1,114.2,134.85,9.94
6828.69,6.5,31.01,0.0,29.67,966.62,695.79,66.72,119.73,187.07,113.9,134.89,9.94
6829.7,9.59,32.13,0.0,30.13,995.41,705.9,60.22,118.61,190.63,113.67,134.78,9.94
6830.71,7.83,28.51,0.0,30.59,949.2,707.62,62.43,122.23,194.57,113.48,134.66,9.94
6831.72,9.99,31.34,0.0,30.78,969.65,702.46,68.93,119.4,197.84,113.4,134.59,9.56
6832.74,15.38,24.39,40.14,123.65,1619.69,635.12,69.26,126.35,202.65,114.32,135.35,9.94
6833.75,13.31,25.13,36.71,119.69,1587.12,631.46,80.42,125.61,203.03,115.58,137.14,9.94
6834.76,16.53,25.54,37.13,111.15,1581.05,642.01,77.74,125.2,203.42,116.57,137.67,9.94
6835.77,14.38,24.76,37.38,116.37,1552.26,629.3,83.48,125.98,204.01,117.52,137.33,10.32
6836.78,15.02,24.43,36.54,119.72,1605.3,637.27,74.53,126.31,204.19,118.17,137.22,9.94
6837.79,15.73,24.34,36.14,114.16,1574.24,622.84,78.58,126.4,204.54,118.66,136.95,9.94
6838.8,16.08,26.8,35.54,117.44,1611.36,633.18,77.36,123.94,204.73,118.93,136.99,9.94
6839.81,16.59,25.13,40.51,124.91,1546.96,607.77,75.9,125.61,203.49,116.76,135.54,10.32
6840.82,20.78,24.48,42.03,130.06,1509.84,606.48,70.01,126.26,203.39,116.99,135.65,10.7
6841.83,13.87,26.84,40.4,131.24,1570.45,603.25,73.5,123.9,203.74,117.37,135.81,10.32
6842.84,15.08,25.13,39.75,126.43,1506.05,605.83,77.36,125.61,203.89,117.6,135.84,10.32
6843.85,14.49,26.61,39.78,126.55,1626.51,622.84,67.05,124.13,203.53,117.9,135.88,9.94
6844.85,15.46,27.17,40.95,128.42,1659.09,621.55,69.87,123.57,203.73,118.17,135.96,9.94
6845.86,14.42,26.66,41.44,125.21,1601.51,625.0,68.6,124.08,203.53,118.36,136.07,9.56
6846.87,14.55,23.64,39.82,133.83,1568.93,612.51,78.58,127.1,203.6,118.55,136.11,9.94
6847.88,16.2,25.78,40.59,131.12,1590.9,625.64,75.48,124.96,204.05,118.66,135.96,9.56
6848.89,13.3,25.45,40.33,127.5,1568.93,614.66,77.59,125.29,203.89,118.7,135.96,9.56
6849.9,15.47,24.43,41.03,133.11,1586.36,625.0,74.3,126.31,203.79,118.78,135.88,9.18
6850.91,14.65,25.03,39.47,133.26,1566.66,621.98,75.43,125.71,203.59,118.89,135.88,9.18
6851.92,15.27,26.29,36.69,128.3,1574.99,616.17,76.09,124.45,203.63,119.01,135.92,8.79
6852.93,13.12,24.71,35.2,135.36,1579.54,613.58,80.47,126.03,203.7,119.08,135.96,8.79
6853.94,16.98,24.76,37.04,132.69,1559.84,618.97,75.38,125.98,203.92,119.2,136.0,8.41
6854.95,14.31,25.03,39.49,130.93,1563.63,606.69,80.7,125.71,204.2,119.2,136.03,8.41
6855.96,16.16,26.1,37.1,132.73,1646.97,613.37,71.33,124.64,203.64,119.27,136.07,8.79
6856.97,15.59,24.94,38.0,127.27,1556.81,611.86,77.59,125.8,200.61,119.24,136.07,8.41
6857.98,13.98,24.39,37.79,130.17,1550.75,611.86,71.52,126.35,200.34,119.27,136.11,8.41
6858.99,14.71,26.15,36.78,132.0,1556.81,610.35,76.61,124.59,200.81,119.24,136.03,8.79
6860.0,15.47,26.24,36.87,133.22,1652.27,613.58,76.37,124.5,201.41,119.16,136.03,8.41
6861.01,14.04,26.33,35.08,133.68,1662.12,611.86,77.45,124.41,202.41,118.97,136.0,8.41
6862.02,9.27,25.78,34.72,136.73,1603.78,875.42,61.87,124.96,203.59,118.4,135.88,8.41
6863.03,12.71,25.5,37.62,132.65,1566.66,616.17,72.13,125.24,203.97,118.44,135.77,8.41
6864.04,10.01,26.1,37.16,130.02,1534.84,606.26,68.46,124.64,200.06,118.7,135.61,8.03
6865.04,11.58,25.36,38.09,130.82,1553.78,606.26,73.03,125.38,201.19,118.47,135.54,8.03
6866.06,15.35,26.15,35.64,133.53,1532.57,603.03,74.16,124.59,201.29,118.36,135.5,8.41
6867.07,13.52,26.8,37.45,131.54,1537.87,610.79,71.61,123.94,202.17,118.25,135.46,8.03
6868.08,14.54,26.43,36.86,135.78,1618.18,613.58,73.5,124.31,202.75,118.21,135.46,8.03
6869.08,13.57,25.82,35.55,137.53,1574.99,611.86,71.47,124.92,203.06,118.13,135.46,8.03
6870.09,9.98,32.54,0.0,56.97,1527.26,605.62,75.57,118.2,204.58,115.42,134.39,6.89
6871.1,8.93,32.92,0.0,57.58,1534.84,601.31,78.3,117.82,204.99,116.19,134.85,6.89
6872.11,14.59,37.18,0.0,59.18,1548.48,596.57,70.58,113.56,204.91,116.53,135.12,6.89
6873.12,14.9,39.82,0.0,57.7,1559.08,582.36,73.4,110.92,205.5,116.76,135.27,6.51
6874.13,14.03,39.64,0.0,56.74,1530.29,602.39,70.95,111.1,205.83,116.95,135.5,6.51
6875.14,13.92,40.89,0.0,59.11,1553.02,603.46,76.51,109.85,206.39,117.18,135.5,6.13
6876.15,12.64,39.27,0.0,61.39,1546.2,586.89,72.93,111.47,206.72,117.29,135.42,6.13
6877.16,11.76,30.13,0.0,62.73,1551.51,599.16,65.77,120.61,207.3,117.41,135.35,6.13
6878.17,19.61,36.07,0.0,62.19,1516.66,604.97,65.44,114.67,207.07,117.41,135.35,5.74
6879.21,23.71,43.9,0.0,61.66,1570.45,597.87,61.87,106.84,205.53,117.52,135.23,5.74
6880.22,15.28,22.3,36.3,136.0,1443.92,620.69,75.66,128.44,204.5,118.17,134.93,5.36
6881.23,12.57,22.9,34.7,135.97,1469.68,626.5,77.55,127.84,205.31,118.09,134.78,4.98
6882.24,14.46,23.13,33.01,135.58,1502.26,615.09,73.83,127.61,205.97,118.02,134.7,4.6
6883.25,11.95,23.41,32.08,138.6,1494.69,612.51,74.91,127.33,206.54,117.79,134.59,4.6
6884.26,11.18,22.67,31.54,140.96,1507.57,611.86,71.38,128.07,206.87,117.56,134.43,4.22
6885.26,14.59,24.39,35.16,143.06,1586.36,608.42,64.64,126.35,207.49,117.41,134.39,4.22
6886.27,12.75,22.67,35.37,139.59,1526.51,614.02,65.96,128.07,210.67,117.41,134.24,3.84
6887.28,12.04,22.11,35.9,141.38,1512.11,606.05,68.93,128.63,210.54,117.44,134.05,3.46
6888.29,11.01,21.28,35.08,136.92,1510.6,606.48,67.05,129.46,209.76,117.29,134.2,3.46
6889.3,14.36,23.18,36.84,133.11,1528.78,598.94,65.59,127.56,207.38,117.25,134.51,3.46
6890.31,10.81,21.88,35.78,137.83,1533.32,601.1,68.46,128.86,206.58,117.29,134.39,3.08
6891.32,13.27,22.11,35.87,138.52,1501.5,603.46,70.2,128.63,205.74,117.33,134.28,3.08
6892.33,13.41,22.48,35.49,140.05,1517.41,601.96,69.45,128.26,206.12,117.29,134.13,3.08
6893.34,12.88,21.88,36.19,136.54,1528.02,614.45,73.87,128.86,205.81,117.29,134.01,3.08
6894.35,12.32,22.81,37.54,134.33,1618.18,605.83,66.25,127.93,205.46,117.33,133.9,2.69
6895.36,12.49,21.28,35.45,138.75,1520.44,615.52,73.87,129.46,206.67,117.33,133.82,2.69
6896.37,16.9,21.65,34.34,142.18,1523.48,608.85,77.45,129.09,206.98,117.37,133.9,2.69
6897.38,13.71,22.53,34.7,141.38,1526.51,608.85,78.11,128.21,206.24,117.33,133.9,2.31
6898.39,14.25,21.19,35.84,138.67,1540.9,603.46,76.46,129.55,206.06,117.25,133.82,2.31
6899.4,10.98,21.7,34.02,141.84,1557.57,606.05,77.69,129.04,204.64,117.14,133.78,2.31
6900.41,11.53,21.0,35.35,140.35,1532.57,605.19,72.79,129.74,205.33,117.03,133.78,2.31
6902.7,10.0,20.03,34.34,137.72,1537.87,606.69,71.38,130.71,205.13,117.06,133.75,1.93
6903.79,14.97,36.95,0.0,73.94,1480.29,568.64,64.88,113.79,206.0,112.76,132.34,1.55
6904.8,10.6,33.8,0.0,85.15,1422.71,562.83,62.53,116.94,207.48,113.37,132.56,1.17
6905.81,6.35,27.21,0.0,87.66,1372.71,560.03,70.3,123.53,208.59,114.17,133.02,2.31
6906.82,17.14,36.62,0.0,90.22,1348.46,556.16,68.65,114.12,208.81,114.47,133.1,2.31
6907.83,8.88,34.91,0.0,83.32,1315.13,552.07,69.59,115.83,208.21,114.7,133.25,1.93
6908.84,10.7,34.86,0.0,86.97,1342.4,549.92,72.7,115.88,208.34,114.93,133.44,1.93
6909.85,11.05,34.35,0.0,85.41,1316.64,552.72,71.66,116.39,208.77,115.12,133.48,1.93
6910.86,11.02,35.19,0.0,90.33,1335.59,543.03,67.94,115.55,209.19,115.27,133.4,1.55
6911.87,14.72,39.59,0.0,90.75,1324.22,554.65,74.3,111.15,207.59,115.27,133.4,1.93
6912.88,9.04,35.05,0.0,88.84,1294.67,573.58,75.9,115.69,206.92,115.61,133.4,1.55
6913.89,12.13,37.92,0.0,89.99,1263.61,566.7,73.21,112.82,207.64,116.03,133.48,1.55
6914.9,13.61,21.84,39.19,141.76,1450.74,593.81,71.71,128.9,210.42,116.45,132.87,1.55
6915.91,9.95,21.65,37.38,141.15,1491.66,600.05,75.48,129.09,211.16,116.57,132.79,1.17
6916.92,12.79,23.74,35.7,143.82,1481.05,608.44,65.87,127.0,211.77,116.83,132.76,1.17
6917.93,10.68,23.69,35.26,145.61,1469.68,603.27,65.68,127.05,212.12,116.87,132.76,1.17
6918.94,11.69,24.94,34.2,148.13,1647.72,592.3,65.63,125.8,211.82,116.72,132.68,1.17
6919.95,11.29,23.41,33.76,141.07,1506.05,594.67,71.94,127.33,211.58,116.45,132.79,1.17
6920.96,12.23,23.83,34.49,140.58,1524.99,597.47,76.46,126.91,211.23,116.45,133.06,0.79
6921.97,12.03,22.25,34.75,143.32,1515.14,601.77,72.74,128.49,211.2,116.64,133.21,0.79
6922.98,10.88,22.81,35.52,141.46,1502.26,606.29,71.0,127.93,211.07,116.72,133.02,0.79
6923.99,11.18,22.62,35.7,140.24,1518.17,606.72,68.36,128.12,211.16,116.76,132.95,0.79
6925.0,10.04,22.67,34.3,144.89,1523.48,611.88,67.42,128.07,212.06,116.87,132.87,0.79
6926.01,13.26,23.23,35.26,142.87,1497.72,600.91,77.55,127.51,213.02,116.87,132.83,0.79
6927.02,11.99,21.65,34.59,145.99,1493.93,608.65,71.47,129.09,213.74,116.87,132.76,0.79
6928.03,11.65,22.95,35.45,142.83,1540.9,611.02,71.71,127.79,213.5,116.95,132.72,0.41
6929.04,12.11,23.5,34.88,142.94,1496.2,607.58,77.55,127.24,213.23,116.83,132.64,0.41
6930.04,12.7,22.25,36.01,141.53,1499.23,601.12,69.35,128.49,213.39,115.92,132.6,0.41
6931.05,12.67,24.01,35.13,142.83,1547.72,601.77,71.99,126.73,212.9,116.0,132.49,0.41
6932.06,10.12,22.07,33.62,141.88,1516.66,598.54,73.97,128.67,213.59,116.0,132.53,0.41
6933.07,12.44,22.02,34.09,137.15,1530.29,602.2,73.17,128.72,214.23,115.84,132.53,0.41
6934.08,10.29,21.23,32.74,140.12,1513.63,604.13,76.13,129.51,214.65,115.81,132.53,0.79
6935.09,12.24,21.51,33.53,139.89,1506.81,605.21,75.15,129.23,214.91,115.92,132.53,1.17
6936.1,9.36,23.23,47.06,136.04,1545.45,612.1,75.1,127.51,217.08,111.57,130.39,1.93
6937.11,12.76,24.43,37.95,130.9,1531.81,612.96,74.67,126.31,217.61,112.53,130.54,1.93
6938.12,12.15,24.85,38.53,134.59,1529.54,611.45,76.13,125.89,217.98,113.29,130.7,1.93
6939.13,10.72,24.48,35.14,133.68,1534.08,612.31,77.03,126.26,218.89,114.01,130.96,2.31
6940.14,13.87,26.1,35.52,132.65,1585.6,609.73,71.57,124.64,219.01,114.36,131.27,2.31
6941.15,12.36,26.05,34.88,134.52,1617.42,608.44,64.88,124.69,219.62,114.81,131.57,2.31
6942.18,18.65,31.52,0.0,58.08,1545.45,602.41,77.17,119.22,221.46,114.74,132.07,2.31
6943.2,26.27,42.51,0.0,61.62,1534.84,601.12,74.11,108.23,220.32,115.42,132.18,2.31
6944.25,6.58,35.37,0.0,58.76,1478.78,598.97,73.45,115.37,222.87,116.64,132.91,2.31
6945.26,10.56,27.86,0.0,59.3,1459.08,602.41,72.84,122.88,223.45,116.87,133.14,2.69
6946.27,12.03,30.5,0.0,67.11,1453.02,598.97,74.53,120.24,224.09,117.06,133.25,2.31
6947.3,22.78,38.53,0.0,70.16,1466.65,600.69,71.47,112.21,224.38,117.18,133.29,2.31
6948.31,7.54,30.74,0.0,69.82,1450.74,601.34,73.69,120.0,223.46,117.48,133.44,1.93
6949.34,17.92,35.14,0.0,63.45,1490.9,594.88,70.06,115.6,223.66,117.48,133.44,1.93
6950.35,12.42,36.11,0.0,62.65,1484.08,591.23,72.6,114.63,223.83,117.56,133.44,1.93
6951.39,9.58,31.25,0.0,58.53,1446.96,589.07,70.2,119.49,225.09,117.56,133.52,1.93
6952.4,29.43,42.84,0.0,57.28,1431.05,589.51,73.21,107.9,225.11,117.6,133.52,1.93
6953.41,25.55,24.71,36.86,141.72,1546.96,617.26,75.85,126.03,224.89,117.75,133.1,2.31
6954.42,14.21,23.97,34.38,135.97,1568.93,620.49,81.03,126.77,224.95,117.94,133.02,2.31
6955.43,15.46,24.52,37.86,134.25,1590.15,615.75,64.97,126.22,226.02,118.05,133.06,2.69
6956.44,16.9,25.92,37.44,136.12,1615.9,543.25,71.57,124.82,225.97,118.13,132.98,2.31
6957.45,19.03,24.52,37.38,137.41,1546.96,617.9,75.24,126.22,225.99,118.25,132.91,2.31
6958.46,14.91,18.31,35.6,132.15,1606.81,622.2,74.44,132.43,234.29,114.66,131.84,3.84
6959.47,20.62,22.48,37.95,131.51,1643.18,604.54,65.92,128.26,234.31,115.04,131.84,3.84
6960.49,22.37,22.62,34.14,129.48,1626.51,625.43,67.8,128.12,234.42,115.27,131.84,4.22
6961.5,15.02,24.39,37.7,127.46,1708.33,625.64,77.03,126.35,234.26,115.65,131.95,4.6
6962.51,11.65,22.72,36.13,128.15,1631.81,622.63,75.1,128.02,234.81,116.19,132.15,4.6
6963.52,11.0,21.7,27.31,129.14,1677.27,621.98,74.16,129.04,235.42,116.68,132.41,4.6
6964.54,17.59,25.13,38.52,122.39,1639.39,626.5,74.44,125.61,235.57,116.95,132.56,4.98
6965.54,14.36,25.54,35.11,128.19,1656.82,628.23,75.66,125.2,236.0,117.22,132.76,4.98
6966.55,12.36,24.9,34.87,133.64,1597.72,617.89,75.15,125.84,235.83,117.52,132.95,4.98
6966.55,12.36,24.9,34.87,133.64,1597.72,617.89,75.15,125.84,235.83,117.52,132.95,4.98
6967.57,15.73,26.1,36.07,121.02,1499.23,616.81,79.48,119.91,229.1,115.27,132.3,6.13
6968.58,13.35,26.24,34.2,126.32,1500.75,622.63,69.64,119.77,229.55,115.88,132.56,6.13
6969.59,15.47,25.17,35.73,123.96,1537.11,611.0,68.98,120.84,229.67,116.19,132.68,6.51
6970.6,13.57,25.03,34.58,124.11,1576.51,613.58,74.96,120.98,229.74,116.53,132.76,6.51
6971.61,13.67,25.45,36.74,126.21,1591.66,609.71,72.56,120.56,229.98,116.68,132.91,6.89
6972.62,16.14,25.82,37.13,127.5,1534.08,612.08,71.14,120.19,230.57,116.87,133.02,6.89
6973.63,13.46,24.52,34.88,127.27,1546.96,619.18,73.26,121.49,230.4,117.03,133.17,7.27
6974.64,10.98,25.08,35.02,126.24,1496.96,622.84,72.84,120.93,228.05,117.37,133.33,6.89
6975.65,12.06,25.27,34.52,124.57,1465.9,608.63,74.96,120.75,228.0,117.86,133.82,6.89
6976.66,13.66,26.24,37.51,126.05,1469.68,623.7,74.72,119.77,228.54,118.13,134.05,7.27
6977.67,13.76,25.68,37.57,122.05,1565.14,614.23,70.01,120.33,228.22,118.32,133.9,7.65
6978.68,14.89,26.33,36.39,119.69,1448.47,617.89,69.31,119.68,228.15,118.4,133.82,7.65
6979.69,13.71,26.61,35.16,120.53,1528.02,603.9,65.54,119.4,229.12,118.4,133.78,7.65
6980.7,13.51,26.1,35.92,123.42,1449.23,610.79,73.17,119.91,229.19,118.32,133.75,7.65
6981.7,13.21,24.71,36.24,118.66,1518.17,622.84,78.02,121.3,229.03,118.25,133.75,7.65
6982.71,17.64,25.45,35.8,120.53,1530.29,617.24,77.55,120.56,228.63,118.25,133.78,7.65
6983.72,14.66,25.36,31.69,123.73,1534.84,616.17,77.69,120.65,228.59,118.25,133.82,7.65
6984.73,19.76,26.1,35.63,123.61,1540.14,608.2,72.56,119.91,228.17,118.21,133.82,8.03
6985.74,15.33,27.45,38.06,117.02,1609.84,603.03,81.17,118.57,227.86,118.05,134.17,8.03
6986.75,16.01,25.17,34.69,125.37,1556.05,608.85,75.15,120.84,227.8,118.21,134.36,8.03
6987.76,20.31,25.64,34.99,122.77,1570.45,602.82,68.79,120.37,227.18,118.25,134.28,8.41
6988.77,16.25,25.87,35.81,124.38,1545.45,613.37,71.28,120.14,226.96,118.4,134.17,8.03
6989.78,14.49,24.62,36.21,120.83,1558.33,606.48,65.49,121.39,226.75,118.44,134.2,8.03
6990.79,13.81,25.36,35.25,124.03,1524.99,612.29,72.6,120.65,226.5,118.51,134.17,8.03
6991.8,17.08,26.66,37.71,118.5,1546.2,612.29,75.57,119.35,226.55,118.66,134.13,8.03
6992.81,12.66,24.71,36.46,123.54,1534.08,611.22,70.01,121.3,226.2,118.78,134.2,8.03
6993.82,13.88,25.68,35.63,120.22,1574.24,614.88,68.6,120.33,225.31,118.82,134.17,8.03
6994.83,12.57,24.71,35.57,125.1,1546.2,617.03,73.03,121.3,225.11,118.86,134.17,8.03
6995.84,11.53,26.19,35.34,119.42,1524.99,614.45,76.04,119.82,225.11,118.86,134.13,8.03
6996.85,13.61,24.99,36.22,118.12,1528.02,612.72,70.3,121.02,224.76,118.89,134.13,8.03
6997.86,14.72,26.1,34.24,125.82,1553.02,602.17,69.02,119.91,224.81,118.82,134.05,8.41
6998.87,14.25,0.0,39.72,124.34,1578.78,610.79,80.18,118.52,219.66,114.93,133.4,8.79
6999.88,19.06,25.13,37.24,122.51,1656.06,608.42,72.46,118.57,220.43,115.61,133.37,8.79
7000.89,14.53,24.25,35.13,127.88,1634.09,621.98,76.04,119.45,220.99,116.03,133.48,8.79
7001.9,16.99,24.25,35.86,123.8,1602.27,622.41,78.35,119.45,221.18,116.38,133.52,8.79
7002.91,14.65,25.13,35.72,128.61,1551.51,611.86,72.6,118.57,221.52,116.72,133.52,8.79
7003.92,15.94,24.76,35.86,123.88,1620.45,603.46,64.74,118.94,221.96,116.87,133.48,8.79
7004.93,16.29,24.62,37.33,122.81,1559.84,616.6,66.25,119.08,222.26,116.95,133.56,8.79
7005.94,14.96,25.04,35.67,119.53,1574.99,618.54,71.8,118.66,222.37,117.1,133.67,8.79
7006.95,15.27,24.9,36.97,119.46,1652.27,609.49,74.91,118.8,222.25,117.1,133.71,8.79
7007.96,15.14,23.97,34.15,121.55,1596.96,597.87,70.91,119.73,222.11,117.1,133.71,8.79
7008.97,16.52,24.25,36.07,123.61,1570.45,598.73,68.13,119.45,222.44,117.06,133.67,9.18
7009.98,15.93,25.13,36.78,119.11,1573.48,617.89,71.33,118.57,222.51,117.1,133.63,8.79
7010.98,15.87,24.2,36.16,123.04,1571.96,601.1,74.39,119.49,222.68,117.1,133.56,9.18
7011.99,15.53,25.18,36.65,118.43,1565.14,604.54,81.13,118.52,223.0,117.06,133.56,8.79
7013.0,15.47,24.57,36.11,122.28,1688.64,618.54,72.74,119.12,223.43,117.06,133.56,9.18
7014.01,13.41,24.76,35.19,125.6,1610.6,620.26,78.16,118.94,223.91,117.14,133.59,9.18
7015.02,17.22,24.62,35.84,125.1,1647.72,610.14,75.05,119.08,223.95,117.22,133.63,9.18
7016.03,13.87,23.69,35.37,126.09,1606.81,623.92,74.53,120.0,224.45,117.33,133.71,9.56
7017.04,16.84,25.04,35.51,125.14,1685.61,619.61,74.53,118.66,224.61,117.44,133.75,9.56
7018.05,15.74,24.02,35.93,126.02,1608.33,619.61,76.84,119.68,224.7,117.56,133.75,9.56
7018.05,15.74,24.02,35.93,126.02,1608.33,619.61,76.84,119.68,224.7,117.56,133.75,9.56
7019.06,15.25,24.94,36.01,123.58,1644.69,615.31,73.64,118.75,224.76,117.67,133.78,9.56
7020.07,17.72,25.73,36.97,123.84,1620.45,613.58,76.13,117.96,224.42,117.71,133.75,9.56
7021.08,15.33,24.94,35.58,128.46,1652.27,611.0,65.77,118.75,224.09,117.67,133.75,9.56
7022.09,16.52,25.82,37.06,123.5,1579.54,615.74,71.47,117.87,223.84,117.71,133.78,9.56
7023.1,14.04,25.13,34.79,124.83,1584.08,614.45,74.86,118.57,223.74,117.6,133.71,9.56
7024.11,17.23,25.18,36.46,125.18,1606.06,610.57,80.18,118.52,223.26,117.56,133.71,9.56
7025.12,13.21,23.65,35.64,124.83,1603.78,616.38,80.09,120.05,222.83,117.64,133.75,9.56
7026.13,16.22,25.59,36.1,123.31,1646.97,614.45,77.97,118.1,222.09,117.67,133.78,9.56
7027.14,16.22,24.43,31.64,120.56,1669.7,607.13,69.26,119.26,222.01,117.71,133.78,9.56
7028.15,14.53,25.41,35.25,125.21,1641.66,621.55,73.64,118.29,221.76,117.83,133.75,9.56
7029.16,15.59,24.67,36.25,124.76,1626.51,622.41,74.53,119.03,221.71,117.86,133.82,9.56
7030.17,14.14,25.73,33.0,121.06,1625.75,621.77,71.85,117.96,221.41,117.94,133.86,9.56
7031.17,10.04,26.15,34.03,127.54,1562.87,614.89,72.46,127.98,218.58,116.22,132.98,9.56
7032.18,10.18,24.48,34.35,130.67,1578.02,602.2,65.35,129.65,217.73,116.76,133.21,9.94
7033.19,10.01,25.08,36.86,130.97,1531.05,611.67,73.12,129.04,217.41,117.03,133.29,9.94
7034.2,14.43,25.5,36.59,128.15,1531.81,606.29,71.99,128.63,216.95,117.18,133.37,9.94
7035.21,10.57,23.88,35.08,128.15,1559.84,610.37,69.87,130.25,217.1,117.29,133.44,9.94
7036.22,11.22,25.68,36.54,129.18,1615.9,607.58,75.15,128.44,216.97,117.37,133.63,9.94
7037.23,7.17,25.45,35.17,127.2,1621.97,610.59,74.77,128.67,216.62,117.64,133.63,9.94
7038.93,16.64,26.45,35.96,131.43,1559.84,619.63,68.27,112.68,214.45,117.83,133.75,10.32
7039.94,17.01,25.45,36.84,138.94,1456.05,623.07,76.94,128.67,214.15,118.51,134.01,10.32
7040.95,10.66,26.75,34.73,130.59,1565.14,630.17,68.13,127.37,214.81,118.74,134.13,10.32
7041.96,9.25,26.84,36.39,132.69,1494.69,623.07,66.62,127.28,215.19,118.74,134.2,10.32
7042.97,9.32,25.54,34.7,129.33,1468.93,617.04,68.6,128.58,215.72,118.59,134.2,10.32
7043.98,9.39,26.05,34.15,132.08,1568.17,620.06,73.17,128.07,215.08,118.4,134.24,10.32
7044.99,10.53,27.12,34.67,129.75,1568.93,616.18,73.92,127.0,215.06,118.28,134.2,10.32
7046.0,9.59,25.78,35.92,133.83,1491.66,613.6,69.21,128.35,214.62,118.13,134.17,10.32
7047.03,11.47,25.59,34.52,128.91,1499.23,603.7,79.57,128.53,214.14,118.09,134.55,10.32
7048.04,10.39,26.75,36.04,134.78,1563.63,614.46,70.58,127.37,212.79,118.25,134.74,10.7
7049.05,11.65,25.92,36.98,127.04,1495.44,612.1,76.42,128.21,213.07,118.36,134.59,10.32
7050.06,11.01,24.52,37.06,131.16,1487.87,616.83,71.1,129.6,214.16,118.44,134.47,10.32
7051.07,10.45,26.89,36.94,133.14,1512.87,608.22,71.57,127.24,215.21,118.55,134.36,10.32
7052.08,8.95,25.03,35.75,128.84,1484.08,612.31,72.08,129.09,215.84,118.55,134.36,10.32
7053.09,11.08,25.13,36.31,130.55,1580.3,611.88,75.9,129.0,215.79,118.63,134.28,10.32
7054.1,10.69,24.8,35.83,131.47,1528.02,603.27,74.96,129.32,215.72,118.66,134.24,10.32
7055.11,9.28,25.36,36.22,135.78,1497.72,607.15,73.54,128.77,215.76,118.66,134.2,10.32
7056.12,11.76,25.59,36.77,127.01,1556.05,606.72,68.22,128.53,215.53,118.66,134.28,10.32
7057.13,9.39,25.54,35.4,129.48,1500.75,604.35,71.24,128.58,215.11,118.7,134.39,10.7
7058.14,9.08,22.21,34.17,129.64,1499.99,608.87,74.72,131.92,214.88,118.86,134.59,10.32
7059.15,12.01,24.71,35.11,128.42,1509.08,605.21,75.24,129.41,214.34,118.82,134.59,10.32
7060.16,8.95,25.59,34.06,125.48,1571.21,611.23,74.25,128.53,214.3,118.82,134.62,10.32
7061.17,10.23,26.01,36.21,129.48,1512.87,613.82,70.62,128.12,214.68,118.93,134.66,10.32
7062.17,10.01,25.64,35.46,130.86,1527.26,603.92,78.35,128.49,213.89,119.01,134.66,10.32
7063.18,10.51,22.16,34.85,130.13,1584.08,608.44,66.06,128.53,211.11,116.87,133.86,10.7
7064.19,7.8,21.84,34.88,134.75,1563.63,603.92,72.27,128.86,212.55,117.37,134.01,10.7
7065.2,11.72,24.57,37.1,131.66,1620.45,622.64,66.1,126.12,212.28,117.64,134.09,11.08
7066.21,10.29,24.94,35.83,132.65,1537.87,615.32,72.7,125.75,210.38,118.05,134.2,11.08
7067.22,11.58,25.22,36.71,132.42,1512.87,607.58,79.05,125.47,213.02,117.75,134.39,11.08
7068.23,10.92,23.69,36.36,130.44,1437.86,618.98,82.07,127.0,214.22,117.79,134.39,11.08
7069.24,10.66,23.92,36.94,131.62,1465.14,616.18,74.91,126.77,215.51,118.36,134.39,11.08
7070.25,10.48,23.78,36.66,132.8,1490.9,607.79,79.05,126.91,216.52,118.47,134.43,10.7
7071.26,11.81,26.05,36.08,128.11,1534.08,613.82,72.51,124.64,216.8,118.63,134.43,11.08
7072.27,11.08,24.8,36.87,132.19,1514.38,612.53,74.02,125.89,217.08,118.66,134.43,11.08
7073.28,10.18,25.31,35.57,129.45,1601.51,611.02,72.37,125.38,217.94,118.63,134.39,11.08
7074.29,12.2,24.52,35.76,128.19,1559.84,605.0,68.98,126.17,218.11,118.66,134.36,11.08
7075.3,10.25,24.29,36.86,124.99,1521.96,602.63,76.09,126.4,217.37,118.63,134.62,11.08
7076.31,11.13,25.59,35.17,131.35,1549.23,608.65,72.56,125.1,217.66,117.86,134.93,11.08
7077.32,9.98,24.48,34.67,137.11,1504.53,603.7,74.82,126.22,216.71,117.83,134.74,11.08
7078.33,9.11,20.58,32.66,138.52,1518.93,597.47,69.17,130.11,216.1,118.02,134.66,11.08
7079.34,12.19,24.71,34.72,135.7,1566.66,601.12,63.94,125.98,216.26,118.02,134.62,11.08
7080.35,11.22,24.01,35.8,137.38,1499.23,602.63,76.61,126.68,217.13,118.05,134.51,11.46
7081.36,11.35,25.13,35.46,137.19,1500.75,605.0,73.5,125.57,217.88,118.02,134.43,11.08
7082.37,11.5,26.33,36.34,138.52,1559.84,604.13,73.64,124.36,218.09,117.94,134.39,11.08
7083.38,10.3,26.56,34.53,137.34,1512.11,602.84,75.66,124.13,219.25,118.02,134.32,11.08
7084.39,9.52,26.52,34.64,139.02,1543.17,602.2,67.47,124.18,219.19,119.01,134.32,11.46
7085.4,11.76,25.22,35.38,132.88,1529.54,606.07,73.31,125.47,220.58,118.86,134.39,11.08
7086.41,10.36,25.82,35.19,128.95,1507.57,609.94,75.71,124.87,221.09,118.66,134.55,11.08
7087.42,11.56,26.29,36.19,131.58,1581.05,616.18,69.78,124.41,221.13,118.59,134.62,11.08
7088.43,11.17,26.15,36.39,130.25,1521.2,608.01,74.3,124.55,221.11,118.55,134.59,11.08
7089.45,12.3,26.15,35.46,124.11,1517.41,604.57,76.61,124.55,219.0,118.47,134.59,11.08
7090.46,11.7,25.41,35.16,129.45,1512.11,602.2,71.57,125.29,218.83,118.47,134.55,11.08
7091.47,10.77,27.21,33.88,133.11,1572.72,603.49,69.21,123.48,218.37,118.4,134.43,11.08
7092.5,13.97,26.84,35.08,128.34,1553.02,599.19,62.81,123.85,218.47,118.59,134.39,11.08
7093.52,10.29,25.68,34.55,134.59,1604.54,608.87,73.21,125.01,220.33,118.21,134.32,11.08
7094.53,15.81,21.46,37.13,135.93,1621.97,614.66,75.15,129.23,221.21,114.55,132.87,10.7
7095.54,9.44,21.42,38.27,142.18,1559.84,600.67,67.19,129.28,219.48,115.84,132.95,10.7
7096.54,12.19,22.81,35.66,138.33,1525.75,602.82,69.17,127.88,219.83,116.53,133.02,10.7
7097.55,9.34,23.13,35.63,143.74,1640.91,613.15,76.04,127.56,220.46,117.14,133.21,10.32
7098.56,9.32,23.27,35.55,146.22,1543.93,602.6,66.67,127.42,220.82,117.6,133.37,9.94
7099.57,9.54,23.27,36.87,147.06,1528.02,608.42,69.35,127.42,219.73,117.9,133.56,9.94
7100.58,10.24,22.25,36.39,148.97,1534.84,613.15,72.79,128.44,220.51,118.13,133.56,9.56
7101.59,8.26,22.58,36.68,148.01,1589.39,603.68,68.69,128.12,221.21,118.4,133.63,9.56
7102.6,8.63,22.21,36.84,151.22,1554.54,604.54,69.07,128.49,221.98,118.51,133.75,9.18
7103.61,8.55,22.62,36.68,149.5,1552.26,605.62,73.59,128.07,221.73,118.66,133.86,8.79
7104.62,12.04,22.16,35.02,151.44,1546.96,605.83,71.28,128.53,221.54,118.7,133.94,8.41
7105.63,9.67,23.27,33.96,153.35,1573.48,612.08,72.65,127.42,221.8,118.82,134.01,8.03
7106.64,12.49,23.27,34.67,150.03,1566.66,610.14,68.98,127.42,222.05,118.86,133.98,8.41
7107.67,9.69,24.01,33.67,152.7,1528.02,610.14,69.54,126.68,221.9,118.74,134.05,9.18
7108.68,10.6,23.74,34.64,156.25,1520.44,605.4,70.81,126.96,222.19,118.74,134.09,8.79
7109.69,8.04,24.76,35.28,157.28,1535.6,610.14,70.95,125.94,221.97,118.74,134.13,8.41
7110.7,10.88,25.17,35.11,150.45,1530.29,609.71,77.41,125.52,222.85,118.7,134.17,8.41
7111.71,10.32,24.76,33.42,149.35,1530.29,604.33,75.19,125.94,223.26,118.78,134.17,8.03
7112.72,8.8,23.32,36.39,137.0,1529.54,597.01,76.23,127.37,222.61,118.82,134.09,7.65
7113.73,9.63,25.36,35.61,129.71,1526.51,621.12,79.01,125.33,224.37,118.51,134.05,7.27
7114.79,8.5,25.78,39.67,123.12,1551.51,607.77,73.26,117.92,223.93,117.98,133.98,7.27
7115.82,10.13,25.67,39.66,126.51,1524.99,615.09,76.04,121.02,223.62,117.44,133.86,7.27
7116.84,6.61,22.99,36.39,133.34,1528.02,615.52,74.49,127.7,221.83,116.99,133.75,7.65
7117.86,11.12,25.6,40.02,122.24,1532.57,625.21,73.59,113.1,220.56,116.87,133.67,7.27
7118.88,7.23,25.78,36.28,131.81,1457.56,641.79,76.56,124.92,218.36,117.33,133.71,8.79
7119.89,7.49,24.94,34.64,129.18,1498.47,640.5,70.81,125.75,219.78,117.52,133.82,9.94
7120.9,7.6,23.83,29.38,125.37,1458.32,617.03,71.57,126.86,221.1,117.25,133.94,11.08
7121.9,7.88,23.13,30.34,118.54,1475.75,611.65,73.21,127.56,222.79,116.76,133.78,11.46
7122.91,9.64,24.9,31.55,121.21,1468.93,621.98,68.46,125.8,223.27,116.42,133.67,12.23
7123.92,7.67,23.5,33.23,123.27,1481.81,622.63,70.01,127.19,223.71,116.34,133.56,12.61
7124.93,8.28,25.22,17.09,123.38,1518.17,613.58,73.87,125.47,223.43,116.57,134.28,12.23
7125.94,7.52,24.8,53.59,147.78,1499.99,605.19,67.05,125.89,219.73,116.8,133.82,11.46
7126.95,9.22,25.27,37.85,132.19,1496.2,607.34,73.64,125.43,220.05,116.91,133.59,10.7
7127.96,7.31,25.73,29.48,135.97,1409.83,596.79,71.99,124.96,223.78,115.39,132.07,8.41
7128.97,7.48,25.31,36.31,138.75,1439.38,605.19,69.21,125.38,224.17,115.39,132.15,8.03
7129.98,7.28,24.99,33.5,145.69,1522.72,621.12,69.31,125.71,223.44,115.92,132.56,7.65
7130.99,10.27,26.19,34.9,144.89,1509.84,616.6,73.12,124.5,223.39,116.3,132.76,6.89
7132.0,12.2,25.68,35.78,145.92,1526.51,618.32,74.2,125.01,223.34,116.61,132.83,6.89
7133.01,11.69,25.82,35.87,142.14,1513.63,620.26,74.63,124.87,223.47,116.83,132.83,6.89
7134.02,11.32,25.03,35.54,141.76,1525.75,625.0,77.03,125.66,224.14,117.1,132.91,6.51
7135.03,11.25,26.33,33.59,148.05,1519.69,625.64,74.86,124.36,224.21,117.37,133.02,6.51
7136.04,11.88,26.56,35.64,152.51,1537.11,623.49,73.64,124.13,224.1,117.56,133.1,6.51
7137.05,10.23,24.62,34.52,148.47,1520.44,621.55,71.94,126.08,225.08,117.56,133.06,6.13
7138.06,11.18,25.27,36.4,144.58,1507.57,618.32,72.98,125.43,223.88,117.52,132.91,5.74
7139.07,10.69,26.05,36.81,148.93,1508.32,618.11,67.71,124.64,223.12,117.37,132.98,5.74
7140.08,11.98,25.27,38.09,155.98,1522.72,612.51,72.32,125.43,222.67,117.29,132.98,5.36
7141.09,10.21,24.71,35.99,148.55,1500.75,609.06,77.69,125.98,222.74,117.29,133.02,4.98
7142.1,13.71,24.66,36.42,146.98,1503.78,612.08,74.53,126.03,222.97,117.14,132.98,4.98
7143.11,10.95,26.05,36.22,144.51,1506.81,617.89,72.7,124.64,223.33,116.8,132.95,4.98
7144.12,12.89,25.45,36.42,137.76,1519.69,609.28,66.9,125.24,223.17,116.42,132.91,5.36
7145.13,11.28,26.56,36.95,133.03,1530.29,631.46,73.26,124.13,222.54,116.0,132.83,5.74
7146.14,10.2,27.12,36.68,126.36,1474.99,628.44,71.33,123.57,220.21,116.11,132.76,6.51
7147.15,10.75,26.01,38.14,127.35,1457.56,644.81,76.32,124.69,220.05,116.64,132.87,8.03
7148.16,10.45,26.61,35.86,124.11,1524.99,635.76,75.71,124.08,221.04,116.95,133.06,9.18
7149.17,12.0,25.64,35.95,127.65,1487.11,634.25,72.6,125.06,221.73,117.03,133.17,9.18
7150.17,10.12,26.01,36.97,132.19,1495.44,630.38,74.63,124.69,222.88,117.14,133.17,9.18
7151.18,11.69,26.38,37.51,125.94,1511.35,628.01,76.79,124.31,223.4,117.14,133.1,9.18
7151.18,11.69,26.38,37.51,125.94,1511.35,628.01,76.79,124.31,223.4,117.14,133.1,9.18
7152.19,10.43,25.82,37.09,140.27,1543.17,620.47,71.76,124.87,223.75,117.14,133.1,8.79
7153.2,10.41,25.36,39.57,140.43,1531.81,613.58,66.62,125.33,223.8,117.14,132.95,8.41
7154.21,11.68,25.54,41.97,145.04,1527.26,625.43,64.88,125.15,223.84,116.91,132.91,8.41
7155.22,11.88,25.03,36.77,141.42,1515.14,624.35,68.74,125.66,223.96,116.91,133.37,7.65
7156.23,12.84,26.8,37.36,138.83,1512.87,619.18,68.84,123.9,223.62,117.06,133.37,7.65
7157.24,10.94,26.56,32.56,137.38,1499.99,627.15,67.09,124.13,223.06,117.29,133.25,7.27
7158.25,10.0,21.93,27.26,137.91,1239.37,553.58,68.79,128.77,222.21,114.24,131.84,5.74
7159.26,8.39,22.21,30.34,138.52,1471.96,608.22,71.61,128.49,222.22,114.93,131.8,5.74
7160.27,9.2,21.46,27.72,143.67,1499.99,609.51,70.39,129.23,222.19,115.46,131.95,5.74
7161.28,8.83,21.23,33.42,141.72,1460.59,611.02,67.33,129.46,221.24,115.73,132.03,5.36
7162.29,9.11,22.35,32.83,137.64,1443.92,619.84,66.9,128.35,217.41,115.92,132.3,5.74
7163.3,8.76,21.56,35.92,138.71,1425.74,633.18,67.66,129.14,216.7,116.64,132.64,5.74
7164.31,9.73,20.21,42.24,150.49,1535.6,638.78,70.34,130.48,218.16,116.99,133.02,5.74
7165.32,10.36,22.11,38.65,143.93,1514.38,630.16,70.11,128.58,217.35,117.1,133.02,5.74
7166.35,9.67,22.95,39.28,146.98,1513.63,629.95,71.1,127.75,218.49,117.1,133.02,5.74
7167.36,8.89,21.79,37.89,142.94,1513.63,632.32,70.67,128.9,220.67,117.14,132.95,5.36
7168.37,9.8,21.6,37.19,144.7,1543.93,630.38,68.18,129.09,222.18,117.22,132.91,6.13
7169.38,8.73,21.97,36.65,140.96,1551.51,634.04,74.06,128.72,221.5,117.03,133.21,5.74
7170.39,10.12,23.27,36.66,138.29,1556.05,631.46,75.05,127.42,220.55,117.22,133.52,6.13
7171.4,8.55,21.23,34.72,137.87,1513.63,629.52,77.03,129.46,220.61,117.22,133.4,6.13
7172.41,9.4,21.05,34.27,139.09,1501.5,635.98,74.91,129.65,220.57,117.44,133.37,6.51
7173.42,12.92,27.77,35.76,133.03,1537.87,631.89,77.45,122.92,220.53,117.41,133.33,6.89
7174.43,12.57,27.12,35.78,139.32,1507.57,631.46,77.08,123.57,220.15,117.29,133.29,6.51
7175.44,12.7,28.93,34.9,140.31,1525.75,626.93,76.51,121.76,219.8,117.25,133.25,6.51
7176.45,12.49,28.74,37.53,137.83,1509.84,630.59,72.37,121.95,219.87,117.22,133.1,6.13
7177.46,14.6,29.99,37.51,136.61,1509.08,627.58,74.44,120.7,220.14,117.29,133.02,6.51
7178.47,12.2,29.72,36.86,135.05,1499.23,630.38,75.76,120.98,221.07,117.37,132.95,6.51
7179.48,14.66,30.37,37.33,132.5,1536.35,633.18,73.69,120.33,221.49,117.44,132.91,6.13
7180.48,13.21,32.31,37.79,128.46,1595.45,629.52,68.6,118.38,221.77,117.48,132.95,6.13
7181.5,14.49,29.95,36.54,131.24,1538.63,632.1,64.46,120.75,221.96,117.44,132.98,6.13
7182.51,12.2,31.06,34.9,132.61,1510.6,629.09,78.58,119.63,222.0,117.44,133.1,6.13
7183.51,13.66,30.32,37.79,133.34,1574.99,626.5,74.06,120.37,220.82,117.52,133.14,5.74
7184.52,12.5,30.88,35.23,130.36,1540.14,625.0,75.05,119.82,220.88,117.67,133.17,6.13
7185.54,12.72,31.71,35.66,130.74,1566.66,630.38,70.39,118.98,221.46,117.71,133.21,6.13
7186.54,13.72,30.46,33.03,123.8,1540.14,622.2,66.15,120.24,221.51,117.79,133.17,6.13
7187.57,11.65,30.78,34.3,131.51,1512.11,628.66,70.67,119.91,221.85,117.79,133.25,6.13
7188.58,13.93,30.6,35.26,124.41,1519.69,632.53,69.12,120.1,222.07,117.98,133.29,6.51
7189.59,10.99,30.18,35.76,126.17,1513.63,636.41,68.84,120.51,223.2,117.94,133.29,6.89
7190.62,12.73,30.92,35.63,123.38,1441.65,616.38,68.08,119.77,224.53,117.94,133.33,6.89
7191.62,12.74,33.94,35.43,120.26,1495.44,620.47,70.44,114.86,223.55,116.68,132.83,8.79
7192.63,12.2,33.19,36.4,118.12,1476.5,622.84,70.72,115.6,223.86,117.1,132.95,8.79
7193.64,11.91,31.11,33.77,115.07,1463.62,627.36,72.46,117.69,224.41,117.44,132.98,9.18
7194.65,12.29,31.76,31.04,114.04,1496.96,615.09,71.1,117.04,224.6,117.25,133.21,9.18
7195.66,12.41,32.36,35.83,120.33,1493.17,624.14,78.35,116.43,224.31,117.52,133.33,9.18
7196.67,13.26,31.57,35.73,116.06,1499.99,623.49,75.99,117.22,223.61,117.75,133.44,9.18
7197.68,14.09,30.5,35.63,116.48,1461.35,625.21,74.02,118.29,223.46,118.02,133.52,9.18
7198.69,14.32,32.27,35.96,117.48,1530.29,624.78,68.32,116.53,223.87,118.21,133.56,9.56
7200.0,15.53,31.94,36.22,120.68,1499.23,612.29,65.3,116.85,223.38,118.44,133.63,9.18
7201.73,13.14,19.38,42.0,144.62,1706.06,614.03,66.86,137.39,204.93,114.7,133.33,5.74
7202.74,13.53,19.29,37.79,135.39,1698.49,613.6,78.54,137.48,206.29,115.84,134.05,5.74
7203.75,15.9,24.52,42.94,136.08,1700.76,611.23,72.84,132.24,206.84,116.76,135.08,4.98
7204.76,20.19,27.82,36.53,128.0,1717.43,598.76,70.67,128.95,201.0,117.44,136.0,4.98
7205.77,17.46,29.44,38.18,124.8,1715.91,595.74,72.93,127.33,199.53,118.21,137.37,4.6
7206.79,18.69,33.01,42.15,126.74,1727.27,597.9,72.27,123.76,200.1,118.63,137.33,4.6
7207.8,17.2,30.76,37.38,125.71,1709.09,586.49,72.65,118.01,199.04,118.93,137.22,4.6
7208.81,20.32,30.96,42.44,132.38,1720.46,592.73,75.19,116.8,199.72,119.27,137.25,4.22
7209.82,20.92,30.96,40.84,117.21,1715.15,599.4,72.89,116.8,200.82,119.69,137.41,4.22
7210.83,20.76,30.74,35.14,134.63,1758.34,615.54,73.45,121.02,200.79,120.08,137.64,3.84
7211.84,18.36,30.37,35.55,126.59,1737.88,611.45,72.56,126.4,200.12,120.46,137.86,3.84
7212.85,23.44,29.99,36.39,135.01,1742.43,614.46,75.33,126.77,200.64,120.76,138.17,3.84
7213.86,24.73,30.83,33.15,134.9,1739.4,610.8,71.9,125.94,200.95,120.91,138.32,3.84
7214.87,20.34,30.69,34.17,137.91,1756.06,614.89,67.85,126.08,201.35,121.22,138.44,3.46
7215.88,20.06,31.06,34.26,134.97,1765.16,615.54,67.61,125.71,201.84,121.41,138.44,3.46
7216.89,28.43,30.18,33.61,134.14,1764.4,614.89,69.31,126.59,202.33,121.64,138.47,3.08
7217.9,25.07,30.74,40.3,138.37,1765.91,616.4,68.46,126.03,202.71,121.83,138.51,3.08
7218.91,21.91,31.57,36.37,136.35,1765.16,616.18,70.62,125.2,203.51,122.06,138.55,3.08
7219.92,20.21,31.11,36.42,128.49,1753.79,613.39,72.51,125.66,204.32,122.21,138.59,3.08
7220.93,21.13,31.25,34.37,138.44,1775.76,617.69,72.93,125.52,204.92,122.32,138.63,2.69
7221.94,19.45,31.06,38.79,135.36,1771.97,620.49,74.44,125.71,206.15,122.59,138.66,2.69
7222.95,22.6,30.6,35.81,129.03,1772.73,615.54,74.49,126.17,205.95,122.71,138.66,2.31
7223.96,18.54,31.01,33.45,128.46,1775.0,618.12,71.85,125.75,206.58,122.86,138.7,2.31
7224.97,23.62,30.55,36.22,139.82,1779.55,615.54,72.74,126.22,206.69,122.86,138.74,1.93
7225.98,19.12,30.37,38.82,128.57,1770.46,611.45,72.93,126.4,208.4,122.9,138.82,1.93
7226.99,20.55,30.64,32.34,132.31,1784.85,615.54,71.14,126.12,207.98,122.82,138.97,1.93
7228.0,18.26,30.32,36.39,139.4,1782.58,616.4,73.87,126.45,206.36,121.1,137.9,1.17
7229.01,23.18,31.2,39.55,135.62,1772.73,613.82,76.13,125.57,206.85,121.49,137.94,0.79
7230.02,21.16,32.36,33.18,141.0,1800.76,621.78,69.64,124.41,206.93,121.87,138.05,1.17
7231.03,19.86,30.46,30.88,147.14,1800.76,619.41,75.43,126.31,207.02,122.06,138.13,0.79
7232.04,17.73,30.41,33.71,139.4,1784.1,619.63,76.09,126.35,206.92,122.36,138.21,0.79
7233.05,19.45,31.06,35.63,138.25,1773.49,615.32,74.72,125.71,205.79,122.36,138.28,0.79
7234.08,17.55,30.32,36.3,139.24,1776.52,610.37,69.17,126.45,201.65,122.44,138.36,0.41
7235.09,18.83,30.27,31.9,139.47,1770.46,608.87,68.55,126.49,201.91,122.52,138.47,0.41
7236.1,16.68,30.83,34.94,135.01,1779.55,612.96,68.55,125.94,202.94,122.59,138.51,0.41
7237.11,19.56,31.11,32.39,135.17,1782.58,612.74,67.61,125.66,203.85,122.59,138.59,0.41
7238.12,18.09,30.74,32.59,134.67,1774.25,614.03,69.59,126.03,204.98,122.59,138.63,0.41
7239.13,18.55,31.11,30.69,145.12,1770.46,613.17,70.81,125.66,206.65,122.55,138.66,0.03
7240.14,18.18,31.01,32.05,146.37,1784.1,618.55,75.33,125.75,207.41,122.52,138.66,0.41
7241.15,18.84,29.99,31.84,143.93,1772.73,614.25,77.36,126.77,207.59,122.74,138.7,0.41
7242.16,19.24,30.23,31.7,148.13,1782.58,615.11,76.09,126.54,207.95,122.74,138.74,0.03
7243.17,20.2,31.62,34.41,152.4,1794.7,617.9,77.45,125.15,207.89,122.82,138.78,0.03
7244.18,19.45,29.21,33.15,150.57,1784.85,616.61,76.09,127.56,208.51,122.9,138.82,0.03
7245.19,18.73,31.25,32.05,152.21,1777.28,615.97,76.46,125.52,208.95,122.9,138.86,-0.36
7246.2,21.13,30.64,34.11,144.16,1774.25,616.61,76.32,126.12,209.42,122.93,138.89,-0.36
7247.21,19.66,30.88,33.26,141.23,1767.43,615.11,75.76,125.89,209.76,122.93,138.89,-0.36
7248.22,19.86,31.52,39.41,149.58,1762.88,614.46,75.43,125.24,210.07,123.13,138.86,0.03
7249.23,20.21,30.41,33.62,139.21,1768.19,615.97,75.76,126.35,210.27,123.13,138.86,-0.36
7250.24,18.65,31.25,35.8,131.66,1771.97,617.26,76.7,125.52,210.09,123.13,138.86,-0.36
7251.25,21.92,31.9,39.7,141.88,1792.43,620.49,76.98,124.87,209.51,123.2,138.86,-0.74
7252.26,17.57,30.27,30.43,149.42,1784.1,619.84,76.13,126.49,209.32,123.13,138.82,-0.74
7253.27,22.03,30.55,30.17,133.87,1770.46,615.75,74.3,126.22,209.26,123.09,138.86,-0.74
7254.28,17.91,30.64,27.58,140.46,1775.0,617.04,70.15,126.12,209.62,123.16,138.86,-0.74
7255.29,20.19,30.41,30.58,144.32,1776.52,615.97,75.71,126.35,209.34,123.24,138.82,-0.74
7256.3,17.73,30.83,32.8,138.06,1762.88,616.18,74.96,125.94,210.28,123.2,138.82,-0.74
7257.31,19.22,30.88,40.02,138.9,1756.06,608.22,75.52,125.89,206.13,123.13,138.82,-0.74
7258.32,18.55,29.9,35.2,136.73,1693.94,651.9,80.18,126.86,206.46,122.13,138.17,-1.12
7259.33,16.76,31.48,36.34,139.97,1679.54,647.81,79.15,125.29,206.28,122.74,138.32,-1.12
7260.34,16.22,30.23,31.14,130.55,1693.18,642.0,77.08,126.54,207.06,123.16,138.44,-1.12
7261.35,16.52,31.01,30.02,132.84,1646.97,620.7,77.12,125.75,208.05,123.39,138.55,-1.12
7262.36,15.74,30.27,33.73,138.56,1640.15,613.6,75.8,126.49,208.33,123.47,138.63,-1.12
7263.37,14.57,30.97,31.78,140.69,1689.39,617.04,77.12,125.8,209.08,123.51,138.66,-1.12
7264.38,17.69,30.88,31.35,143.48,1678.03,612.31,76.79,125.89,209.18,123.43,138.74,-1.12
7265.39,14.48,30.88,34.09,138.56,1693.18,612.1,76.65,125.89,209.45,123.47,138.82,-1.5
7266.4,16.37,30.18,37.35,139.82,1686.36,608.01,76.13,126.59,209.59,123.39,138.78,-1.5
7267.41,18.63,30.41,35.52,143.44,1700.76,603.92,75.95,126.35,207.48,123.24,138.74,-1.5
7268.42,16.9,29.53,34.9,139.93,1707.58,603.27,73.54,127.24,206.78,123.09,138.63,-1.5
7269.42,18.73,31.01,24.59,150.61,1745.46,606.93,76.23,125.75,206.62,122.97,138.59,-1.12
7270.43,12.98,30.04,31.8,142.83,1765.16,609.08,77.12,126.73,206.81,122.74,139.01,-1.5
7271.44,20.44,30.88,32.33,142.49,1753.03,609.3,76.75,125.89,207.06,122.74,139.31,-1.12
7272.45,16.29,30.6,33.03,142.49,1744.7,610.59,76.23,126.17,206.97,123.01,139.31,-1.12
7273.46,19.12,29.99,33.64,139.4,1739.4,611.02,74.77,126.77,206.72,123.16,139.16,-1.5
7274.47,17.07,30.55,33.44,144.09,1743.94,613.17,68.13,126.22,205.95,123.16,139.05,-1.5
7275.48,15.8,30.97,37.35,134.75,1742.43,611.67,68.88,125.8,204.68,123.28,138.97,-1.5
7276.49,15.6,30.04,29.2,147.94,1743.18,608.65,67.61,126.73,203.5,123.2,138.86,-1.5
7277.5,16.38,31.06,30.46,146.68,1744.7,613.6,67.89,125.71,205.3,123.35,138.82,-1.12
7278.51,18.08,30.69,37.06,139.55,1741.67,607.36,68.36,126.08,202.03,123.28,138.74,-1.5
7279.52,14.42,29.99,31.63,144.77,1735.61,606.29,72.18,126.77,202.5,123.32,138.7,-1.5
7280.53,21.38,30.92,25.71,152.66,1752.28,607.58,74.44,125.84,203.18,123.32,138.63,-1.5
7281.54,16.52,31.01,25.03,153.73,1760.61,611.67,76.94,125.75,203.73,123.28,138.59,-1.5
7282.55,17.38,30.55,33.8,135.66,1759.09,612.1,71.94,126.22,205.03,123.13,138.59,-1.12
7283.56,17.56,31.25,25.61,158.12,1745.46,610.16,73.12,125.52,206.06,123.01,138.59,-1.5
7284.57,16.3,30.41,35.75,141.99,1724.24,622.64,74.86,126.35,205.87,122.97,138.51,-1.5
7285.58,17.07,30.41,32.97,138.02,1682.58,639.2,72.46,126.35,205.07,123.28,138.63,-1.5
7286.59,17.06,29.9,35.6,147.17,1536.35,617.9,75.38,126.86,205.1,123.62,138.78,-1.5
7287.6,17.9,27.68,38.43,150.64,1608.33,600.69,75.48,128.9,206.98,118.93,137.22,-1.88
7288.61,23.4,30.46,30.82,162.35,1661.36,605.21,74.39,126.12,206.83,119.43,137.06,-1.5
7289.62,16.29,30.13,35.6,135.09,1705.3,612.96,76.13,126.45,204.18,119.85,137.06,-1.88
7290.63,19.44,31.06,30.66,138.33,1715.15,606.5,76.65,125.52,201.9,120.27,137.14,-1.5
7291.64,17.99,30.18,28.89,149.04,1729.55,605.64,76.98,126.4,202.15,120.49,137.22,-1.88
7292.65,17.73,31.71,23.65,154.95,1737.12,605.21,75.33,124.87,202.67,120.76,137.25,-1.5
7293.66,15.6,31.2,32.18,135.51,1664.39,629.74,74.06,125.38,203.29,121.03,137.37,-1.88
7294.67,16.9,30.83,30.08,135.93,1626.51,620.7,74.39,125.75,203.79,121.26,137.48,-1.5
7295.68,17.56,31.25,33.18,143.74,1623.48,616.4,76.13,125.33,204.38,121.45,138.21,-1.88
7296.69,16.37,29.53,32.74,135.66,1624.24,620.7,78.68,127.05,204.87,121.71,138.63,-1.88
7297.7,16.44,31.39,32.33,160.59,1622.72,620.49,79.05,125.2,205.54,122.1,138.63,-1.88
7298.71,16.9,30.97,38.24,134.44,1604.54,621.99,78.58,125.61,205.83,122.36,138.59,-1.88
7299.72,15.2,29.9,32.66,136.8,1607.57,624.79,78.68,126.68,206.17,122.52,138.44,-1.5
7300.73,15.87,30.92,25.58,154.84,1587.12,620.92,76.46,125.66,206.83,122.55,138.44,-1.5
7301.73,16.45,29.76,23.63,150.87,1593.93,622.42,76.13,126.82,207.19,122.67,138.36,-1.5
7302.74,16.45,29.67,32.95,157.74,1531.05,606.5,73.17,126.91,207.52,122.63,138.4,-1.5
7303.75,17.14,30.55,29.59,144.32,1537.11,608.01,67.23,126.03,207.93,122.63,138.32,-1.12
7304.76,16.37,31.76,31.34,142.71,1539.39,607.36,67.52,124.82,206.81,122.55,138.28,-1.12
7305.77,17.73,30.18,34.12,136.5,1537.11,606.5,66.01,126.4,206.15,122.55,138.28,-1.12
7306.78,14.29,30.5,26.84,156.17,1541.66,606.07,73.21,126.08,205.53,122.4,138.25,-1.12
7307.79,17.89,30.13,37.73,137.3,1535.6,599.4,73.17,126.45,202.99,122.29,138.21,-1.5
7308.8,16.9,30.18,40.89,131.43,1554.54,602.41,72.41,126.4,203.14,122.32,138.05,-1.12
7309.81,20.53,30.27,43.76,145.0,1543.93,597.9,74.3,126.31,203.02,122.25,137.94,-1.12
7310.82,21.89,30.37,32.19,155.37,1596.96,608.22,75.05,126.22,203.32,122.13,137.94,-1.12
7311.85,22.73,32.22,28.57,159.37,1618.18,608.87,75.1,124.36,204.21,122.21,138.05,-0.74
7312.86,26.15,32.17,33.42,155.45,1631.81,618.33,68.18,124.41,204.51,122.17,138.09,-1.12
7313.87,22.87,31.29,35.22,129.45,1621.97,615.97,68.08,125.29,204.42,122.21,138.13,-1.12
7314.88,23.9,32.78,37.44,132.8,1618.18,615.11,69.4,123.8,205.59,122.25,138.13,-1.12
7315.89,25.43,32.59,32.97,134.25,1625.75,616.4,68.79,123.99,206.86,122.21,138.17,-1.12
7316.92,33.1,32.45,30.14,132.31,1623.48,618.12,70.48,124.13,207.16,122.17,138.21,-1.12
7317.93,22.3,31.94,34.58,134.17,1619.69,614.89,75.1,124.64,207.46,122.25,138.17,-1.12
7318.96,29.62,31.06,33.58,158.57,1643.94,609.73,72.27,125.52,207.31,122.21,138.17,-0.74
7319.96,55.48,24.57,34.82,163.84,1489.38,619.63,74.63,129.41,207.24,119.92,137.33,-0.36
7320.98,30.7,25.03,36.91,159.72,1456.8,632.1,74.3,128.95,207.23,120.34,137.37,-0.36
7321.99,32.24,29.07,38.85,131.16,1408.32,620.27,74.82,124.92,207.68,120.49,137.33,-0.74
7323.0,26.14,30.18,32.77,143.51,1421.2,616.61,73.87,123.8,208.45,120.8,137.33,-0.36
7324.01,28.71,30.27,36.07,133.14,1429.53,615.32,76.65,123.71,208.37,120.91,137.37,-0.36
7325.02,24.72,29.9,37.27,136.84,1437.86,606.72,76.23,124.08,205.22,120.95,137.41,-0.36
7326.03,17.64,30.55,35.13,164.22,1453.77,602.63,77.17,123.43,205.22,120.95,137.33,0.03
7327.04,21.37,29.72,47.4,129.03,1439.38,599.4,75.19,124.27,205.51,120.95,137.29,0.03
7328.09,44.09,30.66,48.78,125.06,1502.26,607.58,75.9,120.7,205.43,120.95,137.37,0.03
7329.16,25.42,27.72,35.69,135.55,1412.86,618.12,75.19,138.64,206.72,121.22,137.64,0.79
7330.2,26.5,30.8,43.08,125.02,1426.5,614.03,75.24,120.56,206.88,121.26,137.67,0.79
7331.21,11.31,29.71,51.5,138.1,1389.38,627.16,75.43,127.65,208.28,121.49,137.86,1.17
7332.22,13.34,29.94,43.85,153.66,1403.01,614.89,74.3,127.42,209.03,121.64,137.79,1.93
7333.23,12.75,29.25,29.24,128.53,1418.17,606.29,72.32,128.12,209.21,121.56,138.59,2.31
7334.24,15.94,30.78,59.5,138.98,1481.05,615.75,74.49,126.59,208.22,121.71,138.28,2.69
7335.26,22.28,32.82,32.16,126.63,1487.11,612.1,74.25,124.55,208.42,121.94,138.21,2.31
7336.27,20.19,34.9,35.32,133.72,1495.44,617.04,77.5,122.46,208.35,121.91,138.25,2.69
7337.28,19.34,33.51,34.15,125.29,1481.05,612.74,77.59,123.85,208.78,121.94,138.25,2.69
7338.29,21.38,33.98,34.91,134.14,1436.35,598.97,75.1,123.39,209.21,121.87,138.17,2.69
7339.3,16.81,33.84,36.19,124.07,1247.7,544.54,72.08,123.53,209.45,121.68,137.98,2.69
7340.31,28.61,32.08,38.09,133.34,1102.24,501.08,68.32,125.29,209.7,121.49,137.75,3.08
7341.32,28.04,33.14,37.29,150.34,1709.85,614.88,74.44,124.22,207.41,119.35,136.95,4.22
7342.33,21.63,32.4,35.51,148.43,1711.36,617.03,75.15,124.96,207.2,119.54,137.64,4.22
7343.34,23.45,33.05,39.58,125.75,1698.49,616.38,76.42,124.31,207.09,119.81,137.56,4.22
7344.35,18.01,33.79,35.28,142.26,1701.52,615.09,77.59,123.57,207.08,120.08,137.41,4.22
7345.36,18.73,33.6,35.75,131.58,1672.73,617.89,78.07,123.76,207.23,120.23,137.41,4.22
7346.37,15.8,34.25,37.59,137.83,1670.45,618.97,77.69,123.11,207.53,120.38,137.37,4.6
7347.38,14.95,34.02,36.18,131.05,1663.63,618.11,78.07,123.34,207.57,120.53,137.33,4.6
7348.39,16.9,32.49,34.82,142.1,1662.88,618.75,78.11,124.87,207.41,120.61,137.44,4.6
7349.4,18.82,33.6,33.85,134.48,1657.57,615.09,76.94,123.76,207.5,120.65,137.52,4.98
7350.41,17.22,33.65,35.87,131.58,1663.63,617.89,77.03,123.71,207.78,120.65,137.52,4.6
7351.42,19.13,33.7,34.99,145.08,1662.88,613.8,76.56,123.67,208.14,120.69,137.6,4.98
7352.43,18.56,29.9,33.35,157.66,1665.15,615.31,76.98,125.98,206.81,118.7,136.3,5.36
7353.44,17.72,30.6,32.51,139.51,1653.79,612.08,76.79,125.29,206.86,118.89,136.3,5.36
7354.45,19.67,31.62,32.18,143.67,1663.63,612.29,75.99,124.27,206.82,119.08,136.38,5.36
7355.46,17.14,30.5,33.27,143.36,1665.91,612.94,75.99,125.38,206.81,119.2,136.49,5.36
7356.47,15.28,30.78,35.8,147.98,1667.42,612.29,75.57,125.1,207.09,119.31,136.64,5.36
7357.48,12.75,32.54,35.08,140.54,1668.18,614.23,74.16,123.34,208.18,119.39,136.64,5.36
7358.49,18.63,33.89,32.95,145.8,1672.73,613.37,74.53,122.0,208.44,119.54,136.72,5.36
7359.5,12.66,34.68,33.09,138.86,1650.0,603.25,76.94,121.21,205.65,119.77,136.8,5.36
7360.51,13.65,33.98,35.6,132.88,1650.0,598.51,73.83,121.9,206.36,119.81,136.91,5.36
7361.52,14.08,33.89,31.28,147.63,1734.09,620.47,75.43,122.0,206.45,119.81,137.06,5.74
7362.53,23.45,34.63,35.67,132.88,1725.76,614.88,79.57,121.26,206.38,119.88,137.06,5.74
7363.53,17.9,33.15,34.47,130.21,1700.76,617.46,75.48,122.74,206.7,119.92,137.1,5.74
7364.54,21.0,33.8,33.1,137.03,1721.97,619.4,76.94,122.09,206.57,119.92,137.14,6.13
7365.55,21.12,34.63,34.24,140.39,1717.43,620.04,77.12,121.26,206.74,119.96,137.18,5.74
7366.56,21.38,35.51,36.46,135.51,1723.49,622.2,77.69,120.37,206.51,120.04,137.25,6.13
7367.57,16.52,35.84,34.76,136.19,1712.88,618.75,76.94,120.05,207.73,120.08,137.25,6.51
7368.58,15.02,34.82,37.74,131.81,1713.64,619.61,77.78,121.07,208.42,120.08,137.29,6.51
7369.59,17.99,34.12,29.18,146.91,1726.52,619.61,77.55,121.76,208.75,120.11,137.29,6.89
7370.6,19.22,33.7,36.42,139.51,1721.97,621.98,75.99,122.18,210.38,120.15,137.33,6.51
7371.61,17.47,34.31,34.78,134.48,1719.7,612.29,75.99,121.58,210.65,120.19,137.33,7.27
7372.62,17.48,35.47,37.12,131.66,1718.94,617.03,76.28,120.42,211.1,120.19,137.29,7.27
7373.63,20.3,35.19,38.79,136.42,1720.46,615.31,76.51,120.7,211.39,120.19,137.22,7.27
7374.64,22.17,34.96,35.81,141.76,1731.82,614.88,76.65,120.93,211.67,120.15,137.22,7.65
7375.65,22.86,34.96,33.59,132.61,1743.18,618.54,75.62,120.93,211.42,120.27,137.22,8.41
7376.66,24.23,35.33,32.81,134.56,1744.7,617.24,78.72,120.56,211.33,120.34,137.25,8.41
7377.67,23.6,35.19,31.77,127.27,1737.88,614.02,77.08,120.7,210.87,120.27,137.25,8.03
7378.68,25.9,34.58,33.58,131.77,1743.94,615.74,77.45,121.3,210.64,120.3,137.29,8.41
7379.69,19.43,34.26,32.63,137.19,1716.67,621.34,76.7,121.63,210.11,120.3,137.25,8.41
7380.7,21.63,35.19,36.86,138.98,1696.21,632.53,76.79,120.7,209.85,120.61,137.37,8.79
7381.71,16.67,34.72,37.64,130.51,1643.94,648.25,79.67,121.16,209.72,120.95,137.44,8.41
7382.71,17.47,35.42,41.42,133.68,1654.54,643.3,78.3,120.47,209.96,120.99,137.64,8.79
7383.72,18.45,35.33,32.81,131.62,1645.45,617.68,72.6,120.56,210.82,119.01,136.99,8.79
7384.73,14.26,34.91,37.15,133.72,1651.51,615.95,70.62,120.98,210.72,119.39,136.91,8.79
7385.74,17.23,34.54,32.94,137.91,1659.85,611.86,71.0,121.35,210.77,119.5,136.87,8.41
7386.75,15.14,35.37,39.09,137.49,1653.03,610.57,71.66,120.51,210.93,119.66,136.8,8.03
7387.76,17.99,35.56,35.32,131.01,1663.63,610.79,71.66,120.33,210.79,119.69,136.72,8.03
7388.77,14.53,34.63,32.01,137.11,1696.21,615.31,70.34,121.26,211.04,119.77,136.72,7.65
7389.78,18.54,33.84,38.41,144.51,1702.27,614.88,71.99,122.04,211.28,119.81,136.68,7.65
7390.79,17.4,34.63,34.41,140.69,1711.36,617.03,70.95,121.26,211.22,119.81,136.8,7.65
7391.8,17.99,35.09,36.28,136.31,1700.0,612.94,72.65,120.79,211.3,119.92,137.29,7.27
7392.81,15.2,34.96,35.08,140.5,1708.33,614.23,72.04,120.93,211.24,120.15,137.41,7.65
7393.81,14.95,35.98,37.24,134.29,1707.58,615.95,72.08,119.91,211.5,120.27,137.56,7.65
7394.82,13.61,35.0,39.17,132.92,1709.85,618.32,74.16,120.88,213.04,120.38,137.41,7.65
7395.83,13.33,35.14,32.07,135.39,1684.85,614.66,71.66,120.75,213.48,120.42,137.33,7.27
7396.84,14.69,34.31,31.72,140.77,1699.24,618.11,70.86,121.58,214.45,120.38,137.37,8.03
7397.85,13.21,34.58,37.77,130.7,1700.0,618.32,72.37,121.3,214.55,120.46,137.25,7.65
7398.86,15.08,35.37,34.47,139.24,1721.97,622.41,80.75,120.51,214.69,120.53,137.22,7.65
7399.87,13.02,35.51,35.6,140.05,1713.64,621.12,73.12,120.37,214.91,120.49,137.22,8.03
7400.88,15.2,34.82,32.91,134.59,1705.3,616.6,73.17,121.07,215.67,120.49,137.22,8.03
7401.89,15.2,35.74,35.0,141.72,1715.91,620.26,73.83,120.14,215.75,120.57,137.22,8.03
7402.9,16.98,34.68,38.44,134.06,1717.43,617.89,75.95,121.21,216.15,120.46,137.14,8.03
7403.91,18.17,34.68,37.54,140.62,1714.4,616.17,72.98,121.21,216.87,120.34,137.06,8.03
7404.92,20.19,34.26,38.85,139.05,1715.15,615.74,73.92,121.63,216.93,120.3,137.03,8.03
7405.93,19.43,34.12,33.47,131.85,1718.94,614.66,74.86,121.76,217.55,120.19,137.06,8.03
7406.94,14.19,35.79,34.3,148.51,1720.46,614.23,76.46,120.1,217.51,120.15,137.22,7.65
7407.95,16.45,34.4,35.83,130.4,1705.3,613.37,75.85,121.49,217.58,120.27,137.18,8.03
7408.96,17.66,35.05,34.26,133.49,1715.91,614.88,75.66,120.84,217.67,120.34,137.25,8.03
7409.97,19.43,35.23,36.36,132.69,1721.97,616.17,74.16,120.65,217.53,120.34,137.33,7.65
7410.98,19.66,35.19,35.16,127.65,1715.91,613.8,76.65,120.7,217.46,120.38,137.33,8.03
7411.99,23.75,35.33,32.46,135.7,1710.61,616.81,76.09,120.56,217.2,120.42,137.33,8.03
7412.99,21.0,34.96,42.01,133.95,1695.45,625.64,76.37,120.93,216.44,120.53,137.33,8.03
7414.0,19.64,35.33,34.7,128.8,1654.54,632.96,78.77,120.56,215.9,120.72,137.41,8.03
7415.02,17.14,34.58,34.53,126.66,1643.94,626.93,76.04,121.3,216.7,119.01,136.95,8.41
7416.03,14.66,35.33,34.65,126.17,1646.97,623.49,76.18,120.56,220.73,118.93,136.95,8.41
7417.04,16.29,34.91,36.01,120.87,1641.66,617.46,78.11,120.98,222.75,119.01,136.99,8.79
7418.05,15.87,35.65,35.57,127.73,1654.54,615.74,74.96,120.24,223.51,119.24,136.91,9.56
7419.06,17.9,35.09,32.97,129.9,1665.15,614.66,72.84,120.79,224.27,119.43,136.87,9.56
7420.07,15.08,35.14,32.01,129.79,1664.39,611.22,76.28,120.75,225.86,119.54,136.91,9.94
7421.08,18.0,35.09,35.17,130.36,1671.97,611.43,76.7,120.79,230.95,119.01,136.87,10.32
7422.09,16.15,34.63,32.86,150.64,1682.58,607.56,77.5,121.26,236.27,118.47,136.87,10.32
7423.1,17.81,35.37,38.2,127.16,1750.0,620.26,77.08,120.51,232.57,118.21,136.83,10.32
7424.11,15.46,35.19,33.59,134.14,1735.61,611.0,76.98,120.7,230.05,118.51,137.06,10.32
7425.12,19.45,33.89,31.96,143.36,1787.13,620.47,76.28,122.0,231.11,119.24,137.48,10.7
7426.13,15.73,35.14,34.06,132.92,1771.97,618.54,73.87,120.75,231.66,119.54,137.48,10.32
7427.14,18.08,35.0,41.06,132.12,1768.19,619.83,76.04,120.88,231.85,119.81,137.48,10.7
7428.14,16.98,35.65,32.74,132.46,1774.25,621.55,74.63,120.24,231.83,120.04,137.52,10.7
7429.15,19.03,35.33,36.65,129.14,1761.37,620.26,77.08,120.56,231.68,120.23,137.52,10.7
7430.16,15.59,34.86,35.93,134.21,1776.52,626.29,78.35,121.02,231.16,120.42,137.52,10.7
7431.17,21.25,35.56,36.21,131.96,1715.15,613.58,75.8,120.33,230.85,120.49,137.48,10.7
7432.18,18.92,35.7,34.17,145.92,1712.88,613.58,75.38,120.19,230.53,120.57,137.44,11.08
7433.19,14.59,36.39,36.48,127.54,1701.52,614.23,77.36,119.49,231.0,120.49,137.41,10.7
7434.21,12.44,34.86,36.65,136.23,1740.91,620.91,78.02,121.02,231.13,120.53,137.44,10.7
7435.22,14.48,34.82,36.74,131.62,1761.37,625.0,74.77,121.07,232.62,120.49,137.37,11.08
7436.23,15.73,34.77,32.68,134.82,1724.24,619.61,73.83,121.12,230.17,119.92,137.29,11.08
7437.23,15.53,35.14,36.49,140.96,1728.03,615.74,76.56,120.75,229.56,120.08,137.14,11.08
7438.24,13.61,36.02,34.53,130.74,1735.61,622.2,71.24,119.86,229.22,120.72,136.99,11.08
7439.25,13.12,35.93,35.38,123.5,1728.79,613.58,76.42,119.96,228.67,120.61,136.95,11.08
7440.26,13.36,35.28,34.99,130.17,1734.09,613.37,78.58,120.61,227.09,120.04,136.99,11.08
7440.8,1.36,8.28,34.99,130.17,400.09,613.37,78.58,120.61,227.09,120.04,136.99,11.08
7441.27,1.78,7.42,54.44,136.73,362.8,282.21,47.6,140.87,214.6,102.19,124.14,9.94
7442.28,1.79,9.74,59.43,138.83,405.23,282.21,46.7,138.55,214.22,102.08,123.15,9.94
7443.29,2.29,10.25,58.45,156.78,388.56,282.43,53.39,138.04,218.21,102.16,131.84,9.94
7444.3,1.58,9.32,59.11,159.64,321.13,282.43,51.65,138.96,218.45,105.59,127.11,9.94
7445.31,1.62,9.78,60.25,166.01,343.1,282.43,46.8,138.5,220.74,104.56,124.79,9.94
7446.32,1.41,9.87,59.2,159.95,349.92,282.43,50.99,138.41,219.52,103.3,127.04,10.32
7447.33,1.41,12.75,60.72,161.55,336.28,292.76,52.45,135.53,217.95,104.33,126.39,11.84
7448.34,1.3,11.82,60.43,158.27,357.5,294.27,50.38,136.46,217.46,103.64,124.56,11.84
7449.35,1.04,11.22,59.3,162.46,344.62,283.5,52.12,137.06,218.99,103.49,126.54,11.08
7450.36,1.48,12.89,57.72,176.91,338.56,282.64,45.67,135.39,204.59,103.34,124.37,9.94
7451.38,4.78,12.1,55.96,162.12,340.83,282.64,48.68,136.18,209.49,102.96,123.8,10.32
7452.39,0.98,12.24,58.71,175.12,345.38,283.07,51.08,136.04,219.75,102.27,123.03,8.79
7453.39,1.46,13.4,58.33,171.65,352.95,282.21,46.84,134.88,219.23,102.19,122.04,5.74
7454.4,0.71,14.14,64.79,175.01,368.86,282.0,52.45,134.14,218.87,101.97,122.08,2.31
7455.41,1.36,14.93,63.67,181.68,369.62,281.78,51.88,133.35,218.89,102.54,121.7,1.55
7456.42,1.11,13.49,69.25,165.67,325.68,281.78,52.07,134.79,220.94,101.78,121.93,1.55
7457.44,1.7,14.19,63.49,181.45,305.22,281.57,50.14,134.1,221.53,103.38,122.65,0.79
7458.45,1.28,14.14,65.61,174.66,363.56,281.57,52.97,134.14,222.18,103.41,124.14,1.17
7459.46,1.41,16.04,66.34,161.36,336.28,281.57,54.14,132.24,223.04,103.87,124.67,3.08
7460.46,3.69,10.25,33.36,164.1,1719.7,609.06,72.74,148.93,215.73,118.32,138.55,4.98
7461.48,42.65,22.25,38.36,148.01,1735.61,608.42,72.93,136.92,215.72,118.44,138.63,5.36
7462.49,35.74,30.32,41.79,151.25,1742.43,606.05,73.45,128.86,215.97,118.55,138.74,5.74
7463.5,15.13,31.48,40.87,155.3,1750.76,609.28,75.24,127.7,216.45,118.89,139.01,6.51
7464.51,16.51,31.39,41.04,151.98,1744.7,607.34,75.62,127.79,216.61,119.27,139.35,7.27
7465.52,13.55,29.3,41.33,147.75,1750.0,607.34,77.69,129.88,216.86,119.73,139.54,7.65
7466.53,13.91,31.11,38.75,143.44,1766.67,609.92,75.76,128.07,217.97,120.15,139.81,8.03
7467.54,14.47,28.74,38.91,145.8,1756.82,609.92,74.2,130.43,218.2,120.49,140.23,8.03
7468.55,15.92,29.3,37.33,148.39,1765.16,610.14,72.04,129.88,217.89,120.8,140.53,8.03
7469.55,13.2,28.97,37.7,142.14,1729.55,600.23,72.56,130.2,218.12,121.14,140.57,8.03
7470.56,14.47,29.39,38.82,143.78,1762.13,609.06,70.62,129.79,218.24,121.3,140.19,7.65
7471.57,14.36,29.53,38.08,148.39,1760.61,607.13,67.71,129.65,217.99,121.37,140.15,7.65
7472.58,15.15,29.86,36.77,152.74,1758.34,605.83,74.58,129.32,218.27,121.45,140.19,7.65
7473.59,16.97,29.9,34.73,154.08,1786.37,611.0,74.63,129.28,218.98,121.45,140.19,6.89
7474.6,14.19,30.32,36.97,155.68,1779.55,609.28,71.94,128.86,219.83,121.75,140.23,6.89
7475.61,18.73,29.02,35.17,155.98,1779.55,609.92,72.41,130.16,220.19,121.75,140.34,7.27
7476.62,18.0,28.79,38.23,153.01,1777.28,609.92,69.87,130.39,221.69,121.75,140.42,6.89
7477.63,17.96,29.05,39.78,171.16,1752.28,611.0,77.26,140.12,226.01,118.78,139.5,6.13
7478.65,16.59,29.62,32.65,157.81,1756.06,605.19,74.25,129.55,225.76,119.05,139.62,5.74
7479.66,10.85,28.88,30.61,155.64,1746.97,602.82,74.77,130.3,227.69,119.62,139.58,5.74
7480.67,14.59,30.09,36.31,152.47,1797.73,611.43,76.18,129.09,228.59,119.81,139.58,5.74
7481.68,20.21,29.62,33.29,163.0,1787.88,608.42,76.46,129.55,229.7,120.04,139.62,5.74
7482.69,25.62,30.09,30.41,167.57,1793.95,611.65,75.95,129.09,229.96,120.11,139.62,5.36
7483.7,14.14,29.53,35.83,158.88,1769.7,608.63,73.73,129.65,231.45,120.15,139.58,5.36
7484.71,14.66,30.6,39.44,165.67,1778.04,607.56,75.43,128.58,231.91,120.08,139.54,5.36
7485.72,9.08,29.99,32.54,154.76,1754.55,602.82,74.91,129.18,232.9,120.11,139.47,5.36
7486.73,14.37,29.11,33.51,156.17,1774.25,605.83,75.71,130.06,233.55,120.15,139.39,5.74
7487.74,18.27,30.27,33.79,155.14,1764.4,603.9,69.26,128.9,234.25,120.19,139.27,5.36
7488.75,14.95,29.3,33.29,156.32,1774.25,606.05,67.94,129.88,235.47,120.15,139.27,5.74
7489.76,18.42,29.72,31.69,156.74,1798.49,609.71,69.21,129.46,235.93,120.11,139.16,5.74
7490.77,26.14,29.67,32.75,158.31,1796.98,609.71,67.75,129.51,236.31,120.11,139.12,5.36
7491.78,29.09,30.04,31.69,157.62,1803.04,611.0,68.84,129.14,237.07,120.11,139.05,5.36
7492.79,20.43,29.67,34.99,151.56,1786.37,608.85,68.13,129.51,237.65,120.08,139.05,5.36
7493.8,19.79,29.21,34.72,154.65,1787.88,609.28,74.86,129.97,238.96,120.11,139.01,5.36
7494.81,14.17,29.76,34.23,149.61,1782.58,609.92,74.77,129.41,239.95,119.92,139.01,5.36
7495.82,16.22,30.09,31.89,158.8,1787.13,610.79,78.07,129.09,239.79,120.08,138.97,5.36
7496.83,12.12,30.04,33.12,159.22,1781.82,607.99,76.7,129.14,237.87,120.23,138.97,5.36
7497.84,10.69,29.35,34.24,162.39,1784.85,601.53,76.18,129.83,236.9,120.34,138.97,4.98
7498.85,9.27,30.6,35.23,159.49,1790.91,602.82,76.65,128.58,237.88,120.42,138.89,4.6
7499.86,11.09,29.76,34.29,158.84,1764.4,619.83,73.5,129.41,239.86,120.53,138.93,4.22
7500.87,13.31,30.18,36.86,157.16,1693.94,642.22,73.5,129.0,240.08,120.99,139.08,4.22
7501.88,12.07,29.81,38.73,153.5,1637.12,632.53,75.66,129.37,239.55,121.07,139.16,3.84
7502.89,14.47,29.72,37.42,155.03,1646.21,629.3,76.28,129.46,241.73,121.1,139.12,3.84
7503.9,12.66,30.46,36.02,159.45,1661.36,625.64,74.82,128.72,242.14,121.1,139.12,3.84
7504.91,12.83,31.01,34.61,161.09,1687.12,620.47,78.82,128.16,242.26,121.07,139.05,3.46
7505.92,8.72,30.97,36.25,160.79,1699.24,615.31,77.92,128.21,242.74,120.95,138.93,3.08
7506.93,9.66,30.5,37.77,155.14,1669.7,625.64,78.3,128.67,240.82,121.03,138.97,3.08
7507.94,11.87,29.76,36.84,156.17,1631.81,636.19,77.03,129.41,237.14,120.95,139.12,3.08
7508.95,14.53,30.41,37.22,154.53,1636.36,633.39,75.0,128.77,236.77,120.88,139.12,3.08
7509.96,14.19,29.44,34.84,158.08,1646.21,628.66,76.28,129.74,236.92,120.8,139.5,3.08
7510.97,13.67,30.5,29.76,173.52,1661.36,623.92,76.84,128.67,236.88,120.8,139.77,3.08
7511.98,11.74,30.5,34.59,156.1,1703.03,613.8,75.48,128.67,239.45,119.12,138.09,2.69
7513.01,17.0,30.78,30.66,160.82,1721.97,604.54,76.04,128.39,239.42,119.31,137.98,2.69
7514.02,22.44,30.27,32.89,156.29,1699.24,608.42,75.48,128.9,239.32,119.47,138.02,2.69
7515.03,16.52,30.64,33.73,169.06,1700.76,605.83,75.19,128.53,239.64,119.47,138.51,2.69
7516.04,14.72,30.64,37.68,157.85,1712.88,608.85,75.62,128.53,238.83,119.66,138.4,3.08
7517.05,13.97,29.44,38.06,155.91,1715.15,608.85,74.82,129.74,237.81,119.66,138.44,3.08
7518.06,12.61,30.18,37.22,154.61,1710.61,609.06,75.48,129.0,237.02,119.73,138.32,3.46
7519.07,13.6,30.09,36.92,155.49,1715.91,610.57,75.29,129.09,236.64,119.69,138.36,3.46
7520.08,13.31,30.27,41.89,163.72,1712.88,610.35,74.82,128.9,236.43,119.73,138.32,3.46
7521.09,12.19,29.9,37.09,147.94,1718.94,611.65,74.86,129.28,236.67,119.73,138.25,3.46
7522.1,13.77,30.78,29.8,161.01,1717.43,608.85,70.25,128.39,237.16,119.66,138.25,3.84
7523.11,12.39,31.15,35.49,150.72,1718.18,607.99,75.8,128.02,236.83,119.81,138.32,4.22
7524.12,14.31,31.06,33.19,153.12,1721.97,605.62,74.25,128.12,237.37,119.85,138.36,4.22
7525.13,13.42,31.01,30.73,162.31,1726.52,608.42,77.26,128.16,237.72,119.96,138.32,4.6
7526.13,15.2,31.15,35.2,152.97,1714.4,606.26,77.59,128.02,238.01,120.08,138.17,4.6
7527.15,11.96,30.23,34.5,152.66,1752.28,613.15,78.25,128.95,238.31,120.27,138.17,4.98
7528.17,14.47,31.48,29.55,161.62,1762.88,614.88,77.88,127.7,238.77,120.42,138.25,5.36
7529.18,13.5,30.69,36.94,148.59,1735.61,629.52,78.63,128.49,239.93,120.53,138.4,5.36
7530.19,14.65,29.99,38.12,148.59,1679.54,653.85,79.05,129.18,240.34,120.76,138.74,5.36
7531.2,12.88,30.92,35.89,148.24,1496.2,626.07,76.89,128.26,240.31,121.14,138.93,5.36
7532.21,10.81,30.55,34.91,152.25,1549.23,609.49,75.66,128.63,240.25,121.22,138.89,5.74
7533.22,13.51,30.23,34.78,150.91,1565.9,615.09,76.51,128.95,240.26,121.14,138.89,5.74
7534.23,12.62,29.95,34.72,153.73,1506.81,635.76,80.0,129.23,240.38,121.22,139.08,6.13
7535.24,14.72,31.06,36.49,145.0,1408.32,627.15,77.92,128.12,241.27,121.33,139.31,6.13
7536.25,12.97,30.6,34.06,148.66,1396.19,988.39,77.88,128.58,241.05,121.26,139.39,6.13
